game_id,home_team,away_team,period,market,book,pick,edge,line_value,predicted_value,fair_price,actual_total,actual_total_1h,actual_total_2h,actual_margin,actual_margin_1h,home_score,away_score,result,pnl_units
401823372,DePaul Blue Demons,Detroit Mercy Titans,2h,moneyline,FanDuel,Detroit Mercy Titans ML,83.37331903741543,1600.0,-4.21694803237915,182.6535763639376,,,,,,,,,
401823372,DePaul Blue Demons,Detroit Mercy Titans,2h,moneyline,Fanatics,Detroit Mercy Titans ML,82.3341514772539,1500.0,-4.21694803237915,182.6535763639376,,,,,,,,,
401823372,DePaul Blue Demons,Detroit Mercy Titans,2h,moneyline,DraftKings,Detroit Mercy Titans ML,79.81045883114733,1300.0,-4.21694803237915,182.6535763639376,,,,,,,,,
401823372,DePaul Blue Demons,Detroit Mercy Titans,2h,moneyline,BetMGM,Detroit Mercy Titans ML,77.387713890885,1150.0,-4.21694803237915,182.6535763639376,,,,,,,,,
401823372,DePaul Blue Demons,Detroit Mercy Titans,2h,moneyline,Bovada,Detroit Mercy Titans ML,77.387713890885,1150.0,-4.21694803237915,182.6535763639376,,,,,,,,,
401825386,Georgia Tech Yellow Jackets,West Georgia Wolves,2h,moneyline,Fanatics,West Georgia Wolves ML,76.85034557001808,1200.0,-4.885045051574707,200.945507589765,,,,,,,,,
401823372,DePaul Blue Demons,Detroit Mercy Titans,2h,moneyline,BetRivers,Detroit Mercy Titans ML,76.4455353030052,1100.0,-4.21694803237915,182.6535763639376,,,,,,,,,
401825386,Georgia Tech Yellow Jackets,West Georgia Wolves,2h,moneyline,FanDuel,West Georgia Wolves ML,74.92120770085292,1100.0,-4.885045051574707,200.945507589765,,,,,,,,,
401817491,Virginia Cavaliers,Butler Bulldogs,2h,moneyline,FanDuel,Butler Bulldogs ML,68.64794766598101,265.0,13.54860496520996,-692.7610822008971,,,,,,,,,
401817491,Virginia Cavaliers,Butler Bulldogs,2h,moneyline,Fanatics,Butler Bulldogs ML,65.3227299941911,230.0,13.54860496520996,-692.7610822008971,,,,,,,,,
401820212,Marshall Thundering Herd,Mercyhurst Lakers,2h,moneyline,FanDuel,Mercyhurst Lakers ML,61.638628856259245,650.0,-4.408106803894043,187.7102835780556,,,,,,,,,
401826780,Oklahoma Sooners,Alcorn St Braves,2h,moneyline,Fanatics,Alcorn St Braves ML,61.123859434417774,4500.0,-19.784160614013672,1688.3024660167828,,,,,,,,,
401822997,Murray St Racers,Middle Tennessee Blue Raiders,2h,moneyline,BetRivers,Middle Tennessee Blue Raiders ML,60.320011572851776,255.0,6.26445198059082,-244.7144198745881,,,,,,,,,
401822997,Murray St Racers,Middle Tennessee Blue Raiders,2h,moneyline,FanDuel,Middle Tennessee Blue Raiders ML,59.16986698076053,245.0,6.26445198059082,-244.7144198745881,,,,,,,,,
401820212,Marshall Thundering Herd,Mercyhurst Lakers,2h,moneyline,Caesars,Mercyhurst Lakers ML,58.89853091742062,600.0,-4.408106803894043,187.7102835780556,,,,,,,,,
401820212,Marshall Thundering Herd,Mercyhurst Lakers,2h,moneyline,DraftKings,Mercyhurst Lakers ML,58.89853091742062,600.0,-4.408106803894043,187.7102835780556,,,,,,,,,
401820212,Marshall Thundering Herd,Mercyhurst Lakers,2h,moneyline,Fanatics,Mercyhurst Lakers ML,58.89853091742062,600.0,-4.408106803894043,187.7102835780556,,,,,,,,,
401823759,Wyoming Cowboys,Norfolk St Spartans,2h,moneyline,Fanatics,Norfolk St Spartans ML,58.84743973481911,375.0,0.3241651058197021,-104.73983220331692,,,,,,,,,
401822997,Murray St Racers,Middle Tennessee Blue Raiders,2h,moneyline,BetUS,Middle Tennessee Blue Raiders ML,58.56942384812464,240.0,6.26445198059082,-244.7144198745881,,,,,,,,,
401822997,Murray St Racers,Middle Tennessee Blue Raiders,2h,moneyline,Bovada,Middle Tennessee Blue Raiders ML,58.56942384812464,240.0,6.26445198059082,-244.7144198745881,,,,,,,,,
401822997,Murray St Racers,Middle Tennessee Blue Raiders,2h,moneyline,Caesars,Middle Tennessee Blue Raiders ML,58.56942384812464,240.0,6.26445198059082,-244.7144198745881,,,,,,,,,
401822997,Murray St Racers,Middle Tennessee Blue Raiders,2h,moneyline,DraftKings,Middle Tennessee Blue Raiders ML,58.56942384812464,240.0,6.26445198059082,-244.7144198745881,,,,,,,,,
401822997,Murray St Racers,Middle Tennessee Blue Raiders,2h,moneyline,Fanatics,Middle Tennessee Blue Raiders ML,58.56942384812464,240.0,6.26445198059082,-244.7144198745881,,,,,,,,,
401822997,Murray St Racers,Middle Tennessee Blue Raiders,2h,moneyline,BetOnline.ag,Middle Tennessee Blue Raiders ML,58.20060566279639,237.0,6.26445198059082,-244.7144198745881,,,,,,,,,
401822997,Murray St Racers,Middle Tennessee Blue Raiders,2h,moneyline,LowVig.ag,Middle Tennessee Blue Raiders ML,58.20060566279639,237.0,6.26445198059082,-244.7144198745881,,,,,,,,,
401820212,Marshall Thundering Herd,Mercyhurst Lakers,2h,moneyline,BetMGM,Mercyhurst Lakers ML,57.3762542847325,575.0,-4.408106803894043,187.7102835780556,,,,,,,,,
401820212,Marshall Thundering Herd,Mercyhurst Lakers,2h,moneyline,Bovada,Mercyhurst Lakers ML,57.3762542847325,575.0,-4.408106803894043,187.7102835780556,,,,,,,,,
401822997,Murray St Racers,Middle Tennessee Blue Raiders,2h,moneyline,BetMGM,Middle Tennessee Blue Raiders ML,57.31395184352237,230.0,6.26445198059082,-244.7144198745881,,,,,,,,,
401820212,Marshall Thundering Herd,Mercyhurst Lakers,2h,moneyline,BetRivers,Mercyhurst Lakers ML,52.83437974130237,510.0,-4.408106803894043,187.7102835780556,,,,,,,,,
401827131,Miami (OH) RedHawks,Arkansas-Pine Bluff Golden Lions,2h,moneyline,Fanatics,Arkansas-Pine Bluff Golden Lions ML,51.56583905494577,1400.0,-12.844988822937012,626.5124141758134,,,,,,,,,
401827131,Miami (OH) RedHawks,Arkansas-Pine Bluff Golden Lions,2h,moneyline,FanDuel,Arkansas-Pine Bluff Golden Lions ML,48.106256130299045,1300.0,-12.844988822937012,626.5124141758134,,,,,,,,,
401830116,UNC Greensboro Spartans,Youngstown St Penguins,2h,moneyline,FanDuel,UNC Greensboro Spartans ML,44.03697284465432,215.0,1.894991397857666,-131.0898862945736,,,,,,,,,
401823502,Central Arkansas Bears,Eastern Washington Eagles,2h,moneyline,Fanatics,Central Arkansas Bears ML,43.36108054789995,240.0,0.540259599685669,-108.02364396877768,,,,,,,,,
401817446,Pittsburgh Panthers,Quinnipiac Bobcats,2h,moneyline,Fanatics,Quinnipiac Bobcats ML,42.76887608631479,700.0,-8.924586296081543,357.8489913094817,,,,,,,,,
401823502,Central Arkansas Bears,Eastern Washington Eagles,2h,moneyline,FanDuel,Central Arkansas Bears ML,42.5157235411522,235.0,0.540259599685669,-108.02364396877768,,,,,,,,,
401817446,Pittsburgh Panthers,Quinnipiac Bobcats,2h,moneyline,FanDuel,Quinnipiac Bobcats ML,41.30141137057928,680.0,-8.924586296081543,357.8489913094817,,,,,,,,,
401827154,SIU-Edwardsville Cougars,Alabama St Hornets,2h,moneyline,FanDuel,Alabama St Hornets ML,38.80946786675364,140.0,5.3064470291137695,-213.414022638039,,,,,,,,,
401830116,UNC Greensboro Spartans,Youngstown St Penguins,2h,moneyline,Fanatics,UNC Greensboro Spartans ML,38.146127880933726,185.0,1.894991397857666,-131.0898862945736,,,,,,,,,
401830116,UNC Greensboro Spartans,Youngstown St Penguins,2h,moneyline,BetMGM,UNC Greensboro Spartans ML,37.04159445023611,180.0,1.894991397857666,-131.0898862945736,,,,,,,,,
401827154,SIU-Edwardsville Cougars,Alabama St Hornets,2h,moneyline,Fanatics,Alabama St Hornets ML,36.149009947916845,130.0,5.3064470291137695,-213.414022638039,,,,,,,,,
401817446,Pittsburgh Panthers,Quinnipiac Bobcats,2h,moneyline,BetMGM,Quinnipiac Bobcats ML,34.59300124150262,600.0,-8.924586296081543,357.8489913094817,,,,,,,,,
401829456,Western Illinois Leathernecks,North Dakota Fighting Hawks,2h,moneyline,Bovada,Western Illinois Leathernecks ML,29.671408942473903,110.0,5.183133125305176,-209.6873842842788,,,,,,,,,
401828303,Southern Illinois Salukis,Delaware Blue Hens,2h,moneyline,FanDuel,Delaware Blue Hens ML,29.129516552971584,235.0,-2.224904537200928,137.4161195475452,,,,,,,,,
401828303,Southern Illinois Salukis,Delaware Blue Hens,2h,moneyline,Fanatics,Delaware Blue Hens ML,28.055721349228723,230.0,-2.224904537200928,137.4161195475452,,,,,,,,,
401829456,Western Illinois Leathernecks,North Dakota Fighting Hawks,2h,moneyline,BetMGM,Western Illinois Leathernecks ML,27.956077453265948,105.0,5.183133125305176,-209.6873842842788,,,,,,,,,
401829456,Western Illinois Leathernecks,North Dakota Fighting Hawks,2h,moneyline,BetOnline.ag,Western Illinois Leathernecks ML,27.956077453265948,105.0,5.183133125305176,-209.6873842842788,,,,,,,,,
401829456,Western Illinois Leathernecks,North Dakota Fighting Hawks,2h,moneyline,BetUS,Western Illinois Leathernecks ML,27.956077453265948,105.0,5.183133125305176,-209.6873842842788,,,,,,,,,
401829456,Western Illinois Leathernecks,North Dakota Fighting Hawks,2h,moneyline,Caesars,Western Illinois Leathernecks ML,27.956077453265948,105.0,5.183133125305176,-209.6873842842788,,,,,,,,,
401829456,Western Illinois Leathernecks,North Dakota Fighting Hawks,2h,moneyline,DraftKings,Western Illinois Leathernecks ML,27.956077453265948,105.0,5.183133125305176,-209.6873842842788,,,,,,,,,
401829456,Western Illinois Leathernecks,North Dakota Fighting Hawks,2h,moneyline,Fanatics,Western Illinois Leathernecks ML,27.956077453265948,105.0,5.183133125305176,-209.6873842842788,,,,,,,,,
401829456,Western Illinois Leathernecks,North Dakota Fighting Hawks,2h,moneyline,LowVig.ag,Western Illinois Leathernecks ML,27.956077453265948,105.0,5.183133125305176,-209.6873842842788,,,,,,,,,
401829456,Western Illinois Leathernecks,North Dakota Fighting Hawks,2h,moneyline,FanDuel,Western Illinois Leathernecks ML,27.60292097019372,104.0,5.183133125305176,-209.6873842842788,,,,,,,,,
401829456,Western Illinois Leathernecks,North Dakota Fighting Hawks,2h,moneyline,BetRivers,Western Illinois Leathernecks ML,25.063673666291148,-103.0,5.183133125305176,-209.6873842842788,,,,,,,,,
401827067,Jackson St Tigers,Winthrop Eagles,2h,moneyline,BetMGM,Jackson St Tigers ML,24.295642654527462,425.0,-7.630481719970703,297.4478760637308,,,,,,,,,
401827067,Jackson St Tigers,Winthrop Eagles,2h,moneyline,Bovada,Jackson St Tigers ML,24.295642654527462,425.0,-7.630481719970703,297.4478760637308,,,,,,,,,
401823402,Monmouth Hawks,Robert Morris Colonials,2h,moneyline,DraftKings,Robert Morris Colonials ML,24.163281778390168,154.0,0.5362577438354492,-107.96190518235682,,,,,,,,,
401827067,Jackson St Tigers,Winthrop Eagles,2h,moneyline,FanDuel,Jackson St Tigers ML,23.56771614159022,420.0,-7.630481719970703,297.4478760637308,,,,,,,,,
401827067,Jackson St Tigers,Winthrop Eagles,2h,moneyline,DraftKings,Jackson St Tigers ML,22.069043909072388,410.0,-7.630481719970703,297.4478760637308,,,,,,,,,
401823402,Monmouth Hawks,Robert Morris Colonials,2h,moneyline,FanDuel,Robert Morris Colonials ML,21.69704703947604,146.0,0.5362577438354492,-107.96190518235682,,,,,,,,,
401827067,Jackson St Tigers,Winthrop Eagles,2h,moneyline,Caesars,Jackson St Tigers ML,20.51042478725383,400.0,-7.630481719970703,297.4478760637308,,,,,,,,,
401827067,Jackson St Tigers,Winthrop Eagles,2h,moneyline,Fanatics,Jackson St Tigers ML,20.51042478725383,400.0,-7.630481719970703,297.4478760637308,,,,,,,,,
401823402,Monmouth Hawks,Robert Morris Colonials,2h,moneyline,Fanatics,Robert Morris Colonials ML,19.73947321546293,140.0,0.5362577438354492,-107.96190518235682,,,,,,,,,
401818371,Columbia Lions,Longwood Lancers,2h,moneyline,Fanatics,Columbia Lions ML,18.66568281813063,-190.0,9.948562622070312,-414.2184193661786,,,,,,,,,
401818371,Columbia Lions,Longwood Lancers,2h,moneyline,FanDuel,Columbia Lions ML,17.238764972834677,-200.0,9.948562622070312,-414.2184193661786,,,,,,,,,
401827067,Jackson St Tigers,Winthrop Eagles,2h,moneyline,BetRivers,Jackson St Tigers ML,13.59828781223243,360.0,-7.630481719970703,297.4478760637308,,,,,,,,,
401826914,South Carolina Gamecocks,Northwestern Wildcats,2h,moneyline,FanDuel,South Carolina Gamecocks ML,12.420416434782249,235.0,-4.616828918457031,193.39160494347948,,,,,,,,,
401823494,Furman Paladins,Queens University Royals,2h,moneyline,Fanatics,Furman Paladins ML,10.307824957177512,-275.0,10.501727104187012,-448.2794970183941,,,,,,,,,
401827514,Drexel Dragons,Old Dominion Monarchs,2h,moneyline,Fanatics,Drexel Dragons ML,9.296031498602412,-160.0,5.226729393005371,-210.99740051378336,,,,,,,,,
401826914,South Carolina Gamecocks,Northwestern Wildcats,2h,moneyline,BetMGM,South Carolina Gamecocks ML,8.315123455162658,220.0,-4.616828918457031,193.39160494347948,,,,,,,,,
401826914,South Carolina Gamecocks,Northwestern Wildcats,2h,moneyline,DraftKings,South Carolina Gamecocks ML,8.315123455162658,220.0,-4.616828918457031,193.39160494347948,,,,,,,,,
401827514,Drexel Dragons,Old Dominion Monarchs,2h,moneyline,FanDuel,Drexel Dragons ML,7.603793280292756,-168.0,5.226729393005371,-210.99740051378336,,,,,,,,,
401823494,Furman Paladins,Queens University Royals,2h,moneyline,FanDuel,Furman Paladins ML,6.813324630833778,-320.0,10.501727104187012,-448.2794970183941,,,,,,,,,
401827514,Drexel Dragons,Old Dominion Monarchs,2h,moneyline,DraftKings,Drexel Dragons ML,6.203850754236592,-175.0,5.226729393005371,-210.99740051378336,,,,,,,,,
401826914,South Carolina Gamecocks,Northwestern Wildcats,2h,moneyline,Fanatics,South Carolina Gamecocks ML,5.35754679242597,210.0,-4.616828918457031,193.39160494347948,,,,,,,,,
401817491,Virginia Cavaliers,Butler Bulldogs,full_game,spreads,BetOnline.ag,Butler Bulldogs +7.0,19.25767107009888,-7.0,-12.257671070098878,,,,,,,,,,
401817491,Virginia Cavaliers,Butler Bulldogs,full_game,spreads,BetUS,Butler Bulldogs +7.0,19.25767107009888,-7.0,-12.257671070098878,,,,,,,,,,
401817491,Virginia Cavaliers,Butler Bulldogs,full_game,spreads,Bovada,Butler Bulldogs +7.0,19.25767107009888,-7.0,-12.257671070098878,,,,,,,,,,
401817491,Virginia Cavaliers,Butler Bulldogs,full_game,spreads,Caesars,Butler Bulldogs +7.0,19.25767107009888,-7.0,-12.257671070098878,,,,,,,,,,
401817491,Virginia Cavaliers,Butler Bulldogs,full_game,spreads,Fanatics,Butler Bulldogs +7.0,19.25767107009888,-7.0,-12.257671070098878,,,,,,,,,,
401817491,Virginia Cavaliers,Butler Bulldogs,full_game,spreads,LowVig.ag,Butler Bulldogs +7.0,19.25767107009888,-7.0,-12.257671070098878,,,,,,,,,,
401817491,Virginia Cavaliers,Butler Bulldogs,full_game,spreads,BetRivers,Butler Bulldogs +6.5,18.75767107009888,-6.5,-12.257671070098878,,,,,,,,,,
401817491,Virginia Cavaliers,Butler Bulldogs,full_game,spreads,DraftKings,Butler Bulldogs +6.5,18.75767107009888,-6.5,-12.257671070098878,,,,,,,,,,
401817491,Virginia Cavaliers,Butler Bulldogs,full_game,spreads,FanDuel,Butler Bulldogs +6.5,18.75767107009888,-6.5,-12.257671070098878,,,,,,,,,,
401822997,Murray St Racers,Middle Tennessee Blue Raiders,full_game,spreads,BetRivers,Middle Tennessee Blue Raiders +7.5,16.596309661865234,-7.5,-9.096309661865234,,,,,,,,,,
401822997,Murray St Racers,Middle Tennessee Blue Raiders,full_game,spreads,FanDuel,Middle Tennessee Blue Raiders +7.5,16.596309661865234,-7.5,-9.096309661865234,,,,,,,,,,
401822997,Murray St Racers,Middle Tennessee Blue Raiders,full_game,spreads,BetOnline.ag,Middle Tennessee Blue Raiders +7.0,16.096309661865234,-7.0,-9.096309661865234,,,,,,,,,,
401822997,Murray St Racers,Middle Tennessee Blue Raiders,full_game,spreads,BetUS,Middle Tennessee Blue Raiders +7.0,16.096309661865234,-7.0,-9.096309661865234,,,,,,,,,,
401822997,Murray St Racers,Middle Tennessee Blue Raiders,full_game,spreads,Bovada,Middle Tennessee Blue Raiders +7.0,16.096309661865234,-7.0,-9.096309661865234,,,,,,,,,,
401822997,Murray St Racers,Middle Tennessee Blue Raiders,full_game,spreads,Caesars,Middle Tennessee Blue Raiders +7.0,16.096309661865234,-7.0,-9.096309661865234,,,,,,,,,,
401822997,Murray St Racers,Middle Tennessee Blue Raiders,full_game,spreads,Fanatics,Middle Tennessee Blue Raiders +7.0,16.096309661865234,-7.0,-9.096309661865234,,,,,,,,,,
401822997,Murray St Racers,Middle Tennessee Blue Raiders,full_game,spreads,LowVig.ag,Middle Tennessee Blue Raiders +7.0,16.096309661865234,-7.0,-9.096309661865234,,,,,,,,,,
401822997,Murray St Racers,Middle Tennessee Blue Raiders,full_game,spreads,BetMGM,Middle Tennessee Blue Raiders +6.5,15.596309661865234,-6.5,-9.096309661865234,,,,,,,,,,
401822997,Murray St Racers,Middle Tennessee Blue Raiders,full_game,spreads,DraftKings,Middle Tennessee Blue Raiders +6.5,15.596309661865234,-6.5,-9.096309661865234,,,,,,,,,,
401827154,SIU-Edwardsville Cougars,Alabama St Hornets,full_game,spreads,BetOnline.ag,Alabama St Hornets +4.0,14.221136093139648,-4.0,-10.221136093139648,,,,,,,,,,
401827154,SIU-Edwardsville Cougars,Alabama St Hornets,full_game,spreads,LowVig.ag,Alabama St Hornets +4.0,14.221136093139648,-4.0,-10.221136093139648,,,,,,,,,,
401823372,DePaul Blue Demons,Detroit Mercy Titans,full_game,spreads,BetMGM,Detroit Mercy Titans +20.5,14.215118885040283,-20.5,6.284881114959717,,,,,,,,,,
401823372,DePaul Blue Demons,Detroit Mercy Titans,full_game,spreads,Bovada,Detroit Mercy Titans +20.5,14.215118885040283,-20.5,6.284881114959717,,,,,,,,,,
401823372,DePaul Blue Demons,Detroit Mercy Titans,full_game,spreads,Caesars,Detroit Mercy Titans +20.5,14.215118885040283,-20.5,6.284881114959717,,,,,,,,,,
401823372,DePaul Blue Demons,Detroit Mercy Titans,full_game,spreads,DraftKings,Detroit Mercy Titans +20.5,14.215118885040283,-20.5,6.284881114959717,,,,,,,,,,
401823372,DePaul Blue Demons,Detroit Mercy Titans,full_game,spreads,FanDuel,Detroit Mercy Titans +20.5,14.215118885040283,-20.5,6.284881114959717,,,,,,,,,,
401823372,DePaul Blue Demons,Detroit Mercy Titans,full_game,spreads,Fanatics,Detroit Mercy Titans +20.5,14.215118885040283,-20.5,6.284881114959717,,,,,,,,,,
401827154,SIU-Edwardsville Cougars,Alabama St Hornets,full_game,spreads,DraftKings,Alabama St Hornets +3.5,13.721136093139648,-3.5,-10.221136093139648,,,,,,,,,,
401827154,SIU-Edwardsville Cougars,Alabama St Hornets,full_game,spreads,FanDuel,Alabama St Hornets +3.5,13.721136093139648,-3.5,-10.221136093139648,,,,,,,,,,
401827154,SIU-Edwardsville Cougars,Alabama St Hornets,full_game,spreads,Fanatics,Alabama St Hornets +3.5,13.721136093139648,-3.5,-10.221136093139648,,,,,,,,,,
401823372,DePaul Blue Demons,Detroit Mercy Titans,full_game,spreads,BetOnline.ag,Detroit Mercy Titans +20.0,13.715118885040283,-20.0,6.284881114959717,,,,,,,,,,
401823372,DePaul Blue Demons,Detroit Mercy Titans,full_game,spreads,BetRivers,Detroit Mercy Titans +20.0,13.715118885040283,-20.0,6.284881114959717,,,,,,,,,,
401823372,DePaul Blue Demons,Detroit Mercy Titans,full_game,spreads,BetUS,Detroit Mercy Titans +20.0,13.715118885040283,-20.0,6.284881114959717,,,,,,,,,,
401823372,DePaul Blue Demons,Detroit Mercy Titans,full_game,spreads,LowVig.ag,Detroit Mercy Titans +20.0,13.715118885040283,-20.0,6.284881114959717,,,,,,,,,,
401823759,Wyoming Cowboys,Norfolk St Spartans,full_game,spreads,BetOnline.ag,Norfolk St Spartans +10.5,12.660048961639404,-10.5,-2.1600489616394043,,,,,,,,,,
401823759,Wyoming Cowboys,Norfolk St Spartans,full_game,spreads,DraftKings,Norfolk St Spartans +10.5,12.660048961639404,-10.5,-2.1600489616394043,,,,,,,,,,
401823759,Wyoming Cowboys,Norfolk St Spartans,full_game,spreads,Fanatics,Norfolk St Spartans +10.5,12.660048961639404,-10.5,-2.1600489616394043,,,,,,,,,,
401823759,Wyoming Cowboys,Norfolk St Spartans,full_game,spreads,LowVig.ag,Norfolk St Spartans +10.5,12.660048961639404,-10.5,-2.1600489616394043,,,,,,,,,,
401823494,Furman Paladins,Queens University Royals,full_game,spreads,Fanatics,Furman Paladins -6.0,12.011898040771484,-6.0,18.011898040771484,,,,,,,,,,
401830116,UNC Greensboro Spartans,Youngstown St Penguins,full_game,spreads,Caesars,UNC Greensboro Spartans +6.5,11.938780784606934,6.5,5.438780784606934,,,,,,,,,,
401818371,Columbia Lions,Longwood Lancers,full_game,spreads,BetOnline.ag,Columbia Lions -4.0,11.54719352722168,-4.0,15.54719352722168,,,,,,,,,,
401818371,Columbia Lions,Longwood Lancers,full_game,spreads,LowVig.ag,Columbia Lions -4.0,11.54719352722168,-4.0,15.54719352722168,,,,,,,,,,
401823494,Furman Paladins,Queens University Royals,full_game,spreads,BetRivers,Furman Paladins -6.5,11.511898040771484,-6.5,18.011898040771484,,,,,,,,,,
401823494,Furman Paladins,Queens University Royals,full_game,spreads,DraftKings,Furman Paladins -6.5,11.511898040771484,-6.5,18.011898040771484,,,,,,,,,,
401823494,Furman Paladins,Queens University Royals,full_game,spreads,FanDuel,Furman Paladins -6.5,11.511898040771484,-6.5,18.011898040771484,,,,,,,,,,
401818371,Columbia Lions,Longwood Lancers,full_game,spreads,DraftKings,Columbia Lions -4.5,11.04719352722168,-4.5,15.54719352722168,,,,,,,,,,
401818371,Columbia Lions,Longwood Lancers,full_game,spreads,FanDuel,Columbia Lions -4.5,11.04719352722168,-4.5,15.54719352722168,,,,,,,,,,
401818371,Columbia Lions,Longwood Lancers,full_game,spreads,Fanatics,Columbia Lions -4.5,11.04719352722168,-4.5,15.54719352722168,,,,,,,,,,
401823494,Furman Paladins,Queens University Royals,full_game,spreads,BetOnline.ag,Furman Paladins -7.0,11.011898040771484,-7.0,18.011898040771484,,,,,,,,,,
401823494,Furman Paladins,Queens University Royals,full_game,spreads,LowVig.ag,Furman Paladins -7.0,11.011898040771484,-7.0,18.011898040771484,,,,,,,,,,
401830116,UNC Greensboro Spartans,Youngstown St Penguins,full_game,spreads,BetMGM,UNC Greensboro Spartans +5.5,10.938780784606934,5.5,5.438780784606934,,,,,,,,,,
401830116,UNC Greensboro Spartans,Youngstown St Penguins,full_game,spreads,BetOnline.ag,UNC Greensboro Spartans +5.5,10.938780784606934,5.5,5.438780784606934,,,,,,,,,,
401830116,UNC Greensboro Spartans,Youngstown St Penguins,full_game,spreads,BetUS,UNC Greensboro Spartans +5.5,10.938780784606934,5.5,5.438780784606934,,,,,,,,,,
401830116,UNC Greensboro Spartans,Youngstown St Penguins,full_game,spreads,Bovada,UNC Greensboro Spartans +5.5,10.938780784606934,5.5,5.438780784606934,,,,,,,,,,
401830116,UNC Greensboro Spartans,Youngstown St Penguins,full_game,spreads,DraftKings,UNC Greensboro Spartans +5.5,10.938780784606934,5.5,5.438780784606934,,,,,,,,,,
401830116,UNC Greensboro Spartans,Youngstown St Penguins,full_game,spreads,FanDuel,UNC Greensboro Spartans +5.5,10.938780784606934,5.5,5.438780784606934,,,,,,,,,,
401830116,UNC Greensboro Spartans,Youngstown St Penguins,full_game,spreads,Fanatics,UNC Greensboro Spartans +5.5,10.938780784606934,5.5,5.438780784606934,,,,,,,,,,
401830116,UNC Greensboro Spartans,Youngstown St Penguins,full_game,spreads,LowVig.ag,UNC Greensboro Spartans +5.5,10.938780784606934,5.5,5.438780784606934,,,,,,,,,,
401829456,Western Illinois Leathernecks,North Dakota Fighting Hawks,full_game,spreads,Bovada,Western Illinois Leathernecks +2.0,10.722564697265623,2.0,8.722564697265625,,,,,,,,,,
401829456,Western Illinois Leathernecks,North Dakota Fighting Hawks,full_game,spreads,BetMGM,Western Illinois Leathernecks +1.5,10.222564697265623,1.5,8.722564697265625,,,,,,,,,,
401829456,Western Illinois Leathernecks,North Dakota Fighting Hawks,full_game,spreads,BetOnline.ag,Western Illinois Leathernecks +1.5,10.222564697265623,1.5,8.722564697265625,,,,,,,,,,
401829456,Western Illinois Leathernecks,North Dakota Fighting Hawks,full_game,spreads,BetRivers,Western Illinois Leathernecks +1.5,10.222564697265623,1.5,8.722564697265625,,,,,,,,,,
401829456,Western Illinois Leathernecks,North Dakota Fighting Hawks,full_game,spreads,Caesars,Western Illinois Leathernecks +1.5,10.222564697265623,1.5,8.722564697265625,,,,,,,,,,
401829456,Western Illinois Leathernecks,North Dakota Fighting Hawks,full_game,spreads,DraftKings,Western Illinois Leathernecks +1.5,10.222564697265623,1.5,8.722564697265625,,,,,,,,,,
401829456,Western Illinois Leathernecks,North Dakota Fighting Hawks,full_game,spreads,FanDuel,Western Illinois Leathernecks +1.5,10.222564697265623,1.5,8.722564697265625,,,,,,,,,,
401829456,Western Illinois Leathernecks,North Dakota Fighting Hawks,full_game,spreads,Fanatics,Western Illinois Leathernecks +1.5,10.222564697265623,1.5,8.722564697265625,,,,,,,,,,
401829456,Western Illinois Leathernecks,North Dakota Fighting Hawks,full_game,spreads,LowVig.ag,Western Illinois Leathernecks +1.5,10.222564697265623,1.5,8.722564697265625,,,,,,,,,,
401829456,Western Illinois Leathernecks,North Dakota Fighting Hawks,full_game,spreads,BetUS,Western Illinois Leathernecks +1.0,9.722564697265623,1.0,8.722564697265625,,,,,,,,,,
401829279,South Dakota Coyotes,South Carolina St Bulldogs,full_game,spreads,BetOnline.ag,South Dakota Coyotes -11.5,9.396598815917969,-11.5,20.89659881591797,,,,,,,,,,
401829279,South Dakota Coyotes,South Carolina St Bulldogs,full_game,spreads,DraftKings,South Dakota Coyotes -11.5,9.396598815917969,-11.5,20.89659881591797,,,,,,,,,,
401829279,South Dakota Coyotes,South Carolina St Bulldogs,full_game,spreads,FanDuel,South Dakota Coyotes -11.5,9.396598815917969,-11.5,20.89659881591797,,,,,,,,,,
401829279,South Dakota Coyotes,South Carolina St Bulldogs,full_game,spreads,Fanatics,South Dakota Coyotes -11.5,9.396598815917969,-11.5,20.89659881591797,,,,,,,,,,
401829279,South Dakota Coyotes,South Carolina St Bulldogs,full_game,spreads,LowVig.ag,South Dakota Coyotes -11.5,9.396598815917969,-11.5,20.89659881591797,,,,,,,,,,
401828291,Montana Grizzlies,Lamar Cardinals,full_game,spreads,BetOnline.ag,Montana Grizzlies -6.0,6.90953842163086,-6.0,12.90953842163086,,,,,,,,,,
401828291,Montana Grizzlies,Lamar Cardinals,full_game,spreads,LowVig.ag,Montana Grizzlies -6.0,6.90953842163086,-6.0,12.90953842163086,,,,,,,,,,
401827067,Jackson St Tigers,Winthrop Eagles,full_game,spreads,Fanatics,Winthrop Eagles -10.0,6.801313400268555,10.0,-16.801313400268555,,,,,,,,,,
401823402,Monmouth Hawks,Robert Morris Colonials,full_game,spreads,BetOnline.ag,Robert Morris Colonials +3.5,6.5914082527160645,-3.5,-3.0914082527160645,,,,,,,,,,
401823402,Monmouth Hawks,Robert Morris Colonials,full_game,spreads,BetRivers,Robert Morris Colonials +3.5,6.5914082527160645,-3.5,-3.0914082527160645,,,,,,,,,,
401823402,Monmouth Hawks,Robert Morris Colonials,full_game,spreads,BetUS,Robert Morris Colonials +3.5,6.5914082527160645,-3.5,-3.0914082527160645,,,,,,,,,,
401823402,Monmouth Hawks,Robert Morris Colonials,full_game,spreads,Bovada,Robert Morris Colonials +3.5,6.5914082527160645,-3.5,-3.0914082527160645,,,,,,,,,,
401823402,Monmouth Hawks,Robert Morris Colonials,full_game,spreads,Caesars,Robert Morris Colonials +3.5,6.5914082527160645,-3.5,-3.0914082527160645,,,,,,,,,,
401823402,Monmouth Hawks,Robert Morris Colonials,full_game,spreads,DraftKings,Robert Morris Colonials +3.5,6.5914082527160645,-3.5,-3.0914082527160645,,,,,,,,,,
401823402,Monmouth Hawks,Robert Morris Colonials,full_game,spreads,FanDuel,Robert Morris Colonials +3.5,6.5914082527160645,-3.5,-3.0914082527160645,,,,,,,,,,
401823402,Monmouth Hawks,Robert Morris Colonials,full_game,spreads,Fanatics,Robert Morris Colonials +3.5,6.5914082527160645,-3.5,-3.0914082527160645,,,,,,,,,,
401823402,Monmouth Hawks,Robert Morris Colonials,full_game,spreads,LowVig.ag,Robert Morris Colonials +3.5,6.5914082527160645,-3.5,-3.0914082527160645,,,,,,,,,,
401828291,Montana Grizzlies,Lamar Cardinals,full_game,spreads,DraftKings,Montana Grizzlies -6.5,6.40953842163086,-6.5,12.90953842163086,,,,,,,,,,
401828291,Montana Grizzlies,Lamar Cardinals,full_game,spreads,Fanatics,Montana Grizzlies -6.5,6.40953842163086,-6.5,12.90953842163086,,,,,,,,,,
401827067,Jackson St Tigers,Winthrop Eagles,full_game,spreads,BetMGM,Winthrop Eagles -10.5,6.301313400268555,10.5,-16.801313400268555,,,,,,,,,,
401827067,Jackson St Tigers,Winthrop Eagles,full_game,spreads,BetOnline.ag,Winthrop Eagles -10.5,6.301313400268555,10.5,-16.801313400268555,,,,,,,,,,
401827067,Jackson St Tigers,Winthrop Eagles,full_game,spreads,BetRivers,Winthrop Eagles -10.5,6.301313400268555,10.5,-16.801313400268555,,,,,,,,,,
401827067,Jackson St Tigers,Winthrop Eagles,full_game,spreads,Bovada,Winthrop Eagles -10.5,6.301313400268555,10.5,-16.801313400268555,,,,,,,,,,
401827067,Jackson St Tigers,Winthrop Eagles,full_game,spreads,Caesars,Winthrop Eagles -10.5,6.301313400268555,10.5,-16.801313400268555,,,,,,,,,,
401827067,Jackson St Tigers,Winthrop Eagles,full_game,spreads,DraftKings,Winthrop Eagles -10.5,6.301313400268555,10.5,-16.801313400268555,,,,,,,,,,
401827067,Jackson St Tigers,Winthrop Eagles,full_game,spreads,FanDuel,Winthrop Eagles -10.5,6.301313400268555,10.5,-16.801313400268555,,,,,,,,,,
401827067,Jackson St Tigers,Winthrop Eagles,full_game,spreads,LowVig.ag,Winthrop Eagles -10.5,6.301313400268555,10.5,-16.801313400268555,,,,,,,,,,
401817233,Duke Blue Devils,Howard Bison,full_game,spreads,FanDuel,Howard Bison +39.5,5.959775543212892,-39.5,33.54022445678711,,,,,,,,,,
401827514,Drexel Dragons,Old Dominion Monarchs,full_game,spreads,BetRivers,Drexel Dragons -2.5,5.925647735595703,-2.5,8.425647735595703,,,,,,,,,,
401827514,Drexel Dragons,Old Dominion Monarchs,full_game,spreads,FanDuel,Drexel Dragons -2.5,5.925647735595703,-2.5,8.425647735595703,,,,,,,,,,
401827514,Drexel Dragons,Old Dominion Monarchs,full_game,spreads,Bovada,Drexel Dragons -3.0,5.425647735595703,-3.0,8.425647735595703,,,,,,,,,,
401827514,Drexel Dragons,Old Dominion Monarchs,full_game,spreads,Caesars,Drexel Dragons -3.0,5.425647735595703,-3.0,8.425647735595703,,,,,,,,,,
401827514,Drexel Dragons,Old Dominion Monarchs,full_game,spreads,Fanatics,Drexel Dragons -3.0,5.425647735595703,-3.0,8.425647735595703,,,,,,,,,,
401820212,Marshall Thundering Herd,Mercyhurst Lakers,full_game,spreads,BetMGM,Mercyhurst Lakers +11.5,4.939189682006836,-11.5,6.560810317993164,,,,,,,,,,
401820212,Marshall Thundering Herd,Mercyhurst Lakers,full_game,spreads,BetOnline.ag,Mercyhurst Lakers +11.5,4.939189682006836,-11.5,6.560810317993164,,,,,,,,,,
401820212,Marshall Thundering Herd,Mercyhurst Lakers,full_game,spreads,BetRivers,Mercyhurst Lakers +11.5,4.939189682006836,-11.5,6.560810317993164,,,,,,,,,,
401820212,Marshall Thundering Herd,Mercyhurst Lakers,full_game,spreads,Bovada,Mercyhurst Lakers +11.5,4.939189682006836,-11.5,6.560810317993164,,,,,,,,,,
401820212,Marshall Thundering Herd,Mercyhurst Lakers,full_game,spreads,Caesars,Mercyhurst Lakers +11.5,4.939189682006836,-11.5,6.560810317993164,,,,,,,,,,
401820212,Marshall Thundering Herd,Mercyhurst Lakers,full_game,spreads,DraftKings,Mercyhurst Lakers +11.5,4.939189682006836,-11.5,6.560810317993164,,,,,,,,,,
401820212,Marshall Thundering Herd,Mercyhurst Lakers,full_game,spreads,FanDuel,Mercyhurst Lakers +11.5,4.939189682006836,-11.5,6.560810317993164,,,,,,,,,,
401820212,Marshall Thundering Herd,Mercyhurst Lakers,full_game,spreads,Fanatics,Mercyhurst Lakers +11.5,4.939189682006836,-11.5,6.560810317993164,,,,,,,,,,
401820212,Marshall Thundering Herd,Mercyhurst Lakers,full_game,spreads,LowVig.ag,Mercyhurst Lakers +11.5,4.939189682006836,-11.5,6.560810317993164,,,,,,,,,,
401827514,Drexel Dragons,Old Dominion Monarchs,full_game,spreads,BetOnline.ag,Drexel Dragons -3.5,4.925647735595703,-3.5,8.425647735595703,,,,,,,,,,
401827514,Drexel Dragons,Old Dominion Monarchs,full_game,spreads,BetUS,Drexel Dragons -3.5,4.925647735595703,-3.5,8.425647735595703,,,,,,,,,,
401827514,Drexel Dragons,Old Dominion Monarchs,full_game,spreads,DraftKings,Drexel Dragons -3.5,4.925647735595703,-3.5,8.425647735595703,,,,,,,,,,
401827514,Drexel Dragons,Old Dominion Monarchs,full_game,spreads,LowVig.ag,Drexel Dragons -3.5,4.925647735595703,-3.5,8.425647735595703,,,,,,,,,,
401823502,Central Arkansas Bears,Eastern Washington Eagles,full_game,spreads,BetOnline.ag,Central Arkansas Bears +6.5,4.792594909667969,6.5,-1.7074050903320312,,,,,,,,,,
401823502,Central Arkansas Bears,Eastern Washington Eagles,full_game,spreads,DraftKings,Central Arkansas Bears +6.5,4.792594909667969,6.5,-1.7074050903320312,,,,,,,,,,
401823502,Central Arkansas Bears,Eastern Washington Eagles,full_game,spreads,FanDuel,Central Arkansas Bears +6.5,4.792594909667969,6.5,-1.7074050903320312,,,,,,,,,,
401823502,Central Arkansas Bears,Eastern Washington Eagles,full_game,spreads,Fanatics,Central Arkansas Bears +6.5,4.792594909667969,6.5,-1.7074050903320312,,,,,,,,,,
401823502,Central Arkansas Bears,Eastern Washington Eagles,full_game,spreads,LowVig.ag,Central Arkansas Bears +6.5,4.792594909667969,6.5,-1.7074050903320312,,,,,,,,,,
401809418,Miami Hurricanes,Delaware St Hornets,full_game,spreads,BetOnline.ag,Delaware St Hornets +34.5,3.727246856689455,-34.5,30.772753143310545,,,,,,,,,,
401809418,Miami Hurricanes,Delaware St Hornets,full_game,spreads,FanDuel,Delaware St Hornets +34.5,3.727246856689455,-34.5,30.772753143310545,,,,,,,,,,
401809418,Miami Hurricanes,Delaware St Hornets,full_game,spreads,Fanatics,Delaware St Hornets +34.5,3.727246856689455,-34.5,30.772753143310545,,,,,,,,,,
401809418,Miami Hurricanes,Delaware St Hornets,full_game,spreads,LowVig.ag,Delaware St Hornets +34.5,3.727246856689455,-34.5,30.772753143310545,,,,,,,,,,
401825386,Georgia Tech Yellow Jackets,West Georgia Wolves,full_game,spreads,DraftKings,West Georgia Wolves +17.5,3.6403082275390624,-17.5,13.859691772460938,,,,,,,,,,
401826780,Oklahoma Sooners,Alcorn St Braves,full_game,spreads,DraftKings,Alcorn St Braves +30.5,3.590700149536133,-30.5,26.909299850463867,,,,,,,,,,
401826780,Oklahoma Sooners,Alcorn St Braves,full_game,spreads,Fanatics,Alcorn St Braves +30.5,3.590700149536133,-30.5,26.909299850463867,,,,,,,,,,
401812790,UConn Huskies,Bryant Bulldogs,full_game,spreads,BetMGM,UConn Huskies -35.5,3.50369644165039,-35.5,39.00369644165039,,,,,,,,,,
401812790,UConn Huskies,Bryant Bulldogs,full_game,spreads,BetOnline.ag,UConn Huskies -35.5,3.50369644165039,-35.5,39.00369644165039,,,,,,,,,,
401812790,UConn Huskies,Bryant Bulldogs,full_game,spreads,Caesars,UConn Huskies -35.5,3.50369644165039,-35.5,39.00369644165039,,,,,,,,,,
401812790,UConn Huskies,Bryant Bulldogs,full_game,spreads,LowVig.ag,UConn Huskies -35.5,3.50369644165039,-35.5,39.00369644165039,,,,,,,,,,
401826914,South Carolina Gamecocks,Northwestern Wildcats,full_game,spreads,BetMGM,South Carolina Gamecocks +6.5,3.330398917198181,6.5,-3.169601082801819,,,,,,,,,,
401826914,South Carolina Gamecocks,Northwestern Wildcats,full_game,spreads,DraftKings,South Carolina Gamecocks +6.5,3.330398917198181,6.5,-3.169601082801819,,,,,,,,,,
401826914,South Carolina Gamecocks,Northwestern Wildcats,full_game,spreads,FanDuel,South Carolina Gamecocks +6.5,3.330398917198181,6.5,-3.169601082801819,,,,,,,,,,
401825386,Georgia Tech Yellow Jackets,West Georgia Wolves,full_game,spreads,BetOnline.ag,West Georgia Wolves +17.0,3.1403082275390624,-17.0,13.859691772460938,,,,,,,,,,
401825386,Georgia Tech Yellow Jackets,West Georgia Wolves,full_game,spreads,LowVig.ag,West Georgia Wolves +17.0,3.1403082275390624,-17.0,13.859691772460938,,,,,,,,,,
401826780,Oklahoma Sooners,Alcorn St Braves,full_game,spreads,BetOnline.ag,Alcorn St Braves +30.0,3.090700149536133,-30.0,26.909299850463867,,,,,,,,,,
401826780,Oklahoma Sooners,Alcorn St Braves,full_game,spreads,LowVig.ag,Alcorn St Braves +30.0,3.090700149536133,-30.0,26.909299850463867,,,,,,,,,,
401812790,UConn Huskies,Bryant Bulldogs,full_game,spreads,Fanatics,UConn Huskies -36.0,3.00369644165039,-36.0,39.00369644165039,,,,,,,,,,
401826914,South Carolina Gamecocks,Northwestern Wildcats,full_game,spreads,BetOnline.ag,South Carolina Gamecocks +6.0,2.830398917198181,6.0,-3.169601082801819,,,,,,,,,,
401826914,South Carolina Gamecocks,Northwestern Wildcats,full_game,spreads,BetUS,South Carolina Gamecocks +6.0,2.830398917198181,6.0,-3.169601082801819,,,,,,,,,,
401826914,South Carolina Gamecocks,Northwestern Wildcats,full_game,spreads,Bovada,South Carolina Gamecocks +6.0,2.830398917198181,6.0,-3.169601082801819,,,,,,,,,,
401826914,South Carolina Gamecocks,Northwestern Wildcats,full_game,spreads,Caesars,South Carolina Gamecocks +6.0,2.830398917198181,6.0,-3.169601082801819,,,,,,,,,,
401826914,South Carolina Gamecocks,Northwestern Wildcats,full_game,spreads,Fanatics,South Carolina Gamecocks +6.0,2.830398917198181,6.0,-3.169601082801819,,,,,,,,,,
401826914,South Carolina Gamecocks,Northwestern Wildcats,full_game,spreads,LowVig.ag,South Carolina Gamecocks +6.0,2.830398917198181,6.0,-3.169601082801819,,,,,,,,,,
401817446,Pittsburgh Panthers,Quinnipiac Bobcats,full_game,spreads,BetRivers,Pittsburgh Panthers -12.5,2.827566146850586,-12.5,15.327566146850586,,,,,,,,,,
401817446,Pittsburgh Panthers,Quinnipiac Bobcats,full_game,spreads,FanDuel,Pittsburgh Panthers -12.5,2.827566146850586,-12.5,15.327566146850586,,,,,,,,,,
401825386,Georgia Tech Yellow Jackets,West Georgia Wolves,full_game,spreads,FanDuel,West Georgia Wolves +16.5,2.6403082275390624,-16.5,13.859691772460938,,,,,,,,,,
401825386,Georgia Tech Yellow Jackets,West Georgia Wolves,full_game,spreads,Fanatics,West Georgia Wolves +16.5,2.6403082275390624,-16.5,13.859691772460938,,,,,,,,,,
401826780,Oklahoma Sooners,Alcorn St Braves,full_game,spreads,FanDuel,Alcorn St Braves +29.5,2.590700149536133,-29.5,26.909299850463867,,,,,,,,,,
401812790,UConn Huskies,Bryant Bulldogs,full_game,spreads,BetRivers,UConn Huskies -36.5,2.50369644165039,-36.5,39.00369644165039,,,,,,,,,,
401812790,UConn Huskies,Bryant Bulldogs,full_game,spreads,Bovada,UConn Huskies -36.5,2.50369644165039,-36.5,39.00369644165039,,,,,,,,,,
401812790,UConn Huskies,Bryant Bulldogs,full_game,spreads,DraftKings,UConn Huskies -36.5,2.50369644165039,-36.5,39.00369644165039,,,,,,,,,,
401812790,UConn Huskies,Bryant Bulldogs,full_game,spreads,FanDuel,UConn Huskies -36.5,2.50369644165039,-36.5,39.00369644165039,,,,,,,,,,
401826914,South Carolina Gamecocks,Northwestern Wildcats,full_game,spreads,BetRivers,South Carolina Gamecocks +5.5,2.330398917198181,5.5,-3.169601082801819,,,,,,,,,,
401817446,Pittsburgh Panthers,Quinnipiac Bobcats,full_game,spreads,BetOnline.ag,Pittsburgh Panthers -13.0,2.327566146850586,-13.0,15.327566146850586,,,,,,,,,,
401817446,Pittsburgh Panthers,Quinnipiac Bobcats,full_game,spreads,BetUS,Pittsburgh Panthers -13.0,2.327566146850586,-13.0,15.327566146850586,,,,,,,,,,
401817446,Pittsburgh Panthers,Quinnipiac Bobcats,full_game,spreads,Bovada,Pittsburgh Panthers -13.0,2.327566146850586,-13.0,15.327566146850586,,,,,,,,,,
401817446,Pittsburgh Panthers,Quinnipiac Bobcats,full_game,spreads,Caesars,Pittsburgh Panthers -13.0,2.327566146850586,-13.0,15.327566146850586,,,,,,,,,,
401817446,Pittsburgh Panthers,Quinnipiac Bobcats,full_game,spreads,Fanatics,Pittsburgh Panthers -13.0,2.327566146850586,-13.0,15.327566146850586,,,,,,,,,,
401817446,Pittsburgh Panthers,Quinnipiac Bobcats,full_game,spreads,LowVig.ag,Pittsburgh Panthers -13.0,2.327566146850586,-13.0,15.327566146850586,,,,,,,,,,
401818552,Maine Black Bears,Brown Bears,full_game,spreads,Fanatics,Brown Bears -1.0,1.9394187927246087,1.0,-2.9394187927246094,,,,,,,,,,
401817446,Pittsburgh Panthers,Quinnipiac Bobcats,full_game,spreads,BetMGM,Pittsburgh Panthers -13.5,1.827566146850586,-13.5,15.327566146850586,,,,,,,,,,
401817446,Pittsburgh Panthers,Quinnipiac Bobcats,full_game,spreads,DraftKings,Pittsburgh Panthers -13.5,1.827566146850586,-13.5,15.327566146850586,,,,,,,,,,
401818552,Maine Black Bears,Brown Bears,full_game,spreads,DraftKings,Brown Bears -1.5,1.4394187927246094,1.5,-2.9394187927246094,,,,,,,,,,
401818552,Maine Black Bears,Brown Bears,full_game,spreads,FanDuel,Brown Bears -1.5,1.4394187927246094,1.5,-2.9394187927246094,,,,,,,,,,
401828303,Southern Illinois Salukis,Delaware Blue Hens,full_game,spreads,BetOnline.ag,Delaware Blue Hens +6.5,1.0215320587158203,-6.5,5.47846794128418,,,,,,,,,,
401828303,Southern Illinois Salukis,Delaware Blue Hens,full_game,spreads,FanDuel,Delaware Blue Hens +6.5,1.0215320587158203,-6.5,5.47846794128418,,,,,,,,,,
401828303,Southern Illinois Salukis,Delaware Blue Hens,full_game,spreads,LowVig.ag,Delaware Blue Hens +6.5,1.0215320587158203,-6.5,5.47846794128418,,,,,,,,,,
401817233,Duke Blue Devils,Howard Bison,full_game,totals,FanDuel,Under,45.546948242187526,150.5,104.95305175781247,,,,,,,,,,
401817491,Virginia Cavaliers,Butler Bulldogs,full_game,totals,Bovada,Under,41.96268310546876,156.0,114.03731689453124,,,,,,,,,,
401817491,Virginia Cavaliers,Butler Bulldogs,full_game,totals,BetOnline.ag,Under,41.46268310546876,155.5,114.03731689453124,,,,,,,,,,
401817491,Virginia Cavaliers,Butler Bulldogs,full_game,totals,BetUS,Under,41.46268310546876,155.5,114.03731689453124,,,,,,,,,,
401817491,Virginia Cavaliers,Butler Bulldogs,full_game,totals,Fanatics,Under,41.46268310546876,155.5,114.03731689453124,,,,,,,,,,
401817491,Virginia Cavaliers,Butler Bulldogs,full_game,totals,LowVig.ag,Under,41.46268310546876,155.5,114.03731689453124,,,,,,,,,,
401817491,Virginia Cavaliers,Butler Bulldogs,full_game,totals,Caesars,Under,40.96268310546876,155.0,114.03731689453124,,,,,,,,,,
401817491,Virginia Cavaliers,Butler Bulldogs,full_game,totals,BetRivers,Under,40.46268310546876,154.5,114.03731689453124,,,,,,,,,,
401817491,Virginia Cavaliers,Butler Bulldogs,full_game,totals,DraftKings,Under,40.46268310546876,154.5,114.03731689453124,,,,,,,,,,
401817491,Virginia Cavaliers,Butler Bulldogs,full_game,totals,FanDuel,Under,40.46268310546876,154.5,114.03731689453124,,,,,,,,,,
401827067,Jackson St Tigers,Winthrop Eagles,full_game,totals,BetMGM,Under,24.614501953125,163.5,138.885498046875,,,,,,,,,,
401827067,Jackson St Tigers,Winthrop Eagles,full_game,totals,BetOnline.ag,Under,24.614501953125,163.5,138.885498046875,,,,,,,,,,
401827067,Jackson St Tigers,Winthrop Eagles,full_game,totals,BetRivers,Under,24.614501953125,163.5,138.885498046875,,,,,,,,,,
401827067,Jackson St Tigers,Winthrop Eagles,full_game,totals,Caesars,Under,24.614501953125,163.5,138.885498046875,,,,,,,,,,
401827067,Jackson St Tigers,Winthrop Eagles,full_game,totals,DraftKings,Under,24.614501953125,163.5,138.885498046875,,,,,,,,,,
401827067,Jackson St Tigers,Winthrop Eagles,full_game,totals,FanDuel,Under,24.614501953125,163.5,138.885498046875,,,,,,,,,,
401827067,Jackson St Tigers,Winthrop Eagles,full_game,totals,LowVig.ag,Under,24.614501953125,163.5,138.885498046875,,,,,,,,,,
401827067,Jackson St Tigers,Winthrop Eagles,full_game,totals,Bovada,Under,24.114501953125,163.0,138.885498046875,,,,,,,,,,
401827067,Jackson St Tigers,Winthrop Eagles,full_game,totals,Fanatics,Under,24.114501953125,163.0,138.885498046875,,,,,,,,,,
401829279,South Dakota Coyotes,South Carolina St Bulldogs,full_game,totals,DraftKings,Under,22.02001953125,163.5,141.47998046875,,,,,,,,,,
401829279,South Dakota Coyotes,South Carolina St Bulldogs,full_game,totals,FanDuel,Under,22.02001953125,163.5,141.47998046875,,,,,,,,,,
401829279,South Dakota Coyotes,South Carolina St Bulldogs,full_game,totals,Fanatics,Under,22.02001953125,163.5,141.47998046875,,,,,,,,,,
401826914,South Carolina Gamecocks,Northwestern Wildcats,full_game,totals,Bovada,Under,21.624252319335938,140.0,118.37574768066406,,,,,,,,,,
401826914,South Carolina Gamecocks,Northwestern Wildcats,full_game,totals,BetMGM,Under,21.124252319335938,139.5,118.37574768066406,,,,,,,,,,
401826914,South Carolina Gamecocks,Northwestern Wildcats,full_game,totals,BetOnline.ag,Under,21.124252319335938,139.5,118.37574768066406,,,,,,,,,,
401826914,South Carolina Gamecocks,Northwestern Wildcats,full_game,totals,BetUS,Under,21.124252319335938,139.5,118.37574768066406,,,,,,,,,,
401826914,South Carolina Gamecocks,Northwestern Wildcats,full_game,totals,Caesars,Under,21.124252319335938,139.5,118.37574768066406,,,,,,,,,,
401826914,South Carolina Gamecocks,Northwestern Wildcats,full_game,totals,DraftKings,Under,21.124252319335938,139.5,118.37574768066406,,,,,,,,,,
401826914,South Carolina Gamecocks,Northwestern Wildcats,full_game,totals,FanDuel,Under,21.124252319335938,139.5,118.37574768066406,,,,,,,,,,
401826914,South Carolina Gamecocks,Northwestern Wildcats,full_game,totals,Fanatics,Under,21.124252319335938,139.5,118.37574768066406,,,,,,,,,,
401826914,South Carolina Gamecocks,Northwestern Wildcats,full_game,totals,LowVig.ag,Under,21.124252319335938,139.5,118.37574768066406,,,,,,,,,,
401829279,South Dakota Coyotes,South Carolina St Bulldogs,full_game,totals,BetOnline.ag,Under,20.52001953125,162.0,141.47998046875,,,,,,,,,,
401829279,South Dakota Coyotes,South Carolina St Bulldogs,full_game,totals,LowVig.ag,Under,20.52001953125,162.0,141.47998046875,,,,,,,,,,
401826914,South Carolina Gamecocks,Northwestern Wildcats,full_game,totals,BetRivers,Under,20.124252319335938,138.5,118.37574768066406,,,,,,,,,,
401827131,Miami (OH) RedHawks,Arkansas-Pine Bluff Golden Lions,full_game,totals,DraftKings,Under,19.14033508300781,160.5,141.3596649169922,,,,,,,,,,
401827131,Miami (OH) RedHawks,Arkansas-Pine Bluff Golden Lions,full_game,totals,FanDuel,Under,19.14033508300781,160.5,141.3596649169922,,,,,,,,,,
401827131,Miami (OH) RedHawks,Arkansas-Pine Bluff Golden Lions,full_game,totals,Fanatics,Under,19.14033508300781,160.5,141.3596649169922,,,,,,,,,,
401827131,Miami (OH) RedHawks,Arkansas-Pine Bluff Golden Lions,full_game,totals,BetOnline.ag,Under,18.64033508300781,160.0,141.3596649169922,,,,,,,,,,
401827131,Miami (OH) RedHawks,Arkansas-Pine Bluff Golden Lions,full_game,totals,LowVig.ag,Under,18.64033508300781,160.0,141.3596649169922,,,,,,,,,,
401823502,Central Arkansas Bears,Eastern Washington Eagles,full_game,totals,BetOnline.ag,Under,17.612823486328125,156.5,138.88717651367188,,,,,,,,,,
401823502,Central Arkansas Bears,Eastern Washington Eagles,full_game,totals,DraftKings,Under,17.612823486328125,156.5,138.88717651367188,,,,,,,,,,
401823502,Central Arkansas Bears,Eastern Washington Eagles,full_game,totals,FanDuel,Under,17.612823486328125,156.5,138.88717651367188,,,,,,,,,,
401823502,Central Arkansas Bears,Eastern Washington Eagles,full_game,totals,Fanatics,Under,17.612823486328125,156.5,138.88717651367188,,,,,,,,,,
401823502,Central Arkansas Bears,Eastern Washington Eagles,full_game,totals,LowVig.ag,Under,17.612823486328125,156.5,138.88717651367188,,,,,,,,,,
401826780,Oklahoma Sooners,Alcorn St Braves,full_game,totals,DraftKings,Under,17.45989990234375,163.5,146.04010009765625,,,,,,,,,,
401826780,Oklahoma Sooners,Alcorn St Braves,full_game,totals,BetOnline.ag,Under,16.95989990234375,163.0,146.04010009765625,,,,,,,,,,
401826780,Oklahoma Sooners,Alcorn St Braves,full_game,totals,LowVig.ag,Under,16.95989990234375,163.0,146.04010009765625,,,,,,,,,,
401826780,Oklahoma Sooners,Alcorn St Braves,full_game,totals,Fanatics,Under,16.45989990234375,162.5,146.04010009765625,,,,,,,,,,
401828303,Southern Illinois Salukis,Delaware Blue Hens,full_game,totals,BetOnline.ag,Under,16.259201049804688,159.5,143.2407989501953,,,,,,,,,,
401828303,Southern Illinois Salukis,Delaware Blue Hens,full_game,totals,FanDuel,Under,16.259201049804688,159.5,143.2407989501953,,,,,,,,,,
401828303,Southern Illinois Salukis,Delaware Blue Hens,full_game,totals,Fanatics,Under,16.259201049804688,159.5,143.2407989501953,,,,,,,,,,
401828303,Southern Illinois Salukis,Delaware Blue Hens,full_game,totals,LowVig.ag,Under,16.259201049804688,159.5,143.2407989501953,,,,,,,,,,
401823494,Furman Paladins,Queens University Royals,full_game,totals,DraftKings,Under,16.229537963867188,159.5,143.2704620361328,,,,,,,,,,
401823494,Furman Paladins,Queens University Royals,full_game,totals,Fanatics,Under,15.729537963867188,159.0,143.2704620361328,,,,,,,,,,
401823494,Furman Paladins,Queens University Royals,full_game,totals,BetOnline.ag,Under,15.229537963867188,158.5,143.2704620361328,,,,,,,,,,
401823494,Furman Paladins,Queens University Royals,full_game,totals,BetRivers,Under,15.229537963867188,158.5,143.2704620361328,,,,,,,,,,
401823494,Furman Paladins,Queens University Royals,full_game,totals,FanDuel,Under,15.229537963867188,158.5,143.2704620361328,,,,,,,,,,
401823494,Furman Paladins,Queens University Royals,full_game,totals,LowVig.ag,Under,15.229537963867188,158.5,143.2704620361328,,,,,,,,,,
401822997,Murray St Racers,Middle Tennessee Blue Raiders,full_game,totals,BetMGM,Under,14.926986694335938,161.5,146.57301330566406,,,,,,,,,,
401822997,Murray St Racers,Middle Tennessee Blue Raiders,full_game,totals,BetUS,Under,14.926986694335938,161.5,146.57301330566406,,,,,,,,,,
401822997,Murray St Racers,Middle Tennessee Blue Raiders,full_game,totals,DraftKings,Under,14.926986694335938,161.5,146.57301330566406,,,,,,,,,,
401822997,Murray St Racers,Middle Tennessee Blue Raiders,full_game,totals,FanDuel,Under,14.926986694335938,161.5,146.57301330566406,,,,,,,,,,
401822997,Murray St Racers,Middle Tennessee Blue Raiders,full_game,totals,Fanatics,Under,14.926986694335938,161.5,146.57301330566406,,,,,,,,,,
401826780,Oklahoma Sooners,Alcorn St Braves,full_game,totals,FanDuel,Under,14.45989990234375,160.5,146.04010009765625,,,,,,,,,,
401822997,Murray St Racers,Middle Tennessee Blue Raiders,full_game,totals,BetOnline.ag,Under,14.426986694335938,161.0,146.57301330566406,,,,,,,,,,
401822997,Murray St Racers,Middle Tennessee Blue Raiders,full_game,totals,BetRivers,Under,14.426986694335938,161.0,146.57301330566406,,,,,,,,,,
401822997,Murray St Racers,Middle Tennessee Blue Raiders,full_game,totals,Bovada,Under,14.426986694335938,161.0,146.57301330566406,,,,,,,,,,
401822997,Murray St Racers,Middle Tennessee Blue Raiders,full_game,totals,Caesars,Under,14.426986694335938,161.0,146.57301330566406,,,,,,,,,,
401822997,Murray St Racers,Middle Tennessee Blue Raiders,full_game,totals,LowVig.ag,Under,14.426986694335938,161.0,146.57301330566406,,,,,,,,,,
401818552,Maine Black Bears,Brown Bears,full_game,totals,DraftKings,Over,13.285446166992188,125.5,138.7854461669922,,,,,,,,,,
401818552,Maine Black Bears,Brown Bears,full_game,totals,FanDuel,Over,13.285446166992188,125.5,138.7854461669922,,,,,,,,,,
401818371,Columbia Lions,Longwood Lancers,full_game,totals,BetOnline.ag,Under,13.24346923828125,152.0,138.75653076171875,,,,,,,,,,
401818371,Columbia Lions,Longwood Lancers,full_game,totals,LowVig.ag,Under,13.24346923828125,152.0,138.75653076171875,,,,,,,,,,
401818552,Maine Black Bears,Brown Bears,full_game,totals,Fanatics,Over,12.785446166992188,126.0,138.7854461669922,,,,,,,,,,
401818371,Columbia Lions,Longwood Lancers,full_game,totals,DraftKings,Under,12.74346923828125,151.5,138.75653076171875,,,,,,,,,,
401818371,Columbia Lions,Longwood Lancers,full_game,totals,FanDuel,Under,12.74346923828125,151.5,138.75653076171875,,,,,,,,,,
401818371,Columbia Lions,Longwood Lancers,full_game,totals,Fanatics,Under,12.74346923828125,151.5,138.75653076171875,,,,,,,,,,
401818552,Maine Black Bears,Brown Bears,full_game,totals,BetOnline.ag,Over,12.285446166992188,126.5,138.7854461669922,,,,,,,,,,
401818552,Maine Black Bears,Brown Bears,full_game,totals,LowVig.ag,Over,12.285446166992188,126.5,138.7854461669922,,,,,,,,,,
401830116,UNC Greensboro Spartans,Youngstown St Penguins,full_game,totals,BetOnline.ag,Under,10.984878540039062,156.0,145.01512145996094,,,,,,,,,,
401830116,UNC Greensboro Spartans,Youngstown St Penguins,full_game,totals,BetUS,Under,10.984878540039062,156.0,145.01512145996094,,,,,,,,,,
401830116,UNC Greensboro Spartans,Youngstown St Penguins,full_game,totals,Fanatics,Under,10.984878540039062,156.0,145.01512145996094,,,,,,,,,,
401830116,UNC Greensboro Spartans,Youngstown St Penguins,full_game,totals,LowVig.ag,Under,10.984878540039062,156.0,145.01512145996094,,,,,,,,,,
401830116,UNC Greensboro Spartans,Youngstown St Penguins,full_game,totals,BetMGM,Under,10.484878540039062,155.5,145.01512145996094,,,,,,,,,,
401830116,UNC Greensboro Spartans,Youngstown St Penguins,full_game,totals,Bovada,Under,10.484878540039062,155.5,145.01512145996094,,,,,,,,,,
401830116,UNC Greensboro Spartans,Youngstown St Penguins,full_game,totals,Caesars,Under,10.484878540039062,155.5,145.01512145996094,,,,,,,,,,
401830116,UNC Greensboro Spartans,Youngstown St Penguins,full_game,totals,DraftKings,Under,10.484878540039062,155.5,145.01512145996094,,,,,,,,,,
401830116,UNC Greensboro Spartans,Youngstown St Penguins,full_game,totals,FanDuel,Under,10.484878540039062,155.5,145.01512145996094,,,,,,,,,,
401823372,DePaul Blue Demons,Detroit Mercy Titans,full_game,totals,BetMGM,Under,9.6890869140625,152.5,142.8109130859375,,,,,,,,,,
401823372,DePaul Blue Demons,Detroit Mercy Titans,full_game,totals,BetOnline.ag,Under,9.6890869140625,152.5,142.8109130859375,,,,,,,,,,
401823372,DePaul Blue Demons,Detroit Mercy Titans,full_game,totals,BetUS,Under,9.6890869140625,152.5,142.8109130859375,,,,,,,,,,
401823372,DePaul Blue Demons,Detroit Mercy Titans,full_game,totals,Caesars,Under,9.6890869140625,152.5,142.8109130859375,,,,,,,,,,
401823372,DePaul Blue Demons,Detroit Mercy Titans,full_game,totals,DraftKings,Under,9.6890869140625,152.5,142.8109130859375,,,,,,,,,,
401823372,DePaul Blue Demons,Detroit Mercy Titans,full_game,totals,LowVig.ag,Under,9.6890869140625,152.5,142.8109130859375,,,,,,,,,,
401823372,DePaul Blue Demons,Detroit Mercy Titans,full_game,totals,BetRivers,Under,9.1890869140625,152.0,142.8109130859375,,,,,,,,,,
401823372,DePaul Blue Demons,Detroit Mercy Titans,full_game,totals,Bovada,Under,9.1890869140625,152.0,142.8109130859375,,,,,,,,,,
401823372,DePaul Blue Demons,Detroit Mercy Titans,full_game,totals,Fanatics,Under,9.1890869140625,152.0,142.8109130859375,,,,,,,,,,
401823372,DePaul Blue Demons,Detroit Mercy Titans,full_game,totals,FanDuel,Under,8.6890869140625,151.5,142.8109130859375,,,,,,,,,,
401823402,Monmouth Hawks,Robert Morris Colonials,full_game,totals,BetRivers,Under,8.620193481445312,149.5,140.8798065185547,,,,,,,,,,
401823402,Monmouth Hawks,Robert Morris Colonials,full_game,totals,FanDuel,Under,8.620193481445312,149.5,140.8798065185547,,,,,,,,,,
401823402,Monmouth Hawks,Robert Morris Colonials,full_game,totals,BetOnline.ag,Under,8.120193481445312,149.0,140.8798065185547,,,,,,,,,,
401823402,Monmouth Hawks,Robert Morris Colonials,full_game,totals,BetUS,Under,8.120193481445312,149.0,140.8798065185547,,,,,,,,,,
401823402,Monmouth Hawks,Robert Morris Colonials,full_game,totals,LowVig.ag,Under,8.120193481445312,149.0,140.8798065185547,,,,,,,,,,
401823402,Monmouth Hawks,Robert Morris Colonials,full_game,totals,Bovada,Under,7.620193481445312,148.5,140.8798065185547,,,,,,,,,,
401823402,Monmouth Hawks,Robert Morris Colonials,full_game,totals,DraftKings,Under,7.620193481445312,148.5,140.8798065185547,,,,,,,,,,
401823402,Monmouth Hawks,Robert Morris Colonials,full_game,totals,Fanatics,Under,7.620193481445312,148.5,140.8798065185547,,,,,,,,,,
401823402,Monmouth Hawks,Robert Morris Colonials,full_game,totals,Caesars,Under,6.6201934814453125,147.5,140.8798065185547,,,,,,,,,,
401828291,Montana Grizzlies,Lamar Cardinals,full_game,totals,DraftKings,Under,6.1179248046875045,151.5,145.3820751953125,,,,,,,,,,
401828291,Montana Grizzlies,Lamar Cardinals,full_game,totals,Fanatics,Under,6.1179248046875045,151.5,145.3820751953125,,,,,,,,,,
401809418,Miami Hurricanes,Delaware St Hornets,full_game,totals,FanDuel,Under,5.963891601562494,152.5,146.5361083984375,,,,,,,,,,
401828291,Montana Grizzlies,Lamar Cardinals,full_game,totals,BetOnline.ag,Under,5.6179248046875045,151.0,145.3820751953125,,,,,,,,,,
401828291,Montana Grizzlies,Lamar Cardinals,full_game,totals,LowVig.ag,Under,5.6179248046875045,151.0,145.3820751953125,,,,,,,,,,
401809418,Miami Hurricanes,Delaware St Hornets,full_game,totals,Fanatics,Under,5.463891601562494,152.0,146.5361083984375,,,,,,,,,,
401809418,Miami Hurricanes,Delaware St Hornets,full_game,totals,BetOnline.ag,Under,4.963891601562494,151.5,146.5361083984375,,,,,,,,,,
401809418,Miami Hurricanes,Delaware St Hornets,full_game,totals,LowVig.ag,Under,4.963891601562494,151.5,146.5361083984375,,,,,,,,,,
401827154,SIU-Edwardsville Cougars,Alabama St Hornets,full_game,totals,BetOnline.ag,Under,4.451751708984375,142.0,137.54824829101562,,,,,,,,,,
401827154,SIU-Edwardsville Cougars,Alabama St Hornets,full_game,totals,LowVig.ag,Under,4.451751708984375,142.0,137.54824829101562,,,,,,,,,,
401812790,UConn Huskies,Bryant Bulldogs,full_game,totals,BetMGM,Over,4.229827880859375,147.5,151.72982788085938,,,,,,,,,,
401812790,UConn Huskies,Bryant Bulldogs,full_game,totals,BetOnline.ag,Over,4.229827880859375,147.5,151.72982788085938,,,,,,,,,,
401812790,UConn Huskies,Bryant Bulldogs,full_game,totals,Caesars,Over,4.229827880859375,147.5,151.72982788085938,,,,,,,,,,
401812790,UConn Huskies,Bryant Bulldogs,full_game,totals,DraftKings,Over,4.229827880859375,147.5,151.72982788085938,,,,,,,,,,
401812790,UConn Huskies,Bryant Bulldogs,full_game,totals,FanDuel,Over,4.229827880859375,147.5,151.72982788085938,,,,,,,,,,
401812790,UConn Huskies,Bryant Bulldogs,full_game,totals,Fanatics,Over,4.229827880859375,147.5,151.72982788085938,,,,,,,,,,
401812790,UConn Huskies,Bryant Bulldogs,full_game,totals,LowVig.ag,Over,4.229827880859375,147.5,151.72982788085938,,,,,,,,,,
401827154,SIU-Edwardsville Cougars,Alabama St Hornets,full_game,totals,DraftKings,Under,3.951751708984375,141.5,137.54824829101562,,,,,,,,,,
401827154,SIU-Edwardsville Cougars,Alabama St Hornets,full_game,totals,FanDuel,Under,3.951751708984375,141.5,137.54824829101562,,,,,,,,,,
401827154,SIU-Edwardsville Cougars,Alabama St Hornets,full_game,totals,Fanatics,Under,3.951751708984375,141.5,137.54824829101562,,,,,,,,,,
401812790,UConn Huskies,Bryant Bulldogs,full_game,totals,BetRivers,Over,3.729827880859375,148.0,151.72982788085938,,,,,,,,,,
401812790,UConn Huskies,Bryant Bulldogs,full_game,totals,Bovada,Over,3.229827880859375,148.5,151.72982788085938,,,,,,,,,,
401823759,Wyoming Cowboys,Norfolk St Spartans,full_game,totals,BetOnline.ag,Over,3.067901611328125,139.5,142.56790161132812,,,,,,,,,,
401823759,Wyoming Cowboys,Norfolk St Spartans,full_game,totals,DraftKings,Over,3.067901611328125,139.5,142.56790161132812,,,,,,,,,,
401823759,Wyoming Cowboys,Norfolk St Spartans,full_game,totals,Fanatics,Over,3.067901611328125,139.5,142.56790161132812,,,,,,,,,,
401823759,Wyoming Cowboys,Norfolk St Spartans,full_game,totals,LowVig.ag,Over,3.067901611328125,139.5,142.56790161132812,,,,,,,,,,
401820212,Marshall Thundering Herd,Mercyhurst Lakers,full_game,totals,BetOnline.ag,Under,2.964848022460956,149.0,146.03515197753904,,,,,,,,,,
401820212,Marshall Thundering Herd,Mercyhurst Lakers,full_game,totals,LowVig.ag,Under,2.964848022460956,149.0,146.03515197753904,,,,,,,,,,
401820212,Marshall Thundering Herd,Mercyhurst Lakers,full_game,totals,BetRivers,Under,2.464848022460956,148.5,146.03515197753904,,,,,,,,,,
401820212,Marshall Thundering Herd,Mercyhurst Lakers,full_game,totals,Caesars,Under,2.464848022460956,148.5,146.03515197753904,,,,,,,,,,
401820212,Marshall Thundering Herd,Mercyhurst Lakers,full_game,totals,DraftKings,Under,2.464848022460956,148.5,146.03515197753904,,,,,,,,,,
401817446,Pittsburgh Panthers,Quinnipiac Bobcats,full_game,totals,BetMGM,Over,2.462432861328125,141.5,143.96243286132812,,,,,,,,,,
401817446,Pittsburgh Panthers,Quinnipiac Bobcats,full_game,totals,DraftKings,Over,2.462432861328125,141.5,143.96243286132812,,,,,,,,,,
401825386,Georgia Tech Yellow Jackets,West Georgia Wolves,full_game,totals,Fanatics,Under,2.3696618652343773,145.0,142.63033813476562,,,,,,,,,,
401829456,Western Illinois Leathernecks,North Dakota Fighting Hawks,full_game,totals,BetRivers,Under,2.135971069335937,147.0,144.86402893066406,,,,,,,,,,
401829456,Western Illinois Leathernecks,North Dakota Fighting Hawks,full_game,totals,Bovada,Under,2.135971069335937,147.0,144.86402893066406,,,,,,,,,,
401829456,Western Illinois Leathernecks,North Dakota Fighting Hawks,full_game,totals,Fanatics,Under,2.135971069335937,147.0,144.86402893066406,,,,,,,,,,
401820212,Marshall Thundering Herd,Mercyhurst Lakers,full_game,totals,Fanatics,Under,1.964848022460956,148.0,146.03515197753904,,,,,,,,,,
401817446,Pittsburgh Panthers,Quinnipiac Bobcats,full_game,totals,Bovada,Over,1.962432861328125,142.0,143.96243286132812,,,,,,,,,,
401817446,Pittsburgh Panthers,Quinnipiac Bobcats,full_game,totals,Fanatics,Over,1.962432861328125,142.0,143.96243286132812,,,,,,,,,,
401825386,Georgia Tech Yellow Jackets,West Georgia Wolves,full_game,totals,BetOnline.ag,Under,1.8696618652343773,144.5,142.63033813476562,,,,,,,,,,
401825386,Georgia Tech Yellow Jackets,West Georgia Wolves,full_game,totals,DraftKings,Under,1.8696618652343773,144.5,142.63033813476562,,,,,,,,,,
401825386,Georgia Tech Yellow Jackets,West Georgia Wolves,full_game,totals,FanDuel,Under,1.8696618652343773,144.5,142.63033813476562,,,,,,,,,,
401825386,Georgia Tech Yellow Jackets,West Georgia Wolves,full_game,totals,LowVig.ag,Under,1.8696618652343773,144.5,142.63033813476562,,,,,,,,,,
401827514,Drexel Dragons,Old Dominion Monarchs,full_game,totals,BetOnline.ag,Over,1.68597412109375,142.0,143.68597412109375,,,,,,,,,,
401827514,Drexel Dragons,Old Dominion Monarchs,full_game,totals,BetUS,Over,1.68597412109375,142.0,143.68597412109375,,,,,,,,,,
401827514,Drexel Dragons,Old Dominion Monarchs,full_game,totals,Caesars,Over,1.68597412109375,142.0,143.68597412109375,,,,,,,,,,
401827514,Drexel Dragons,Old Dominion Monarchs,full_game,totals,LowVig.ag,Over,1.68597412109375,142.0,143.68597412109375,,,,,,,,,,
401829456,Western Illinois Leathernecks,North Dakota Fighting Hawks,full_game,totals,BetMGM,Under,1.6359710693359375,146.5,144.86402893066406,,,,,,,,,,
401829456,Western Illinois Leathernecks,North Dakota Fighting Hawks,full_game,totals,BetOnline.ag,Under,1.6359710693359375,146.5,144.86402893066406,,,,,,,,,,
401829456,Western Illinois Leathernecks,North Dakota Fighting Hawks,full_game,totals,BetUS,Under,1.6359710693359375,146.5,144.86402893066406,,,,,,,,,,
401829456,Western Illinois Leathernecks,North Dakota Fighting Hawks,full_game,totals,Caesars,Under,1.6359710693359375,146.5,144.86402893066406,,,,,,,,,,
401829456,Western Illinois Leathernecks,North Dakota Fighting Hawks,full_game,totals,DraftKings,Under,1.6359710693359375,146.5,144.86402893066406,,,,,,,,,,
401829456,Western Illinois Leathernecks,North Dakota Fighting Hawks,full_game,totals,FanDuel,Under,1.6359710693359375,146.5,144.86402893066406,,,,,,,,,,
401829456,Western Illinois Leathernecks,North Dakota Fighting Hawks,full_game,totals,LowVig.ag,Under,1.6359710693359375,146.5,144.86402893066406,,,,,,,,,,
