game_id,date,home_team,away_team,home_pf5,home_pa5,home_tot5,away_pf5,away_pa5,away_tot5,home_pf15,home_pa15,home_tot15,away_pf15,away_pa15,away_tot15,target_1h_total,rest_home,rest_away,b2b_home,b2b_away,neutral_site,home_efg5,home_tov_rate5,home_orb_rate5,home_ftr5,home_poss5,away_efg5,away_tov_rate5,away_orb_rate5,away_ftr5,away_poss5,home_rating_margin,away_rating_margin,rating_margin_diff,home_off_rating,away_off_rating,off_rating_diff,home_def_rating,away_def_rating,def_rating_diff,home_tempo_rating,away_tempo_rating,tempo_rating_sum,target_total,target_margin
401587132,2023-11-07,St. John's Red Storm,Stony Brook Seawolves,,,,,,,,,,,,,71.0,,,False,False,False,,,,,,,,,,,17.509331993596483,-0.2629390370022875,17.77227103059877,,,,,,,,,,164.0,16.0
401574571,2023-11-13,St. John's Red Storm,Michigan Wolverines,,,,,,,,,,,,,86.0,6.0,6.0,False,False,False,,,,,,,,,,,17.509331993596483,12.446227768369392,5.0631042252270895,,,,,,,,,,162.0,-16.0
401581341,2023-11-16,North Texas Mean Green,St. John's Red Storm,,,,,,,,,,,,,50.0,5.0,3.0,False,False,True,,,,,,,,,,,12.10199242742815,17.509331993596483,-5.407339566168332,,,,,,,,,,105.0,-1.0
401581551,2023-11-19,Utah Utes,St. John's Red Storm,,,,,,,,,,,,,95.0,2.0,3.0,False,False,True,,,,,,,,,,,13.056510942922422,17.509331993596483,-4.452821050674061,,,,,,,,,,173.0,-9.0
401587133,2023-11-25,St. John's Red Storm,Holy Cross Crusaders,,,,,,,,,,,,,72.0,6.0,6.0,False,False,False,,,,,,,,,,,17.509331993596483,-1.727855676288777,19.23718766988526,,,,,,,,,,136.0,46.0
401574564,2023-12-01,West Virginia Mountaineers,St. John's Red Storm,,,,79.6,68.4,148.0,,,,,,,72.0,5.0,6.0,False,False,False,,,,,,,,,,0.0,9.037069956654111,17.509331993596483,-8.47226203694237,,,,,,,,,,152.0,-6.0
401577721,2023-12-06,St. John's Red Storm,Sacred Heart Pioneers,77.4,68.2,145.6,,,,,,,,,,73.0,5.0,6.0,False,False,False,,,,,,,,,,,17.509331993596483,4.213888530918444,13.29544346267804,,,,,,,,,,135.0,35.0
401583793,2023-12-10,Boston College Eagles,St. John's Red Storm,79.8,70.2,150.0,79.8,60.4,140.2,,,,,,,74.0,2.0,4.0,False,False,True,,,,,0.0,,,,,0.0,7.288623121957992,17.509331993596483,-10.220708871638491,,,,,,,,,,166.0,6.0
401599442,2023-12-20,St. John's Red Storm,Xavier Musketeers,85.2,67.2,152.4,76.4,71.0,147.4,,,,,,,80.0,10.0,15.0,False,False,False,,,,,0.0,,,,,0.0,17.509331993596483,11.641965959486,5.867366034110482,,,,,,,,,,147.0,15.0
401599446,2023-12-23,UConn Huskies,St. John's Red Storm,77.8,69.2,147.0,83.2,64.0,147.2,,,,,,,58.0,3.0,3.0,False,False,False,,,,,0.0,,,,,0.0,21.669089015261008,17.509331993596483,4.159757021664525,,,,,,,,,,134.0,4.0
401587134,2023-12-30,St. John's Red Storm,Hofstra Pride,78.0,68.8,146.8,73.0,75.0,148.0,,,,,,,68.0,7.0,9.0,False,False,True,,,,,0.0,,,,,0.0,17.509331993596483,5.982200298299148,11.527131695297337,,,,,,,,,,163.0,5.0
401599470,2024-01-02,St. John's Red Storm,Butler Bulldogs,79.0,70.0,149.0,84.0,74.6,158.6,,,,,,,83.0,3.0,10.0,False,False,False,,,,,0.0,,,,,0.0,17.509331993596483,10.529230060313983,6.9801019332825,,,,,,,,,,156.0,16.0
401599482,2024-01-10,St. John's Red Storm,Providence Friars,79.2,74.0,153.2,69.6,63.2,132.8,,,,,,,69.0,8.0,4.0,False,False,False,,,,,0.0,,,,,0.0,17.509331993596483,9.613879396716056,7.895452596880426,,,,,,,,,,148.0,2.0
401599486,2024-01-13,Creighton Bluejays,St. John's Red Storm,72.6,63.6,136.2,78.2,71.4,149.6,79.2,66.4,145.6,,,,65.0,4.0,3.0,False,False,False,,,,,0.0,,,,,0.0,16.877844368920474,17.509331993596483,-0.6314876246760086,,,,,,,,,,131.0,1.0
401599490,2024-01-16,Seton Hall Pirates,St. John's Red Storm,68.4,67.2,135.6,75.0,71.4,146.4,,,,,,,62.0,7.0,3.0,False,False,False,,,,,0.0,,,,,0.0,8.061502021479107,17.509331993596483,-9.447829972117376,,,,,,,,,,145.0,15.0
401599497,2024-01-20,St. John's Red Storm,Marquette Golden Eagles,75.0,73.6,148.6,75.4,67.8,143.2,77.53333333333333,70.26666666666667,147.8,75.26666666666667,67.66666666666667,142.93333333333334,62.0,4.0,5.0,False,False,False,,,,,0.0,,,,,0.0,17.509331993596483,17.330393724022557,0.1789382695739263,,,,,,,,,,145.0,-1.0
401599503,2024-01-24,St. John's Red Storm,Villanova Wildcats,72.6,72.4,145.0,76.6,67.0,143.6,76.33333333333333,70.2,146.53333333333333,73.4,66.26666666666667,139.66666666666666,54.0,4.0,4.0,False,False,False,,,,,0.0,,,,,0.0,17.509331993596483,13.933539482218372,3.5757925113781117,,,,,,,,,,120.0,20.0
401599511,2024-01-31,Xavier Musketeers,St. John's Red Storm,77.2,85.2,162.4,69.4,68.4,137.8,,,,76.13333333333334,67.6,143.73333333333332,72.0,3.0,7.0,False,False,False,,,,,0.0,,,,,0.0,11.641965959486,17.509331993596483,-5.867366034110482,,,,,,,,,,165.0,11.0
401599516,2024-02-03,St. John's Red Storm,UConn Huskies,69.8,71.4,141.2,76.2,60.2,136.4,77.73333333333333,70.0,147.73333333333332,78.4,65.86666666666666,144.26666666666668,73.0,3.0,3.0,False,False,False,,,,,0.0,,,,,0.0,17.509331993596483,21.669089015261008,-4.159757021664525,,,,,,,,,,141.0,-13.0
401599525,2024-02-10,Marquette Golden Eagles,St. John's Red Storm,82.0,67.8,149.8,69.6,73.6,143.2,77.06666666666666,68.53333333333333,145.6,75.93333333333334,69.66666666666667,145.6,85.0,7.0,7.0,False,False,False,,,,,0.0,,,,,0.0,17.330393724022557,17.509331993596483,-0.1789382695739263,,,,,,,,,,161.0,11.0
401599537,2024-02-18,St. John's Red Storm,Seton Hall Pirates,71.6,74.8,146.4,69.4,66.8,136.2,74.86666666666666,72.4,147.26666666666668,72.6,69.8,142.4,70.0,8.0,4.0,False,False,False,,,,,0.0,,,,,0.0,17.509331993596483,8.061502021479107,9.447829972117376,,,,,,,,,,130.0,-6.0
401599540,2024-02-21,Georgetown Hoyas,St. John's Red Storm,63.4,84.0,147.4,69.6,73.8,143.4,67.6,79.33333333333333,146.93333333333334,73.73333333333333,72.06666666666666,145.8,71.0,5.0,3.0,False,False,False,,,,,0.0,,,,,0.0,6.556077560053717,17.509331993596483,-10.953254433542766,,,,,,,,,,175.0,-5.0
401599547,2024-02-25,St. John's Red Storm,Creighton Bluejays,73.6,80.8,154.4,84.6,71.4,156.0,74.06666666666666,74.4,148.46666666666667,79.93333333333334,71.13333333333334,151.06666666666666,69.0,4.0,5.0,False,False,False,,,,,0.0,,,,,0.0,17.509331993596483,16.877844368920474,0.6314876246760086,,,,,,,,,,146.0,14.0
401599549,2024-02-28,Butler Bulldogs,St. John's Red Storm,70.4,79.6,150.0,74.2,76.4,150.6,76.86666666666666,77.2,154.06666666666666,74.06666666666666,73.06666666666666,147.13333333333333,72.0,8.0,3.0,False,False,False,,,,,0.0,,,,,0.0,10.529230060313983,17.509331993596483,-6.9801019332825,,,,,,,,,,141.0,-23.0
401599558,2024-03-05,DePaul Blue Demons,St. John's Red Storm,59.0,90.8,149.8,77.8,72.8,150.6,61.4,85.93333333333334,147.33333333333334,74.13333333333334,72.6,146.73333333333332,82.0,6.0,6.0,False,False,False,,,,,0.0,,,,,0.0,2.1498747018894835,17.509331993596483,-15.359457291707,,,,,,,,,,181.0,-27.0
401625563,2024-03-15,UConn Huskies,St. John's Red Storm,80.8,60.4,141.2,83.6,71.0,154.6,79.33333333333333,61.93333333333333,141.26666666666668,76.73333333333333,73.13333333333334,149.86666666666667,99.0,1.0,10.0,True,False,False,,,,,0.0,,,,,0.0,21.669089015261008,17.509331993596483,4.159757021664525,,,,,,,,,,185.0,5.0
401715591,2024-11-09,St. John's Red Storm,Quinnipiac Bobcats,89.2,76.4,165.6,70.8,56.8,127.6,77.13333333333334,74.2,151.33333333333334,76.4,68.26666666666667,144.66666666666666,74.0,239.0,2.0,False,False,False,,,,,0.0,,,,,0.0,17.509331993596483,5.269636353362446,12.239695640234036,,,,,,,,,,169.0,23.0
401715592,2024-11-13,St. John's Red Storm,Wagner Seahawks,90.4,74.0,164.4,66.6,66.4,133.0,77.8,74.4,152.2,65.33333333333333,64.13333333333334,129.46666666666667,53.0,4.0,4.0,False,False,False,,,,,0.0,,,,,0.0,17.509331993596483,2.0964536186414056,15.412878374955078,,,,,,,,,,111.0,21.0
401715593,2024-11-17,St. John's Red Storm,New Mexico Lobos,87.6,69.8,157.4,75.6,67.8,143.4,77.2,72.53333333333333,149.73333333333332,80.6,72.4,153.0,69.0,4.0,5.0,False,False,False,,,,,0.0,,,,,0.0,17.509331993596483,14.229104022657149,3.2802279709393343,,,,,,,,,,156.0,14.0
401715594,2024-11-21,St. John's Red Storm,Baylor Bears,88.2,72.2,160.4,81.4,69.6,151.0,78.53333333333333,72.86666666666666,151.4,78.33333333333333,71.93333333333334,150.26666666666668,74.0,4.0,4.0,False,False,True,,,,,0.0,,,,,0.0,17.509331993596483,18.237342030925515,-0.7280100373290317,,,,,,,,,,197.0,-1.0
401729735,2024-11-22,St. John's Red Storm,Virginia Cavaliers,87.0,76.6,163.6,56.2,58.4,114.6,80.73333333333333,74.13333333333334,154.86666666666667,56.46666666666667,58.93333333333333,115.4,65.0,1.0,1.0,True,True,True,,,,,0.0,,,,,0.0,17.509331993596483,8.280854168021758,9.228477825574725,,,,,,,,,,135.0,25.0
401714901,2024-11-24,Georgia Bulldogs,St. John's Red Storm,84.2,67.0,151.2,85.0,68.6,153.6,76.4,72.2,148.6,81.26666666666667,72.93333333333334,154.2,60.0,1.0,2.0,True,False,True,,,,,0.0,,,,,0.0,13.138919327688738,17.509331993596483,-4.370412665907745,,,,,,,,,,129.0,3.0
401715595,2024-11-30,St. John's Red Storm,Harvard Crimson,78.4,67.2,145.6,67.0,77.0,144.0,80.8,74.0,154.8,66.73333333333333,72.13333333333334,138.86666666666667,68.0,6.0,8.0,False,False,False,,,,,0.0,,,,,0.0,17.509331993596483,1.7603395652071454,15.748992428389338,,,,,,,,,,141.0,13.0
401706977,2024-12-07,St. John's Red Storm,Kansas State Wildcats,80.6,71.0,151.6,84.4,66.2,150.6,80.8,72.4,153.2,78.73333333333333,72.6,151.33333333333334,74.0,7.0,6.0,False,False,False,,,,,0.0,,,,,0.0,17.509331993596483,11.43057200314064,6.078759990455843,,,,,,,,,,159.0,17.0
401715596,2024-12-11,St. John's Red Storm,Bryant Bulldogs,81.2,71.0,152.2,88.4,76.4,164.8,82.4,72.0,154.4,83.26666666666667,77.66666666666667,160.93333333333334,86.0,4.0,3.0,False,False,False,,,,,0.0,,,,,0.0,17.509331993596483,6.777220244735713,10.73211174886077,,,,,,,,,,176.0,22.0
401719071,2024-12-17,St. John's Red Storm,DePaul Blue Demons,81.4,66.6,148.0,78.0,67.4,145.4,84.0,71.4,155.4,72.66666666666667,75.6,148.26666666666668,69.0,6.0,7.0,False,False,False,,,,,0.0,,,,,0.0,17.509331993596483,2.1498747018894835,15.359457291707,,,,,,,,,,150.0,28.0
401719075,2024-12-20,Providence Friars,St. John's Red Storm,69.4,70.8,140.2,83.2,67.8,151.0,69.86666666666666,64.6,134.46666666666667,85.8,70.93333333333334,156.73333333333332,71.0,10.0,3.0,False,False,False,,,,,0.0,,,,,0.0,9.613879396716056,17.509331993596483,-7.895452596880426,,,,,,,,,,142.0,-2.0
401715597,2024-12-28,St. John's Red Storm,Delaware Blue Hens,85.0,68.6,153.6,78.6,71.6,150.2,84.6,69.93333333333334,154.53333333333333,75.13333333333334,74.2,149.33333333333334,77.0,8.0,8.0,False,False,False,,,,,0.0,,,,,0.0,17.509331993596483,5.412454581844707,12.096877411751777,,,,,,,,,,173.0,21.0
401719082,2024-12-31,Creighton Bluejays,St. John's Red Storm,74.2,73.6,147.8,89.0,71.0,160.0,76.66666666666667,70.66666666666667,147.33333333333334,85.73333333333333,70.6,156.33333333333334,54.0,13.0,3.0,False,False,False,,,,,0.0,,,,,0.0,16.877844368920474,17.509331993596483,-0.6314876246760086,,,,,,,,,,113.0,1.0
401719093,2025-01-07,Xavier Musketeers,St. John's Red Storm,76.2,75.0,151.2,82.6,68.2,150.8,79.33333333333333,70.06666666666666,149.4,84.0,70.46666666666667,154.46666666666667,78.0,4.0,7.0,False,False,False,,,,,0.0,,,,,0.0,11.641965959486,17.509331993596483,-5.867366034110482,,,,,,,,,,154.0,-10.0
401719101,2025-01-14,St. John's Red Storm,Georgetown Hoyas,79.2,67.2,146.4,67.8,63.6,131.4,82.53333333333333,70.13333333333334,152.66666666666666,74.0,63.53333333333333,137.53333333333333,64.0,7.0,3.0,False,False,False,,,,,0.0,,,,,0.0,17.509331993596483,6.556077560053717,10.953254433542766,,,,,,,,,,121.0,5.0
401719114,2025-01-22,St. John's Red Storm,Xavier Musketeers,74.0,66.6,140.6,71.4,68.6,140.0,80.73333333333333,67.66666666666667,148.4,75.06666666666666,69.2,144.26666666666668,70.0,8.0,4.0,False,False,False,,,,,0.0,,,,,0.0,17.509331993596483,11.641965959486,5.867366034110482,,,,,,,,,,150.0,8.0
401719122,2025-01-28,Georgetown Hoyas,St. John's Red Storm,63.2,68.2,131.4,75.4,66.8,142.2,72.2,62.266666666666666,134.46666666666667,79.6,67.53333333333333,147.13333333333333,68.0,8.0,6.0,False,False,False,,,,,0.0,,,,,0.0,6.556077560053717,17.509331993596483,-10.953254433542766,,,,,,,,,,107.0,-25.0
401719127,2025-02-01,St. John's Red Storm,Providence Friars,69.2,59.8,129.0,74.8,75.6,150.4,79.6,67.26666666666667,146.86666666666667,70.53333333333333,69.73333333333333,140.26666666666668,46.0,4.0,4.0,False,False,False,,,,,0.0,,,,,0.0,17.509331993596483,9.613879396716056,7.895452596880426,,,,,,,,,,134.0,2.0
401719131,2025-02-04,St. John's Red Storm,Marquette Golden Eagles,71.6,61.6,133.2,73.4,67.6,141.0,78.46666666666667,66.93333333333334,145.4,76.66666666666667,69.06666666666666,145.73333333333332,61.0,3.0,3.0,False,False,False,,,,,0.0,,,,,0.0,17.509331993596483,17.330393724022557,0.1789382695739263,,,,,,,,,,134.0,6.0
401719135,2025-02-07,UConn Huskies,St. John's Red Storm,72.8,70.4,143.2,69.2,60.0,129.2,77.73333333333333,69.86666666666666,147.6,76.6,64.6,141.2,72.0,6.0,3.0,False,False,False,,,,,0.0,,,,,0.0,21.669089015261008,17.509331993596483,4.159757021664525,,,,,,,,,,130.0,-6.0
401719143,2025-02-12,Villanova Wildcats,St. John's Red Storm,70.2,68.2,138.4,70.2,60.8,131.0,74.0,66.66666666666667,140.66666666666666,75.8,65.06666666666666,140.86666666666667,66.0,3.0,5.0,False,False,False,,,,,0.0,,,,,0.0,13.933539482218372,17.509331993596483,-3.5757925113781117,,,,,,,,,,144.0,2.0
401719148,2025-02-16,St. John's Red Storm,Creighton Bluejays,68.6,61.2,129.8,76.4,66.4,142.8,76.33333333333333,65.53333333333333,141.86666666666667,73.73333333333333,69.26666666666667,143.0,79.0,4.0,5.0,False,False,False,,,,,0.0,,,,,0.0,17.509331993596483,16.877844368920474,0.6314876246760086,,,,,,,,,,152.0,6.0
401719152,2025-02-19,DePaul Blue Demons,St. John's Red Storm,58.2,65.8,124.0,71.2,67.6,138.8,70.13333333333334,71.33333333333333,141.46666666666667,76.46666666666667,66.13333333333334,142.6,66.0,8.0,3.0,False,False,False,,,,,0.0,,,,,0.0,2.1498747018894835,17.509331993596483,-15.359457291707,,,,,,,,,,140.0,-24.0
401719156,2025-02-23,St. John's Red Storm,UConn Huskies,74.0,66.0,140.0,69.4,64.6,134.0,76.06666666666666,65.26666666666667,141.33333333333334,74.2,70.6,144.8,82.0,4.0,5.0,False,False,False,,,,,0.0,,,,,0.0,17.509331993596483,21.669089015261008,-4.159757021664525,,,,,,,,,,164.0,14.0
401719161,2025-02-26,Butler Bulldogs,St. John's Red Storm,72.8,72.2,145.0,77.8,68.2,146.0,71.53333333333333,74.73333333333333,146.26666666666668,75.4,65.13333333333334,140.53333333333333,70.0,8.0,3.0,False,False,False,,,,,0.0,,,,,0.0,10.529230060313983,17.509331993596483,-6.9801019332825,,,,,,,,,,146.0,-6.0
401719169,2025-03-01,St. John's Red Storm,Seton Hall Pirates,79.4,69.8,149.2,57.4,74.0,131.4,74.53333333333333,65.73333333333333,140.26666666666668,64.53333333333333,74.33333333333333,138.86666666666667,64.0,3.0,3.0,False,False,False,,,,,0.0,,,,,0.0,17.509331993596483,8.061502021479107,9.447829972117376,,,,,,,,,,132.0,10.0
401719193,2025-03-08,Marquette Golden Eagles,St. John's Red Storm,74.0,64.4,138.4,79.4,67.4,146.8,73.0,67.6,140.6,74.46666666666667,65.13333333333334,139.6,71.0,3.0,7.0,False,False,False,,,,,0.0,,,,,0.0,17.330393724022557,17.509331993596483,-0.1789382695739263,,,,,,,,,,170.0,-2.0
401743878,2025-03-13,St. John's Red Storm,Butler Bulldogs,80.8,69.6,150.4,74.0,73.2,147.2,73.73333333333333,65.66666666666667,139.4,72.33333333333333,76.2,148.53333333333333,63.0,5.0,1.0,False,True,True,,,,,0.0,,,,,0.0,17.509331993596483,10.529230060313983,6.9801019332825,,,,,,,,,,135.0,21.0
401743882,2025-03-14,St. John's Red Storm,Marquette Golden Eagles,80.0,69.4,149.4,79.4,71.6,151.0,75.2,65.66666666666667,140.86666666666667,73.93333333333334,69.2,143.13333333333333,72.0,1.0,1.0,True,True,True,,,,,0.0,,,,,0.0,17.509331993596483,17.330393724022557,0.1789382695739263,,,,,,,,,,142.0,16.0
401743884,2025-03-15,St. John's Red Storm,Creighton Bluejays,78.0,67.0,145.0,74.6,68.8,143.4,75.0,65.06666666666666,140.06666666666666,73.4,68.8,142.2,53.0,1.0,11.0,True,False,False,,,,,0.0,,,,,0.0,17.509331993596483,16.877844368920474,0.6314876246760086,,,,,,,,,,148.0,16.0
401745989,2025-03-20,St. John's Red Storm,Omaha Mavericks,79.2,66.2,145.4,79.6,75.4,155.0,76.26666666666667,65.6,141.86666666666667,76.73333333333333,73.26666666666667,150.0,61.0,5.0,11.0,False,False,True,,,,,0.0,,,,,0.0,17.509331993596483,3.710973858664562,13.79835813493192,,,,,,,,,,136.0,30.0
401746032,2025-03-22,St. John's Red Storm,Arkansas Razorbacks,81.6,64.6,146.2,84.0,78.0,162.0,76.53333333333333,64.4,140.93333333333334,77.06666666666666,74.46666666666667,151.53333333333333,67.0,2.0,2.0,False,False,True,,,,,0.0,,,,,0.0,17.509331993596483,13.312183471574752,4.197148522021731,,,,,,,,,,141.0,-9.0
401820577,2025-11-03,St. John's Red Storm,Quinnipiac Bobcats,77.6,62.8,140.4,72.6,68.4,141.0,76.53333333333333,66.66666666666667,143.2,74.86666666666666,69.06666666666666,143.93333333333334,88.0,226.0,236.0,False,False,False,,,,,0.0,,,,,0.0,17.509331993596483,5.269636353362446,12.239695640234036,,,,,,,,,,182.0,34.0
401812261,2025-11-08,St. John's Red Storm,Alabama Crimson Tide,83.6,66.2,149.8,87.8,76.4,164.2,79.2,67.2,146.4,91.73333333333332,84.33333333333333,176.06666666666666,,5.0,5.0,False,False,False,,,,,0.0,,,,,0.0,17.509331993596483,21.393821031432516,-3.8844890378360297,,,,,,,,,,0.0,0.0
401826915,2025-11-15,St. John's Red Storm,William & Mary Tribe,67.8,53.6,121.4,56.4,65.4,121.8,74.53333333333333,62.93333333333333,137.46666666666667,68.8,73.53333333333333,142.33333333333334,,7.0,7.0,False,False,False,,,,,0.0,,,,,0.0,17.509331993596483,1.4385274784293236,16.070804515167158,,,,,,,,,,0.0,0.0
401809078,2025-11-20,St. John's Red Storm,Bucknell Bison,51.4,40.4,91.8,30.6,31.0,61.6,70.0,58.8,128.8,59.8,52.8,112.6,,5.0,3.0,False,False,False,,,,,0.0,,,,,0.0,17.509331993596483,3.2976311330640606,14.211700860532424,,,,,,,,,,0.0,0.0
401819874,2025-11-24,Iowa State Cyclones,St. John's Red Storm,53.6,40.6,94.2,34.8,29.8,64.6,69.8,59.93333333333333,129.73333333333332,65.26666666666667,53.93333333333333,119.2,,7.0,4.0,False,False,True,,,,,0.0,,,,,0.0,21.304080751672675,17.509331993596483,3.794748758076192,,,,,,,,,,0.0,0.0
401819827,2025-11-25,Baylor Bears,St. John's Red Storm,28.2,32.2,60.4,21.6,14.8,36.4,55.66666666666666,58.06666666666667,113.73333333333332,60.0,49.06666666666667,109.06666666666666,,1.0,1.0,True,True,True,,,,,0.0,,,,,0.0,18.237342030925515,17.509331993596483,0.7280100373290317,,,,,,,,,,0.0,0.0
401826916,2025-12-06,St. John's Red Storm,Ole Miss Rebels,0.0,0.0,0.0,0.0,0.0,0.0,54.53333333333333,45.2,99.73333333333332,48.6,51.66666666666666,100.26666666666668,,11.0,4.0,False,False,False,,,,,0.0,,,,,0.0,17.509331993596483,14.079575140373104,3.4297568532233798,,,,,,,,,,0.0,0.0
401824309,2025-12-13,St. John's Red Storm,Iona Gaels,0.0,0.0,0.0,0.0,0.0,0.0,48.6,40.2,88.8,32.93333333333333,31.33333333333333,64.26666666666667,,7.0,3.0,False,False,False,,,,,0.0,,,,,0.0,17.509331993596483,2.2406965294090457,15.268635464187437,,,,,,,,,,0.0,0.0
401822869,2025-12-16,St. John's Red Storm,DePaul Blue Demons,0.0,0.0,0.0,0.0,0.0,0.0,43.53333333333333,35.53333333333333,79.06666666666666,34.4,37.86666666666667,72.26666666666667,,3.0,7.0,False,False,False,,,,,0.0,,,,,0.0,17.509331993596483,2.1498747018894835,15.359457291707,,,,,,,,,,0.0,0.0
401809306,2025-12-20,Kentucky Wildcats,St. John's Red Storm,0.0,0.0,0.0,0.0,0.0,0.0,26.133333333333333,24.466666666666665,50.6,38.8,31.466666666666665,70.26666666666667,,7.0,4.0,False,False,True,,,,,0.0,,,,,0.0,18.63693618154013,17.509331993596483,1.1276041879436465,,,,,,,,,,0.0,0.0
401812611,2025-12-23,St. John's Red Storm,Harvard Crimson,0.0,0.0,0.0,0.0,0.0,0.0,33.06666666666667,25.866666666666667,58.93333333333333,24.466666666666665,22.666666666666668,47.13333333333333,,3.0,3.0,False,False,False,,,,,0.0,,,,,0.0,17.509331993596483,1.7603395652071454,15.748992428389338,,,,,,,,,,0.0,0.0
401822879,2025-12-31,Georgetown Hoyas,St. John's Red Storm,0.0,0.0,0.0,0.0,0.0,0.0,25.933333333333334,27.33333333333333,53.266666666666666,27.866666666666667,22.066666666666663,49.93333333333333,,9.0,8.0,False,False,False,,,,,0.0,,,,,0.0,6.556077560053717,17.509331993596483,-10.953254433542766,,,,,,,,,,0.0,0.0
401822882,2026-01-03,St. John's Red Storm,Providence Friars,0.0,0.0,0.0,0.0,0.0,0.0,22.6,17.866666666666667,40.46666666666667,28.066666666666663,33.4,61.46666666666667,,3.0,15.0,False,False,False,,,,,0.0,,,,,0.0,17.509331993596483,9.613879396716056,7.895452596880426,,,,,,,,,,0.0,0.0
401822888,2026-01-06,Butler Bulldogs,St. John's Red Storm,0.0,0.0,0.0,0.0,0.0,0.0,21.6,21.33333333333333,42.93333333333333,17.133333333333333,13.466666666666669,30.6,,7.0,3.0,False,False,False,,,,,0.0,,,,,0.0,10.529230060313983,17.509331993596483,-6.9801019332825,,,,,,,,,,0.0,0.0
401822892,2026-01-10,Creighton Bluejays,St. John's Red Storm,0.0,0.0,0.0,0.0,0.0,0.0,6.133333333333334,5.066666666666666,11.2,11.6,9.933333333333334,21.53333333333333,,3.0,4.0,False,False,False,,,,,0.0,,,,,0.0,16.877844368920474,17.509331993596483,-0.6314876246760086,,,,,,,,,,0.0,0.0
401822897,2026-01-13,St. John's Red Storm,Marquette Golden Eagles,0.0,0.0,0.0,0.0,0.0,0.0,7.2,4.933333333333334,12.133333333333333,6.666666666666667,5.466666666666667,12.133333333333333,,3.0,6.0,False,False,False,,,,,0.0,,,,,0.0,17.509331993596483,17.330393724022557,0.1789382695739263,,,,,,,,,,0.0,0.0
401822905,2026-01-17,Villanova Wildcats,St. John's Red Storm,0.0,0.0,0.0,0.0,0.0,0.0,25.066666666666663,23.53333333333333,48.6,0.0,0.0,0.0,,10.0,4.0,False,False,False,,,,,0.0,,,,,0.0,13.933539482218372,17.509331993596483,-3.5757925113781117,,,,,,,,,,0.0,0.0
401822909,2026-01-20,St. John's Red Storm,Seton Hall Pirates,0.0,0.0,0.0,0.0,0.0,0.0,0.0,0.0,0.0,11.8,14.466666666666669,26.266666666666666,,3.0,7.0,False,False,False,,,,,0.0,,,,,0.0,17.509331993596483,8.061502021479107,9.447829972117376,,,,,,,,,,0.0,0.0
401822914,2026-01-24,Xavier Musketeers,St. John's Red Storm,0.0,0.0,0.0,0.0,0.0,0.0,4.933333333333334,4.6,9.533333333333331,0.0,0.0,0.0,,3.0,4.0,False,False,False,,,,,0.0,,,,,0.0,11.641965959486,17.509331993596483,-5.867366034110482,,,,,,,,,,0.0,0.0
401822919,2026-01-28,St. John's Red Storm,Butler Bulldogs,0.0,0.0,0.0,0.0,0.0,0.0,0.0,0.0,0.0,0.0,0.0,0.0,,4.0,5.0,False,False,False,,,,,0.0,,,,,0.0,17.509331993596483,10.529230060313983,6.9801019332825,,,,,,,,,,0.0,0.0
401822928,2026-02-03,DePaul Blue Demons,St. John's Red Storm,0.0,0.0,0.0,0.0,0.0,0.0,0.0,0.0,0.0,0.0,0.0,0.0,,6.0,6.0,False,False,False,,,,,0.0,,,,,0.0,2.1498747018894835,17.509331993596483,-15.359457291707,,,,,,,,,,0.0,0.0
401822932,2026-02-06,St. John's Red Storm,UConn Huskies,0.0,0.0,0.0,0.0,0.0,0.0,0.0,0.0,0.0,0.0,0.0,0.0,,3.0,3.0,False,False,False,,,,,0.0,,,,,0.0,17.509331993596483,21.669089015261008,-4.159757021664525,,,,,,,,,,0.0,0.0
401822937,2026-02-09,St. John's Red Storm,Xavier Musketeers,0.0,0.0,0.0,0.0,0.0,0.0,0.0,0.0,0.0,0.0,0.0,0.0,,3.0,6.0,False,False,False,,,,,0.0,,,,,0.0,17.509331993596483,11.641965959486,5.867366034110482,,,,,,,,,,0.0,0.0
401822943,2026-02-14,Providence Friars,St. John's Red Storm,0.0,0.0,0.0,0.0,0.0,0.0,0.0,0.0,0.0,0.0,0.0,0.0,,3.0,5.0,False,False,False,,,,,0.0,,,,,0.0,9.613879396716056,17.509331993596483,-7.895452596880426,,,,,,,,,,0.0,0.0
401822949,2026-02-18,Marquette Golden Eagles,St. John's Red Storm,0.0,0.0,0.0,0.0,0.0,0.0,0.0,0.0,0.0,0.0,0.0,0.0,,8.0,4.0,False,False,False,,,,,0.0,,,,,0.0,17.330393724022557,17.509331993596483,-0.1789382695739263,,,,,,,,,,0.0,0.0
401822952,2026-02-21,St. John's Red Storm,Creighton Bluejays,0.0,0.0,0.0,0.0,0.0,0.0,0.0,0.0,0.0,0.0,0.0,0.0,,3.0,3.0,False,False,False,,,,,0.0,,,,,0.0,17.509331993596483,16.877844368920474,0.6314876246760086,,,,,,,,,,0.0,0.0
401822959,2026-02-25,UConn Huskies,St. John's Red Storm,0.0,0.0,0.0,0.0,0.0,0.0,0.0,0.0,0.0,0.0,0.0,0.0,,4.0,4.0,False,False,False,,,,,0.0,,,,,0.0,21.669089015261008,17.509331993596483,4.159757021664525,,,,,,,,,,0.0,0.0
401822962,2026-02-28,St. John's Red Storm,Villanova Wildcats,0.0,0.0,0.0,0.0,0.0,0.0,0.0,0.0,0.0,0.0,0.0,0.0,,3.0,3.0,False,False,False,,,,,0.0,,,,,0.0,17.509331993596483,13.933539482218372,3.5757925113781117,,,,,,,,,,0.0,0.0
401822967,2026-03-03,St. John's Red Storm,Georgetown Hoyas,0.0,0.0,0.0,0.0,0.0,0.0,0.0,0.0,0.0,0.0,0.0,0.0,,3.0,7.0,False,False,False,,,,,0.0,,,,,0.0,17.509331993596483,6.556077560053717,10.953254433542766,,,,,,,,,,0.0,0.0
401822972,2026-03-06,Seton Hall Pirates,St. John's Red Storm,0.0,0.0,0.0,0.0,0.0,0.0,0.0,0.0,0.0,0.0,0.0,0.0,,6.0,3.0,False,False,False,,,,,0.0,,,,,0.0,8.061502021479107,17.509331993596483,-9.447829972117376,,,,,,,,,,0.0,0.0
