book,fetched_at,moneyline_home,moneyline_away,spread,total,commence_time,home_team_name,away_team_name,pair_key,date,game_id,pred_total,pred_margin,pred_total_mu,pred_total_sigma,edge_total,edge_margin,edge_total_pct,edge_margin_pct,kelly_fraction_total,home_ml_prob_market,away_ml_prob_market,home_ml_prob_fair,away_ml_prob_fair,kelly_fraction_ml_home,kelly_fraction_ml_away,home_ml_ev,away_ml_ev,home_ml_b,away_ml_b
FanDuel,2025-11-09 03:33:55.067367+00:00,-50000.0,3500.0,-15.5,166.5,2025-11-09 02:00:00+00:00,UNLV Rebels,Chattanooga Mocs,chattanoogamocs::unlvrebels,,nan,,,,,,,,,,0.998003992015968,0.027777777777777776,,,,,,,0.002,35.0
DraftKings,2025-11-09 03:33:55.067367+00:00,-8500.0,2000.0,-15.5,167.5,2025-11-09 02:00:00+00:00,UNLV Rebels,Chattanooga Mocs,chattanoogamocs::unlvrebels,,nan,,,,,,,,,,0.9883720930232558,0.047619047619047616,,,,,,,0.011764705882352941,20.0
BetMGM,2025-11-09 03:33:55.067367+00:00,-10000.0,1350.0,-13.5,164.5,2025-11-09 02:00:00+00:00,UNLV Rebels,Chattanooga Mocs,chattanoogamocs::unlvrebels,,nan,,,,,,,,,,0.9900990099009901,0.06896551724137931,,,,,,,0.01,13.5
Bovada,2025-11-09 03:33:55.067367+00:00,-5000.0,1400.0,-14.5,165.5,2025-11-09 02:00:00+00:00,UNLV Rebels,Chattanooga Mocs,chattanoogamocs::unlvrebels,,nan,,,,,,,,,,0.9803921568627451,0.06666666666666667,,,,,,,0.02,14.0
Caesars,2025-11-09 03:33:55.067367+00:00,-6000.0,1800.0,-14.5,166.5,2025-11-09 02:00:00+00:00,UNLV Rebels,Chattanooga Mocs,chattanoogamocs::unlvrebels,,nan,,,,,,,,,,0.9836065573770492,0.05263157894736842,,,,,,,0.016666666666666666,18.0
BetRivers,2025-11-09 03:33:55.067367+00:00,,,-15.5,168.5,2025-11-09 02:00:00+00:00,UNLV Rebels,Chattanooga Mocs,chattanoogamocs::unlvrebels,,nan,,,,,,,,,,,,,,,,,,,
Fanatics,2025-11-09 03:33:55.067367+00:00,-10000.0,2200.0,-15.5,165.5,2025-11-09 02:00:00+00:00,UNLV Rebels,Chattanooga Mocs,chattanoogamocs::unlvrebels,,nan,,,,,,,,,,0.9900990099009901,0.043478260869565216,,,,,,,0.01,22.0
DraftKings,2025-11-09 03:33:55.067367+00:00,,,-21.5,162.5,2025-11-09 02:02:34+00:00,Loyola Marymount Lions,Arkansas-Pine Bluff Golden Lions,arkansas-pinebluffgoldenlions::loyolamarymountlions,,nan,,,,,,,,,,,,,,,,,,,
BetMGM,2025-11-09 03:33:55.067367+00:00,-10000.0,3300.0,-21.5,162.5,2025-11-09 02:02:34+00:00,Loyola Marymount Lions,Arkansas-Pine Bluff Golden Lions,arkansas-pinebluffgoldenlions::loyolamarymountlions,,nan,,,,,,,,,,0.9900990099009901,0.029411764705882353,,,,,,,0.01,33.0
BetRivers,2025-11-09 03:33:55.067367+00:00,,,-22.5,162.5,2025-11-09 02:02:34+00:00,Loyola Marymount Lions,Arkansas-Pine Bluff Golden Lions,arkansas-pinebluffgoldenlions::loyolamarymountlions,,nan,,,,,,,,,,,,,,,,,,,
Bovada,2025-11-09 03:33:55.067367+00:00,,,-21.5,162.5,2025-11-09 02:02:34+00:00,Loyola Marymount Lions,Arkansas-Pine Bluff Golden Lions,arkansas-pinebluffgoldenlions::loyolamarymountlions,,nan,,,,,,,,,,,,,,,,,,,
FanDuel,2025-11-09 03:33:55.067367+00:00,,,-21.5,163.5,2025-11-09 02:02:34+00:00,Loyola Marymount Lions,Arkansas-Pine Bluff Golden Lions,arkansas-pinebluffgoldenlions::loyolamarymountlions,,nan,,,,,,,,,,,,,,,,,,,
Caesars,2025-11-09 03:33:55.067367+00:00,,,-20.5,163.5,2025-11-09 02:02:34+00:00,Loyola Marymount Lions,Arkansas-Pine Bluff Golden Lions,arkansas-pinebluffgoldenlions::loyolamarymountlions,,nan,,,,,,,,,,,,,,,,,,,
Fanatics,2025-11-09 03:33:55.067367+00:00,,,-20.5,160.5,2025-11-09 02:02:34+00:00,Loyola Marymount Lions,Arkansas-Pine Bluff Golden Lions,arkansas-pinebluffgoldenlions::loyolamarymountlions,,nan,,,,,,,,,,,,,,,,,,,
FanDuel,2025-11-09 03:33:55.067367+00:00,,,-44.5,156.5,2025-11-09 02:05:00+00:00,BYU Cougars,Holy Cross Crusaders,holycrosscrusaders::byucougars,,nan,,,,,,,,,,,,,,,,,,,
BetMGM,2025-11-09 03:33:55.067367+00:00,-10000.0,3300.0,-45.5,156.5,2025-11-09 02:05:00+00:00,BYU Cougars,Holy Cross Crusaders,holycrosscrusaders::byucougars,,nan,,,,,,,,,,0.9900990099009901,0.029411764705882353,,,,,,,0.01,33.0
DraftKings,2025-11-09 03:33:55.067367+00:00,,,-45.5,155.5,2025-11-09 02:05:00+00:00,BYU Cougars,Holy Cross Crusaders,holycrosscrusaders::byucougars,,nan,,,,,,,,,,,,,,,,,,,
BetRivers,2025-11-09 03:33:55.067367+00:00,,,-45.5,156.5,2025-11-09 02:05:00+00:00,BYU Cougars,Holy Cross Crusaders,holycrosscrusaders::byucougars,,nan,,,,,,,,,,,,,,,,,,,
Bovada,2025-11-09 03:33:55.067367+00:00,,,-45.5,155.5,2025-11-09 02:05:00+00:00,BYU Cougars,Holy Cross Crusaders,holycrosscrusaders::byucougars,,nan,,,,,,,,,,,,,,,,,,,
Caesars,2025-11-09 03:33:55.067367+00:00,,,-44.5,155.5,2025-11-09 02:05:00+00:00,BYU Cougars,Holy Cross Crusaders,holycrosscrusaders::byucougars,,nan,,,,,,,,,,,,,,,,,,,
Fanatics,2025-11-09 03:33:55.067367+00:00,,,-44.5,156.5,2025-11-09 02:05:00+00:00,BYU Cougars,Holy Cross Crusaders,holycrosscrusaders::byucougars,,nan,,,,,,,,,,,,,,,,,,,
DraftKings,2025-11-09 03:33:55.067367+00:00,-1150.0,650.0,-13.5,139.5,2025-11-09 03:02:29+00:00,UC San Diego Tritons,Houston Christian Huskies,houstonchristianhuskies::ucsandiegotritons,,nan,,,,,,,,,,0.92,0.13333333333333333,,,,,,,0.08695652173913043,6.5
BetMGM,2025-11-09 03:33:55.067367+00:00,-800.0,500.0,-10.5,136.5,2025-11-09 03:02:29+00:00,UC San Diego Tritons,Houston Christian Huskies,houstonchristianhuskies::ucsandiegotritons,,nan,,,,,,,,,,0.8888888888888888,0.16666666666666666,,,,,,,0.125,5.0
BetRivers,2025-11-09 03:33:55.067367+00:00,-3335.0,650.0,-12.5,137.5,2025-11-09 03:02:29+00:00,UC San Diego Tritons,Houston Christian Huskies,houstonchristianhuskies::ucsandiegotritons,,nan,,,,,,,,,,0.9708879184861717,0.13333333333333333,,,,,,,0.029985007496251874,6.5
Bovada,2025-11-09 03:33:55.067367+00:00,-800.0,475.0,-10.5,138.5,2025-11-09 03:02:29+00:00,UC San Diego Tritons,Houston Christian Huskies,houstonchristianhuskies::ucsandiegotritons,,nan,,,,,,,,,,0.8888888888888888,0.17391304347826086,,,,,,,0.125,4.75
FanDuel,2025-11-09 03:33:55.067367+00:00,-1400.0,680.0,-12.5,138.5,2025-11-09 03:02:29+00:00,UC San Diego Tritons,Houston Christian Huskies,houstonchristianhuskies::ucsandiegotritons,,nan,,,,,,,,,,0.9333333333333333,0.1282051282051282,,,,,,,0.07142857142857142,6.8
Caesars,2025-11-09 03:33:55.067367+00:00,-1000.0,600.0,-11.5,137.5,2025-11-09 03:02:29+00:00,UC San Diego Tritons,Houston Christian Huskies,houstonchristianhuskies::ucsandiegotritons,,nan,,,,,,,,,,0.9090909090909091,0.14285714285714285,,,,,,,0.1,6.0
Fanatics,2025-11-09 03:33:55.067367+00:00,-700.0,425.0,-10.5,138.5,2025-11-09 03:02:29+00:00,UC San Diego Tritons,Houston Christian Huskies,houstonchristianhuskies::ucsandiegotritons,,nan,,,,,,,,,,0.875,0.19047619047619047,,,,,,,0.14285714285714285,4.25
DraftKings,2025-11-09 03:33:55.067367+00:00,-1750.0,850.0,-15.5,167.5,2025-11-09 03:03:07+00:00,Seattle Redhawks,Cal Poly Mustangs,calpolymustangs::seattleredhawks,,nan,,,,,,,,,,0.9459459459459459,0.10526315789473684,,,,,,,0.05714285714285714,8.5
BetMGM,2025-11-09 03:33:55.067367+00:00,-900.0,525.0,,166.5,2025-11-09 03:03:07+00:00,Seattle Redhawks,Cal Poly Mustangs,calpolymustangs::seattleredhawks,,nan,,,,,,,,,,0.9,0.16,,,,,,,0.1111111111111111,5.25
Bovada,2025-11-09 03:33:55.067367+00:00,-1200.0,650.0,-12.5,165.5,2025-11-09 03:03:07+00:00,Seattle Redhawks,Cal Poly Mustangs,calpolymustangs::seattleredhawks,,nan,,,,,,,,,,0.9230769230769231,0.13333333333333333,,,,,,,0.08333333333333333,6.5
Caesars,2025-11-09 03:33:55.067367+00:00,-1000.0,600.0,-12.5,168.5,2025-11-09 03:03:07+00:00,Seattle Redhawks,Cal Poly Mustangs,calpolymustangs::seattleredhawks,,nan,,,,,,,,,,0.9090909090909091,0.14285714285714285,,,,,,,0.1,6.0
BetRivers,2025-11-09 03:33:55.067367+00:00,-2500.0,550.0,-11.5,168.5,2025-11-09 03:03:07+00:00,Seattle Redhawks,Cal Poly Mustangs,calpolymustangs::seattleredhawks,,nan,,,,,,,,,,0.9615384615384616,0.15384615384615385,,,,,,,0.04,5.5
FanDuel,2025-11-09 03:33:55.067367+00:00,-1800.0,800.0,-13.5,168.5,2025-11-09 03:03:07+00:00,Seattle Redhawks,Cal Poly Mustangs,calpolymustangs::seattleredhawks,,nan,,,,,,,,,,0.9473684210526315,0.1111111111111111,,,,,,,0.05555555555555555,8.0
Fanatics,2025-11-09 03:33:55.067367+00:00,-1500.0,800.0,-13.5,167.5,2025-11-09 03:03:07+00:00,Seattle Redhawks,Cal Poly Mustangs,calpolymustangs::seattleredhawks,,nan,,,,,,,,,,0.9375,0.1111111111111111,,,,,,,0.06666666666666667,8.0
FanDuel,2025-11-09 03:33:55.067367+00:00,-4000.0,1100.0,-15.5,136.5,2025-11-09 03:10:00+00:00,Nevada Wolf Pack,Pacific Tigers,pacifictigers::nevadawolfpack,,nan,,,,,,,,,,0.975609756097561,0.08333333333333333,,,,,,,0.025,11.0
DraftKings,2025-11-09 03:33:55.067367+00:00,-3200.0,1300.0,-14.5,133.5,2025-11-09 03:10:00+00:00,Nevada Wolf Pack,Pacific Tigers,pacifictigers::nevadawolfpack,,nan,,,,,,,,,,0.9696969696969697,0.07142857142857142,,,,,,,0.03125,13.0
BetMGM,2025-11-09 03:33:55.067367+00:00,-5000.0,1200.0,-17.5,137.5,2025-11-09 03:10:00+00:00,Nevada Wolf Pack,Pacific Tigers,pacifictigers::nevadawolfpack,,nan,,,,,,,,,,0.9803921568627451,0.07692307692307693,,,,,,,0.02,12.0
Bovada,2025-11-09 03:33:55.067367+00:00,-3300.0,1200.0,-15.5,136.5,2025-11-09 03:10:00+00:00,Nevada Wolf Pack,Pacific Tigers,pacifictigers::nevadawolfpack,,nan,,,,,,,,,,0.9705882352941176,0.07692307692307693,,,,,,,0.030303030303030304,12.0
Caesars,2025-11-09 03:33:55.067367+00:00,,,-14.5,134.5,2025-11-09 03:10:00+00:00,Nevada Wolf Pack,Pacific Tigers,pacifictigers::nevadawolfpack,,nan,,,,,,,,,,,,,,,,,,,
BetRivers,2025-11-09 03:33:55.067367+00:00,-5000.0,800.0,-13.5,135.5,2025-11-09 03:10:00+00:00,Nevada Wolf Pack,Pacific Tigers,pacifictigers::nevadawolfpack,,nan,,,,,,,,,,0.9803921568627451,0.1111111111111111,,,,,,,0.02,8.0
Fanatics,2025-11-09 03:33:55.067367+00:00,-3000.0,1200.0,-15.5,134.5,2025-11-09 03:10:00+00:00,Nevada Wolf Pack,Pacific Tigers,pacifictigers::nevadawolfpack,,nan,,,,,,,,,,0.967741935483871,0.07692307692307693,,,,,,,0.03333333333333333,12.0
DraftKings,2025-11-09 03:33:55.067367+00:00,-580.0,380.0,-10.5,168.5,2025-11-09 03:30:00+00:00,Gonzaga Bulldogs,Oklahoma Sooners,oklahomasooners::gonzagabulldogs,,nan,,,,,,,,,,0.8529411764705882,0.20833333333333334,,,,,,,0.1724137931034483,3.8
BetRivers,2025-11-09 03:33:55.067367+00:00,-590.0,360.0,-10.5,168.5,2025-11-09 03:30:00+00:00,Gonzaga Bulldogs,Oklahoma Sooners,oklahomasooners::gonzagabulldogs,,nan,,,,,,,,,,0.855072463768116,0.21739130434782608,,,,,,,0.1694915254237288,3.6
BetMGM,2025-11-09 03:33:55.067367+00:00,-450.0,310.0,-9.5,167.5,2025-11-09 03:30:00+00:00,Gonzaga Bulldogs,Oklahoma Sooners,oklahomasooners::gonzagabulldogs,,nan,,,,,,,,,,0.8181818181818182,0.24390243902439024,,,,,,,0.2222222222222222,3.1
FanDuel,2025-11-09 03:33:55.067367+00:00,-720.0,450.0,-10.5,168.5,2025-11-09 03:30:00+00:00,Gonzaga Bulldogs,Oklahoma Sooners,oklahomasooners::gonzagabulldogs,,nan,,,,,,,,,,0.8780487804878049,0.18181818181818182,,,,,,,0.1388888888888889,4.5
Caesars,2025-11-09 03:33:55.067367+00:00,-450.0,320.0,-9.5,169.5,2025-11-09 03:30:00+00:00,Gonzaga Bulldogs,Oklahoma Sooners,oklahomasooners::gonzagabulldogs,,nan,,,,,,,,,,0.8181818181818182,0.23809523809523808,,,,,,,0.2222222222222222,3.2
BetOnline.ag,2025-11-09 03:33:55.067367+00:00,-650.0,476.0,-10.0,167.0,2025-11-09 03:30:00+00:00,Gonzaga Bulldogs,Oklahoma Sooners,oklahomasooners::gonzagabulldogs,,nan,,,,,,,,,,0.8666666666666667,0.1736111111111111,,,,,,,0.15384615384615385,4.76
LowVig.ag,2025-11-09 03:33:55.067367+00:00,-650.0,476.0,-10.0,167.0,2025-11-09 03:30:00+00:00,Gonzaga Bulldogs,Oklahoma Sooners,oklahomasooners::gonzagabulldogs,,nan,,,,,,,,,,0.8666666666666667,0.1736111111111111,,,,,,,0.15384615384615385,4.76
BetUS,2025-11-09 03:33:55.067367+00:00,-650.0,475.0,-10.5,167.0,2025-11-09 03:30:00+00:00,Gonzaga Bulldogs,Oklahoma Sooners,oklahomasooners::gonzagabulldogs,,nan,,,,,,,,,,0.8666666666666667,0.17391304347826086,,,,,,,0.15384615384615385,4.75
Bovada,2025-11-09 03:33:55.067367+00:00,-650.0,450.0,-10.5,167.0,2025-11-09 03:30:00+00:00,Gonzaga Bulldogs,Oklahoma Sooners,oklahomasooners::gonzagabulldogs,,nan,,,,,,,,,,0.8666666666666667,0.18181818181818182,,,,,,,0.15384615384615385,4.5
Fanatics,2025-11-09 03:33:55.067367+00:00,-700.0,475.0,-10.5,167.0,2025-11-09 03:30:00+00:00,Gonzaga Bulldogs,Oklahoma Sooners,oklahomasooners::gonzagabulldogs,,nan,,,,,,,,,,0.875,0.17391304347826086,,,,,,,0.14285714285714285,4.75
FanDuel,2025-11-09 03:33:55.067367+00:00,-450.0,340.0,-8.5,153.5,2025-11-09 17:00:00+00:00,Campbell Fighting Camels,Western Michigan Broncos,westernmichiganbroncos::campbellfightingcamels,2025-11-09,401828296,141.85124,2.9149399,142.10663,22.0,-11.64876000000001,,-0.075887687296417,,-0.38829200000000036,0.8181818181818182,0.22727272727272727,0.6026262673171017,0.39737373268289833,-1.0,0.22013071288375075,-0.2634567843902091,0.7484444238047525,0.2222222222222222,3.4
BetOnline.ag,2025-11-09 03:33:55.067367+00:00,,,-8.0,151.0,2025-11-09 17:00:00+00:00,Campbell Fighting Camels,Western Michigan Broncos,westernmichiganbroncos::campbellfightingcamels,2025-11-09,401828296,141.85124,2.9149399,142.10663,22.0,-9.14876000000001,,-0.06058781456953649,,-0.304958666666667,,,0.6026262673171017,0.39737373268289833,,,,,,
LowVig.ag,2025-11-09 03:33:55.067367+00:00,,,-8.0,151.0,2025-11-09 17:00:00+00:00,Campbell Fighting Camels,Western Michigan Broncos,westernmichiganbroncos::campbellfightingcamels,2025-11-09,401828296,141.85124,2.9149399,142.10663,22.0,-9.14876000000001,,-0.06058781456953649,,-0.304958666666667,,,0.6026262673171017,0.39737373268289833,,,,,,
DraftKings,2025-11-09 03:33:55.067367+00:00,,,-7.5,152.5,2025-11-09 17:00:00+00:00,Campbell Fighting Camels,Western Michigan Broncos,westernmichiganbroncos::campbellfightingcamels,2025-11-09,401828296,141.85124,2.9149399,142.10663,22.0,-10.64876000000001,,-0.06982793442622957,,-0.354958666666667,,,0.6026262673171017,0.39737373268289833,,,,,,
BetMGM,2025-11-09 03:33:55.067367+00:00,-350.0,275.0,-8.5,152.5,2025-11-09 17:00:00+00:00,Campbell Fighting Camels,Western Michigan Broncos,westernmichiganbroncos::campbellfightingcamels,2025-11-09,401828296,141.85124,2.9149399,142.10663,22.0,-10.64876000000001,,-0.06982793442622957,,-0.354958666666667,0.7777777777777778,0.26666666666666666,0.6026262673171017,0.39737373268289833,-0.7881817970730425,0.17823690820395227,-0.22519479916372642,0.49015149756086873,0.2857142857142857,2.75
Caesars,2025-11-09 03:33:55.067367+00:00,,,-7.5,153.0,2025-11-09 17:00:00+00:00,Campbell Fighting Camels,Western Michigan Broncos,westernmichiganbroncos::campbellfightingcamels,2025-11-09,401828296,141.85124,2.9149399,142.10663,22.0,-11.14876000000001,,-0.07286771241830071,,-0.37162533333333364,,,0.6026262673171017,0.39737373268289833,,,,,,
Fanatics,2025-11-09 03:33:55.067367+00:00,-350.0,260.0,-7.5,153.0,2025-11-09 17:00:00+00:00,Campbell Fighting Camels,Western Michigan Broncos,westernmichiganbroncos::campbellfightingcamels,2025-11-09,401828296,141.85124,2.9149399,142.10663,22.0,-11.14876000000001,,-0.07286771241830071,,-0.37162533333333364,0.7777777777777778,0.2777777777777778,0.6026262673171017,0.39737373268289833,-0.7881817970730425,0.16559439909939774,-0.22519479916372642,0.4305454376584341,0.2857142857142857,2.6
Bovada,2025-11-09 03:33:55.067367+00:00,,,-7.5,153.5,2025-11-09 17:00:00+00:00,Campbell Fighting Camels,Western Michigan Broncos,westernmichiganbroncos::campbellfightingcamels,2025-11-09,401828296,141.85124,2.9149399,142.10663,22.0,-11.64876000000001,,-0.075887687296417,,-0.38829200000000036,,,0.6026262673171017,0.39737373268289833,,,,,,
BetRivers,2025-11-09 03:33:55.067367+00:00,-375.0,270.0,-7.5,153.5,2025-11-09 17:00:00+00:00,Campbell Fighting Camels,Western Michigan Broncos,westernmichiganbroncos::campbellfightingcamels,2025-11-09,401828296,141.85124,2.9149399,142.10663,22.0,-11.64876000000001,,-0.075887687296417,,-0.38829200000000036,0.7894736842105263,0.2702702702702703,0.6026262673171017,0.39737373268289833,-0.8875252302437671,0.17417881886174957,-0.2366733947316712,0.47028281092672386,0.26666666666666666,2.7
BetUS,2025-11-09 03:33:55.067367+00:00,,,-8.0,151.0,2025-11-09 17:00:00+00:00,Campbell Fighting Camels,Western Michigan Broncos,westernmichiganbroncos::campbellfightingcamels,2025-11-09,401828296,141.85124,2.9149399,142.10663,22.0,-9.14876000000001,,-0.06058781456953649,,-0.304958666666667,,,0.6026262673171017,0.39737373268289833,,,,,,
FanDuel,2025-11-09 03:33:55.067367+00:00,-1450.0,810.0,-13.5,147.5,2025-11-09 17:00:00+00:00,Harvard Crimson,New Hampshire Wildcats,newhampshirewildcats::harvardcrimson,2025-11-09,401812600,141.85124,2.9149399,141.6738,22.0,-5.64876000000001,,-0.03829667796610176,,-0.18829200000000032,0.9354838709677419,0.10989010989010989,0.6026262673171017,0.39737373268289833,-1.0,0.3229754280758487,-0.3558133004541327,2.6161009674143747,0.06896551724137931,8.1
Fanatics,2025-11-09 03:33:55.067367+00:00,-1300.0,800.0,-14.0,147.5,2025-11-09 17:00:00+00:00,Harvard Crimson,New Hampshire Wildcats,newhampshirewildcats::harvardcrimson,2025-11-09,401812600,141.85124,2.9149399,141.6738,22.0,-5.64876000000001,,-0.03829667796610176,,-0.18829200000000032,0.9285714285714286,0.1111111111111111,0.6026262673171017,0.39737373268289833,-1.0,0.3220454492682606,-0.3510178659661982,2.576363594146085,0.07692307692307693,8.0
DraftKings,2025-11-09 03:33:55.067367+00:00,,,-14.5,147.5,2025-11-09 17:00:00+00:00,Harvard Crimson,New Hampshire Wildcats,newhampshirewildcats::harvardcrimson,2025-11-09,401812600,141.85124,2.9149399,141.6738,22.0,-5.64876000000001,,-0.03829667796610176,,-0.18829200000000032,,,0.6026262673171017,0.39737373268289833,,,,,,
Bovada,2025-11-09 03:33:55.067367+00:00,,,-14.5,147.5,2025-11-09 17:00:00+00:00,Harvard Crimson,New Hampshire Wildcats,newhampshirewildcats::harvardcrimson,2025-11-09,401812600,141.85124,2.9149399,141.6738,22.0,-5.64876000000001,,-0.03829667796610176,,-0.18829200000000032,,,0.6026262673171017,0.39737373268289833,,,,,,
BetOnline.ag,2025-11-09 03:33:55.067367+00:00,,,-14.5,147.5,2025-11-09 17:00:00+00:00,Harvard Crimson,New Hampshire Wildcats,newhampshirewildcats::harvardcrimson,2025-11-09,401812600,141.85124,2.9149399,141.6738,22.0,-5.64876000000001,,-0.03829667796610176,,-0.18829200000000032,,,0.6026262673171017,0.39737373268289833,,,,,,
LowVig.ag,2025-11-09 03:33:55.067367+00:00,,,-14.5,147.5,2025-11-09 17:00:00+00:00,Harvard Crimson,New Hampshire Wildcats,newhampshirewildcats::harvardcrimson,2025-11-09,401812600,141.85124,2.9149399,141.6738,22.0,-5.64876000000001,,-0.03829667796610176,,-0.18829200000000032,,,0.6026262673171017,0.39737373268289833,,,,,,
BetMGM,2025-11-09 03:33:55.067367+00:00,-1200.0,750.0,-14.5,147.5,2025-11-09 17:00:00+00:00,Harvard Crimson,New Hampshire Wildcats,newhampshirewildcats::harvardcrimson,2025-11-09,401812600,141.85124,2.9149399,141.6738,22.0,-5.64876000000001,,-0.03829667796610176,,-0.18829200000000032,0.9230769230769231,0.11764705882352941,0.6026262673171017,0.39737373268289833,-1.0,0.3170235637072848,-0.34715487707313986,2.377676727804636,0.08333333333333333,7.5
BetRivers,2025-11-09 03:33:55.067367+00:00,-1250.0,650.0,-13.5,147.5,2025-11-09 17:00:00+00:00,Harvard Crimson,New Hampshire Wildcats,newhampshirewildcats::harvardcrimson,2025-11-09,401812600,141.85124,2.9149399,141.6738,22.0,-5.64876000000001,,-0.03829667796610176,,-0.18829200000000032,0.9259259259259259,0.13333333333333333,0.6026262673171017,0.39737373268289833,-1.0,0.30466199924949805,-0.3491636312975302,1.9803029951217375,0.08,6.5
DraftKings,2025-11-09 03:33:55.067367+00:00,,,-1.5,156.5,2025-11-09 18:00:00+00:00,American Eagles,Pennsylvania Quakers,pennsylvaniaquakers::americaneagles,,nan,,,,,,,,,,,,,,,,,,,
LowVig.ag,2025-11-09 03:33:55.067367+00:00,,,-1.0,155.5,2025-11-09 18:00:00+00:00,American Eagles,Pennsylvania Quakers,pennsylvaniaquakers::americaneagles,,nan,,,,,,,,,,,,,,,,,,,
BetOnline.ag,2025-11-09 03:33:55.067367+00:00,,,-1.0,155.5,2025-11-09 18:00:00+00:00,American Eagles,Pennsylvania Quakers,pennsylvaniaquakers::americaneagles,,nan,,,,,,,,,,,,,,,,,,,
Fanatics,2025-11-09 03:33:55.067367+00:00,-120.0,100.0,-1.0,156.5,2025-11-09 18:00:00+00:00,American Eagles,Pennsylvania Quakers,pennsylvaniaquakers::americaneagles,,nan,,,,,,,,,,0.5454545454545454,0.5,,,,,,,0.8333333333333334,1.0
FanDuel,2025-11-09 03:33:55.067367+00:00,-118.0,-104.0,-1.5,156.5,2025-11-09 18:00:00+00:00,American Eagles,Pennsylvania Quakers,pennsylvaniaquakers::americaneagles,,nan,,,,,,,,,,0.5412844036697247,0.5098039215686274,,,,,,,0.847457627118644,0.9615384615384616
DraftKings,2025-11-09 03:33:55.067367+00:00,,,-6.5,131.5,2025-11-09 18:00:00+00:00,Appalachian St Mountaineers,North Carolina Central Eagles,northcarolinacentraleagles::appalachianstmountaineers,,nan,,,,,,,,,,,,,,,,,,,
BetOnline.ag,2025-11-09 03:33:55.067367+00:00,,,-7.0,132.0,2025-11-09 18:00:00+00:00,Appalachian St Mountaineers,North Carolina Central Eagles,northcarolinacentraleagles::appalachianstmountaineers,,nan,,,,,,,,,,,,,,,,,,,
Fanatics,2025-11-09 03:33:55.067367+00:00,-300.0,240.0,-7.0,131.5,2025-11-09 18:00:00+00:00,Appalachian St Mountaineers,North Carolina Central Eagles,northcarolinacentraleagles::appalachianstmountaineers,,nan,,,,,,,,,,0.75,0.29411764705882354,,,,,,,0.3333333333333333,2.4
LowVig.ag,2025-11-09 03:33:55.067367+00:00,,,-7.0,132.0,2025-11-09 18:00:00+00:00,Appalachian St Mountaineers,North Carolina Central Eagles,northcarolinacentraleagles::appalachianstmountaineers,,nan,,,,,,,,,,,,,,,,,,,
FanDuel,2025-11-09 03:33:55.067367+00:00,-325.0,250.0,-6.5,131.5,2025-11-09 18:00:00+00:00,Appalachian St Mountaineers,North Carolina Central Eagles,northcarolinacentraleagles::appalachianstmountaineers,,nan,,,,,,,,,,0.7647058823529411,0.2857142857142857,,,,,,,0.3076923076923077,2.5
DraftKings,2025-11-09 03:33:55.067367+00:00,,,-20.5,147.5,2025-11-09 18:00:00+00:00,James Madison Dukes,Coppin St Eagles,coppinsteagles::jamesmadisondukes,,nan,,,,,,,,,,,,,,,,,,,
BetOnline.ag,2025-11-09 03:33:55.067367+00:00,,,-20.5,146.5,2025-11-09 18:00:00+00:00,James Madison Dukes,Coppin St Eagles,coppinsteagles::jamesmadisondukes,,nan,,,,,,,,,,,,,,,,,,,
Fanatics,2025-11-09 03:33:55.067367+00:00,-2200.0,1200.0,-21.0,147.5,2025-11-09 18:00:00+00:00,James Madison Dukes,Coppin St Eagles,coppinsteagles::jamesmadisondukes,,nan,,,,,,,,,,0.9565217391304348,0.07692307692307693,,,,,,,0.045454545454545456,12.0
LowVig.ag,2025-11-09 03:33:55.067367+00:00,,,-20.5,146.5,2025-11-09 18:00:00+00:00,James Madison Dukes,Coppin St Eagles,coppinsteagles::jamesmadisondukes,,nan,,,,,,,,,,,,,,,,,,,
FanDuel,2025-11-09 03:33:55.067367+00:00,-3500.0,1200.0,-20.5,147.5,2025-11-09 18:00:00+00:00,James Madison Dukes,Coppin St Eagles,coppinsteagles::jamesmadisondukes,,nan,,,,,,,,,,0.9722222222222222,0.07692307692307693,,,,,,,0.02857142857142857,12.0
FanDuel,2025-11-09 03:33:55.067367+00:00,114.0,-137.0,2.5,153.5,2025-11-09 18:00:00+00:00,Marquette Golden Eagles,Indiana Hoosiers,indianahoosiers::marquettegoldeneagles,2025-11-09,401823022,142.77293,1.8584595,141.82516,22.0,-10.727069999999998,,-0.0698831921824104,,-0.3575689999999999,0.4672897196261682,0.5780590717299579,0.5659864085127877,0.4340135914872123,0.18527273176961895,-0.34138778817530685,0.2112109142173656,-0.24918816655131887,1.14,0.7299270072992701
Caesars,2025-11-09 03:33:55.067367+00:00,,,2.0,153.5,2025-11-09 18:00:00+00:00,Marquette Golden Eagles,Indiana Hoosiers,indianahoosiers::marquettegoldeneagles,2025-11-09,401823022,142.77293,1.8584595,141.82516,22.0,-10.727069999999998,,-0.0698831921824104,,-0.3575689999999999,,,0.5659864085127877,0.4340135914872123,,,,,,
BetOnline.ag,2025-11-09 03:33:55.067367+00:00,,,2.0,153.5,2025-11-09 18:00:00+00:00,Marquette Golden Eagles,Indiana Hoosiers,indianahoosiers::marquettegoldeneagles,2025-11-09,401823022,142.77293,1.8584595,141.82516,22.0,-10.727069999999998,,-0.0698831921824104,,-0.3575689999999999,,,0.5659864085127877,0.4340135914872123,,,,,,
LowVig.ag,2025-11-09 03:33:55.067367+00:00,,,2.0,153.5,2025-11-09 18:00:00+00:00,Marquette Golden Eagles,Indiana Hoosiers,indianahoosiers::marquettegoldeneagles,2025-11-09,401823022,142.77293,1.8584595,141.82516,22.0,-10.727069999999998,,-0.0698831921824104,,-0.3575689999999999,,,0.5659864085127877,0.4340135914872123,,,,,,
DraftKings,2025-11-09 03:33:55.067367+00:00,114.0,-135.0,2.5,153.5,2025-11-09 18:00:00+00:00,Marquette Golden Eagles,Indiana Hoosiers,indianahoosiers::marquettegoldeneagles,2025-11-09,401823022,142.77293,1.8584595,141.82516,22.0,-10.727069999999998,,-0.0698831921824104,,-0.3575689999999999,0.4672897196261682,0.574468085106383,0.5659864085127877,0.4340135914872123,0.18527273176961895,-0.3300680600050512,0.2112109142173656,-0.24449485926300085,1.14,0.7407407407407407
Bovada,2025-11-09 03:33:55.067367+00:00,,,2.0,153.5,2025-11-09 18:00:00+00:00,Marquette Golden Eagles,Indiana Hoosiers,indianahoosiers::marquettegoldeneagles,2025-11-09,401823022,142.77293,1.8584595,141.82516,22.0,-10.727069999999998,,-0.0698831921824104,,-0.3575689999999999,,,0.5659864085127877,0.4340135914872123,,,,,,
BetMGM,2025-11-09 03:33:55.067367+00:00,115.0,-140.0,2.5,153.5,2025-11-09 18:00:00+00:00,Marquette Golden Eagles,Indiana Hoosiers,indianahoosiers::marquettegoldeneagles,2025-11-09,401823022,142.77293,1.8584595,141.82516,22.0,-10.727069999999998,,-0.0698831921824104,,-0.3575689999999999,0.46511627906976744,0.5833333333333334,0.5659864085127877,0.4340135914872123,0.1885832854804291,-0.35836738043069044,0.21687077830249346,-0.25597670030763603,1.15,0.7142857142857143
Fanatics,2025-11-09 03:33:55.067367+00:00,115.0,-140.0,2.0,153.5,2025-11-09 18:00:00+00:00,Marquette Golden Eagles,Indiana Hoosiers,indianahoosiers::marquettegoldeneagles,2025-11-09,401823022,142.77293,1.8584595,141.82516,22.0,-10.727069999999998,,-0.0698831921824104,,-0.3575689999999999,0.46511627906976744,0.5833333333333334,0.5659864085127877,0.4340135914872123,0.1885832854804291,-0.35836738043069044,0.21687077830249346,-0.25597670030763603,1.15,0.7142857142857143
BetRivers,2025-11-09 03:33:55.067367+00:00,108.0,-137.0,2.5,152.5,2025-11-09 18:00:00+00:00,Marquette Golden Eagles,Indiana Hoosiers,indianahoosiers::marquettegoldeneagles,2025-11-09,401823022,142.77293,1.8584595,141.82516,22.0,-9.727069999999998,,-0.06378406557377048,,-0.3242356666666666,0.4807692307692308,0.5780590717299579,0.5659864085127877,0.4340135914872123,0.16412197195055409,-0.34138778817530685,0.17725172970659842,-0.24918816655131887,1.08,0.7299270072992701
BetUS,2025-11-09 03:33:55.067367+00:00,,,2.0,153.5,2025-11-09 18:00:00+00:00,Marquette Golden Eagles,Indiana Hoosiers,indianahoosiers::marquettegoldeneagles,2025-11-09,401823022,142.77293,1.8584595,141.82516,22.0,-10.727069999999998,,-0.0698831921824104,,-0.3575689999999999,,,0.5659864085127877,0.4340135914872123,,,,,,
DraftKings,2025-11-09 03:33:55.067367+00:00,,,-13.5,157.5,2025-11-09 19:00:00+00:00,Bowling Green Falcons,Le Moyne Dolphins,lemoynedolphins::bowlinggreenfalcons,2025-11-09,401823417,141.85124,2.9149399,142.13263,22.0,-15.64876000000001,,-0.09935720634920642,,-0.5216253333333337,,,0.6026262673171017,0.39737373268289833,,,,,,
BetOnline.ag,2025-11-09 03:33:55.067367+00:00,,,-13.5,157.0,2025-11-09 19:00:00+00:00,Bowling Green Falcons,Le Moyne Dolphins,lemoynedolphins::bowlinggreenfalcons,2025-11-09,401823417,141.85124,2.9149399,142.13263,22.0,-15.14876000000001,,-0.0964889171974523,,-0.504958666666667,,,0.6026262673171017,0.39737373268289833,,,,,,
Fanatics,2025-11-09 03:33:55.067367+00:00,-1100.0,700.0,-13.5,157.5,2025-11-09 19:00:00+00:00,Bowling Green Falcons,Le Moyne Dolphins,lemoynedolphins::bowlinggreenfalcons,2025-11-09,401823417,141.85124,2.9149399,142.13263,22.0,-15.64876000000001,,-0.09935720634920642,,-0.5216253333333337,0.9166666666666666,0.125,0.6026262673171017,0.39737373268289833,-1.0,0.3112842659233124,-0.34258952656316183,2.1789898614631866,0.09090909090909091,7.0
LowVig.ag,2025-11-09 03:33:55.067367+00:00,,,-13.5,157.0,2025-11-09 19:00:00+00:00,Bowling Green Falcons,Le Moyne Dolphins,lemoynedolphins::bowlinggreenfalcons,2025-11-09,401823417,141.85124,2.9149399,142.13263,22.0,-15.14876000000001,,-0.0964889171974523,,-0.504958666666667,,,0.6026262673171017,0.39737373268289833,,,,,,
DraftKings,2025-11-09 03:33:55.067367+00:00,170.0,-205.0,4.5,155.5,2025-11-09 19:00:00+00:00,North Dakota Fighting Hawks,CSU Northridge Matadors,csunorthridgematadors::northdakotafightinghawks,,nan,,,,,,,,,,0.37037037037037035,0.6721311475409836,,,,,,,1.7,0.4878048780487805
LowVig.ag,2025-11-09 03:33:55.067367+00:00,,,4.5,156.0,2025-11-09 19:00:00+00:00,North Dakota Fighting Hawks,CSU Northridge Matadors,csunorthridgematadors::northdakotafightinghawks,,nan,,,,,,,,,,,,,,,,,,,
BetOnline.ag,2025-11-09 03:33:55.067367+00:00,,,4.5,156.0,2025-11-09 19:00:00+00:00,North Dakota Fighting Hawks,CSU Northridge Matadors,csunorthridgematadors::northdakotafightinghawks,,nan,,,,,,,,,,,,,,,,,,,
FanDuel,2025-11-09 03:33:55.067367+00:00,172.0,-215.0,4.5,156.5,2025-11-09 19:00:00+00:00,North Dakota Fighting Hawks,CSU Northridge Matadors,csunorthridgematadors::northdakotafightinghawks,,nan,,,,,,,,,,0.36764705882352944,0.6825396825396826,,,,,,,1.72,0.46511627906976744
BetMGM,2025-11-09 03:33:55.067367+00:00,165.0,-200.0,4.5,156.5,2025-11-09 19:00:00+00:00,North Dakota Fighting Hawks,CSU Northridge Matadors,csunorthridgematadors::northdakotafightinghawks,,nan,,,,,,,,,,0.37735849056603776,0.6666666666666666,,,,,,,1.65,0.5
Caesars,2025-11-09 03:33:55.067367+00:00,,,4.5,156.0,2025-11-09 19:00:00+00:00,North Dakota Fighting Hawks,CSU Northridge Matadors,csunorthridgematadors::northdakotafightinghawks,,nan,,,,,,,,,,,,,,,,,,,
Bovada,2025-11-09 03:33:55.067367+00:00,,,4.5,156.0,2025-11-09 19:00:00+00:00,North Dakota Fighting Hawks,CSU Northridge Matadors,csunorthridgematadors::northdakotafightinghawks,,nan,,,,,,,,,,,,,,,,,,,
Fanatics,2025-11-09 03:33:55.067367+00:00,165.0,-200.0,4.5,156.0,2025-11-09 19:00:00+00:00,North Dakota Fighting Hawks,CSU Northridge Matadors,csunorthridgematadors::northdakotafightinghawks,,nan,,,,,,,,,,0.37735849056603776,0.6666666666666666,,,,,,,1.65,0.5
BetRivers,2025-11-09 03:33:55.067367+00:00,155.0,-200.0,4.5,156.5,2025-11-09 19:00:00+00:00,North Dakota Fighting Hawks,CSU Northridge Matadors,csunorthridgematadors::northdakotafightinghawks,,nan,,,,,,,,,,0.39215686274509803,0.6666666666666666,,,,,,,1.55,0.5
BetUS,2025-11-09 03:33:55.067367+00:00,,,4.5,156.0,2025-11-09 19:00:00+00:00,North Dakota Fighting Hawks,CSU Northridge Matadors,csunorthridgematadors::northdakotafightinghawks,,nan,,,,,,,,,,,,,,,,,,,
DraftKings,2025-11-09 03:33:55.067367+00:00,-375.0,295.0,-8.5,166.5,2025-11-09 19:00:00+00:00,Illinois St Redbirds,Cornell Big Red,cornellbigred::illinoisstredbirds,,nan,,,,,,,,,,0.7894736842105263,0.25316455696202533,,,,,,,0.26666666666666666,2.95
BetOnline.ag,2025-11-09 03:33:55.067367+00:00,,,-8.0,166.0,2025-11-09 19:00:00+00:00,Illinois St Redbirds,Cornell Big Red,cornellbigred::illinoisstredbirds,,nan,,,,,,,,,,,,,,,,,,,
LowVig.ag,2025-11-09 03:33:55.067367+00:00,,,-8.0,166.0,2025-11-09 19:00:00+00:00,Illinois St Redbirds,Cornell Big Red,cornellbigred::illinoisstredbirds,,nan,,,,,,,,,,,,,,,,,,,
FanDuel,2025-11-09 03:33:55.067367+00:00,-385.0,290.0,-8.5,165.5,2025-11-09 19:00:00+00:00,Illinois St Redbirds,Cornell Big Red,cornellbigred::illinoisstredbirds,,nan,,,,,,,,,,0.7938144329896907,0.2564102564102564,,,,,,,0.2597402597402597,2.9
BetMGM,2025-11-09 03:33:55.067367+00:00,-400.0,300.0,-8.5,165.5,2025-11-09 19:00:00+00:00,Illinois St Redbirds,Cornell Big Red,cornellbigred::illinoisstredbirds,,nan,,,,,,,,,,0.8,0.25,,,,,,,0.25,3.0
Caesars,2025-11-09 03:33:55.067367+00:00,,,-8.5,166.0,2025-11-09 19:00:00+00:00,Illinois St Redbirds,Cornell Big Red,cornellbigred::illinoisstredbirds,,nan,,,,,,,,,,,,,,,,,,,
Fanatics,2025-11-09 03:33:55.067367+00:00,-375.0,300.0,-9.0,165.5,2025-11-09 19:00:00+00:00,Illinois St Redbirds,Cornell Big Red,cornellbigred::illinoisstredbirds,,nan,,,,,,,,,,0.7894736842105263,0.25,,,,,,,0.26666666666666666,3.0
Bovada,2025-11-09 03:33:55.067367+00:00,,,-8.5,165.5,2025-11-09 19:00:00+00:00,Illinois St Redbirds,Cornell Big Red,cornellbigred::illinoisstredbirds,,nan,,,,,,,,,,,,,,,,,,,
BetRivers,2025-11-09 03:33:55.067367+00:00,-385.0,280.0,-8.5,165.5,2025-11-09 19:00:00+00:00,Illinois St Redbirds,Cornell Big Red,cornellbigred::illinoisstredbirds,,nan,,,,,,,,,,0.7938144329896907,0.2631578947368421,,,,,,,0.2597402597402597,2.8
BetUS,2025-11-09 03:33:55.067367+00:00,,,-8.0,166.0,2025-11-09 19:00:00+00:00,Illinois St Redbirds,Cornell Big Red,cornellbigred::illinoisstredbirds,,nan,,,,,,,,,,,,,,,,,,,
DraftKings,2025-11-09 03:33:55.067367+00:00,-112.0,-108.0,-1.5,140.5,2025-11-09 19:00:00+00:00,Dartmouth Big Green,Marist Red Foxes,maristredfoxes::dartmouthbiggreen,2025-11-09,401813320,141.85124,2.9149399,141.91278,22.0,1.35123999999999,,0.009617366548042634,,0.045041333333333,0.5283018867924528,0.5192307692307693,0.6026262673171017,0.39737373268289833,0.15756768671225554,-0.2534626360195715,0.14068543456451388,-0.23468762594404768,0.8928571428571429,0.9259259259259259
BetOnline.ag,2025-11-09 03:33:55.067367+00:00,,,-1.0,140.0,2025-11-09 19:00:00+00:00,Dartmouth Big Green,Marist Red Foxes,maristredfoxes::dartmouthbiggreen,2025-11-09,401813320,141.85124,2.9149399,141.91278,22.0,1.85123999999999,,0.013223142857142786,,0.061707999999999666,,,0.6026262673171017,0.39737373268289833,,,,,,
LowVig.ag,2025-11-09 03:33:55.067367+00:00,,,-1.0,140.0,2025-11-09 19:00:00+00:00,Dartmouth Big Green,Marist Red Foxes,maristredfoxes::dartmouthbiggreen,2025-11-09,401813320,141.85124,2.9149399,141.91278,22.0,1.85123999999999,,0.013223142857142786,,0.061707999999999666,,,0.6026262673171017,0.39737373268289833,,,,,,
FanDuel,2025-11-09 03:33:55.067367+00:00,-114.0,-106.0,-1.5,140.5,2025-11-09 19:00:00+00:00,Dartmouth Big Green,Marist Red Foxes,maristredfoxes::dartmouthbiggreen,2025-11-09,401813320,141.85124,2.9149399,141.91278,22.0,1.35123999999999,,0.009617366548042634,,0.045041333333333,0.5327102803738317,0.5145631067961165,0.6026262673171017,0.39737373268289833,0.1496202120585976,-0.24141011067322943,0.1312458000514014,-0.22774538742757494,0.8771929824561403,0.9433962264150944
BetMGM,2025-11-09 03:33:55.067367+00:00,-118.0,-102.0,-1.5,140.5,2025-11-09 19:00:00+00:00,Dartmouth Big Green,Marist Red Foxes,maristredfoxes::dartmouthbiggreen,2025-11-09,401813320,141.85124,2.9149399,141.91278,22.0,1.35123999999999,,0.009617366548042634,,0.045041333333333,0.5412844036697247,0.504950495049505,0.6026262673171017,0.39737373268289833,0.13372526275128163,-0.2173050599805454,0.11332649385701832,-0.21304417645151508,0.847457627118644,0.9803921568627451
Caesars,2025-11-09 03:33:55.067367+00:00,,,-1.5,140.0,2025-11-09 19:00:00+00:00,Dartmouth Big Green,Marist Red Foxes,maristredfoxes::dartmouthbiggreen,2025-11-09,401813320,141.85124,2.9149399,141.91278,22.0,1.85123999999999,,0.013223142857142786,,0.061707999999999666,,,0.6026262673171017,0.39737373268289833,,,,,,
Bovada,2025-11-09 03:33:55.067367+00:00,,,-1.0,140.0,2025-11-09 19:00:00+00:00,Dartmouth Big Green,Marist Red Foxes,maristredfoxes::dartmouthbiggreen,2025-11-09,401813320,141.85124,2.9149399,141.91278,22.0,1.85123999999999,,0.013223142857142786,,0.061707999999999666,,,0.6026262673171017,0.39737373268289833,,,,,,
Fanatics,2025-11-09 03:33:55.067367+00:00,-110.0,-110.0,-1.0,140.0,2025-11-09 19:00:00+00:00,Dartmouth Big Green,Marist Red Foxes,maristredfoxes::dartmouthbiggreen,2025-11-09,401813320,141.85124,2.9149399,141.91278,22.0,1.85123999999999,,0.013223142857142786,,0.061707999999999666,0.5238095238095238,0.5238095238095238,0.6026262673171017,0.39737373268289833,0.16551516136591346,-0.2655151613659135,0.1504683285144668,-0.24137741942355773,0.9090909090909091,0.9090909090909091
BetRivers,2025-11-09 03:33:55.067367+00:00,-108.0,-118.0,1.5,140.5,2025-11-09 19:00:00+00:00,Dartmouth Big Green,Marist Red Foxes,maristredfoxes::dartmouthbiggreen,2025-11-09,401813320,141.85124,2.9149399,141.91278,22.0,1.35123999999999,,0.009617366548042634,,0.045041333333333,0.5192307692307693,0.5412844036697247,0.6026262673171017,0.39737373268289833,0.17346263601957151,-0.31372526275128165,0.16061355186997361,-0.2658688667383743,0.9259259259259259,0.847457627118644
BetUS,2025-11-09 03:33:55.067367+00:00,,,-1.0,140.0,2025-11-09 19:00:00+00:00,Dartmouth Big Green,Marist Red Foxes,maristredfoxes::dartmouthbiggreen,2025-11-09,401813320,141.85124,2.9149399,141.91278,22.0,1.85123999999999,,0.013223142857142786,,0.061707999999999666,,,0.6026262673171017,0.39737373268289833,,,,,,
FanDuel,2025-11-09 03:33:55.067367+00:00,-10000.0,2500.0,-24.5,147.5,2025-11-09 19:00:00+00:00,Georgia Bulldogs,Morehead St Eagles,moreheadsteagles::georgiabulldogs,,nan,,,,,,,,,,0.9900990099009901,0.038461538461538464,,,,,,,0.01,25.0
LowVig.ag,2025-11-09 03:33:55.067367+00:00,,,-25.5,148.0,2025-11-09 19:00:00+00:00,Georgia Bulldogs,Morehead St Eagles,moreheadsteagles::georgiabulldogs,,nan,,,,,,,,,,,,,,,,,,,
BetOnline.ag,2025-11-09 03:33:55.067367+00:00,,,-25.5,148.0,2025-11-09 19:00:00+00:00,Georgia Bulldogs,Morehead St Eagles,moreheadsteagles::georgiabulldogs,,nan,,,,,,,,,,,,,,,,,,,
DraftKings,2025-11-09 03:33:55.067367+00:00,-10000.0,3000.0,-25.5,148.5,2025-11-09 19:00:00+00:00,Georgia Bulldogs,Morehead St Eagles,moreheadsteagles::georgiabulldogs,,nan,,,,,,,,,,0.9900990099009901,0.03225806451612903,,,,,,,0.01,30.0
BetMGM,2025-11-09 03:33:55.067367+00:00,,,-25.5,148.5,2025-11-09 19:00:00+00:00,Georgia Bulldogs,Morehead St Eagles,moreheadsteagles::georgiabulldogs,,nan,,,,,,,,,,,,,,,,,,,
Caesars,2025-11-09 03:33:55.067367+00:00,,,-25.5,148.5,2025-11-09 19:00:00+00:00,Georgia Bulldogs,Morehead St Eagles,moreheadsteagles::georgiabulldogs,,nan,,,,,,,,,,,,,,,,,,,
Bovada,2025-11-09 03:33:55.067367+00:00,,,-25.0,148.5,2025-11-09 19:00:00+00:00,Georgia Bulldogs,Morehead St Eagles,moreheadsteagles::georgiabulldogs,,nan,,,,,,,,,,,,,,,,,,,
Fanatics,2025-11-09 03:33:55.067367+00:00,-10000.0,2500.0,-25.0,148.5,2025-11-09 19:00:00+00:00,Georgia Bulldogs,Morehead St Eagles,moreheadsteagles::georgiabulldogs,,nan,,,,,,,,,,0.9900990099009901,0.038461538461538464,,,,,,,0.01,25.0
BetRivers,2025-11-09 03:33:55.067367+00:00,,,-24.5,148.5,2025-11-09 19:00:00+00:00,Georgia Bulldogs,Morehead St Eagles,moreheadsteagles::georgiabulldogs,,nan,,,,,,,,,,,,,,,,,,,
BetUS,2025-11-09 03:33:55.067367+00:00,,,-25.5,148.0,2025-11-09 19:00:00+00:00,Georgia Bulldogs,Morehead St Eagles,moreheadsteagles::georgiabulldogs,,nan,,,,,,,,,,,,,,,,,,,
DraftKings,2025-11-09 03:33:55.067367+00:00,,,-4.5,161.5,2025-11-09 19:00:00+00:00,Mercer Bears,Lipscomb Bisons,lipscombbisons::mercerbears,2025-11-09,401823485,141.85124,2.9149399,141.79378,22.0,-19.64876000000001,,-0.12166414860681121,,-0.654958666666667,,,0.6026262673171017,0.39737373268289833,,,,,,
BetOnline.ag,2025-11-09 03:33:55.067367+00:00,,,-5.0,162.5,2025-11-09 19:00:00+00:00,Mercer Bears,Lipscomb Bisons,lipscombbisons::mercerbears,2025-11-09,401823485,141.85124,2.9149399,141.79378,22.0,-20.64876000000001,,-0.12706929230769237,,-0.6882920000000003,,,0.6026262673171017,0.39737373268289833,,,,,,
Fanatics,2025-11-09 03:33:55.067367+00:00,-210.0,175.0,-5.0,161.5,2025-11-09 19:00:00+00:00,Mercer Bears,Lipscomb Bisons,lipscombbisons::mercerbears,2025-11-09,401823485,141.85124,2.9149399,141.79378,22.0,-19.64876000000001,,-0.12166414860681121,,-0.654958666666667,0.6774193548387096,0.36363636363636365,0.6026262673171017,0.39737373268289833,-0.23185857131698484,0.053015865644554516,-0.11040884348427848,0.0927777648779704,0.47619047619047616,1.75
LowVig.ag,2025-11-09 03:33:55.067367+00:00,,,-5.0,162.5,2025-11-09 19:00:00+00:00,Mercer Bears,Lipscomb Bisons,lipscombbisons::mercerbears,2025-11-09,401823485,141.85124,2.9149399,141.79378,22.0,-20.64876000000001,,-0.12706929230769237,,-0.6882920000000003,,,0.6026262673171017,0.39737373268289833,,,,,,
DraftKings,2025-11-09 03:33:55.067367+00:00,-380.0,300.0,-9.5,152.5,2025-11-09 19:00:00+00:00,Northern Iowa Panthers,South Dakota St Jackrabbits,southdakotastjackrabbits::northerniowapanthers,,nan,,,,,,,,,,0.7916666666666666,0.25,,,,,,,0.2631578947368421,3.0
BetOnline.ag,2025-11-09 03:33:55.067367+00:00,,,-9.0,152.5,2025-11-09 19:00:00+00:00,Northern Iowa Panthers,South Dakota St Jackrabbits,southdakotastjackrabbits::northerniowapanthers,,nan,,,,,,,,,,,,,,,,,,,
LowVig.ag,2025-11-09 03:33:55.067367+00:00,,,-9.0,152.5,2025-11-09 19:00:00+00:00,Northern Iowa Panthers,South Dakota St Jackrabbits,southdakotastjackrabbits::northerniowapanthers,,nan,,,,,,,,,,,,,,,,,,,
FanDuel,2025-11-09 03:33:55.067367+00:00,-430.0,320.0,-9.5,152.5,2025-11-09 19:00:00+00:00,Northern Iowa Panthers,South Dakota St Jackrabbits,southdakotastjackrabbits::northerniowapanthers,,nan,,,,,,,,,,0.8113207547169812,0.23809523809523808,,,,,,,0.23255813953488372,3.2
BetMGM,2025-11-09 03:33:55.067367+00:00,-375.0,300.0,-9.5,152.5,2025-11-09 19:00:00+00:00,Northern Iowa Panthers,South Dakota St Jackrabbits,southdakotastjackrabbits::northerniowapanthers,,nan,,,,,,,,,,0.7894736842105263,0.25,,,,,,,0.26666666666666666,3.0
Caesars,2025-11-09 03:33:55.067367+00:00,,,-9.5,152.5,2025-11-09 19:00:00+00:00,Northern Iowa Panthers,South Dakota St Jackrabbits,southdakotastjackrabbits::northerniowapanthers,,nan,,,,,,,,,,,,,,,,,,,
Bovada,2025-11-09 03:33:55.067367+00:00,,,-9.5,152.5,2025-11-09 19:00:00+00:00,Northern Iowa Panthers,South Dakota St Jackrabbits,southdakotastjackrabbits::northerniowapanthers,,nan,,,,,,,,,,,,,,,,,,,
Fanatics,2025-11-09 03:33:55.067367+00:00,-400.0,310.0,-9.5,152.5,2025-11-09 19:00:00+00:00,Northern Iowa Panthers,South Dakota St Jackrabbits,southdakotastjackrabbits::northerniowapanthers,,nan,,,,,,,,,,0.8,0.24390243902439024,,,,,,,0.25,3.1
BetRivers,2025-11-09 03:33:55.067367+00:00,-345.0,255.0,-8.5,152.5,2025-11-09 19:00:00+00:00,Northern Iowa Panthers,South Dakota St Jackrabbits,southdakotastjackrabbits::northerniowapanthers,,nan,,,,,,,,,,0.7752808988764045,0.28169014084507044,,,,,,,0.2898550724637681,2.55
BetUS,2025-11-09 03:33:55.067367+00:00,,,-9.0,152.5,2025-11-09 19:00:00+00:00,Northern Iowa Panthers,South Dakota St Jackrabbits,southdakotastjackrabbits::northerniowapanthers,,nan,,,,,,,,,,,,,,,,,,,
FanDuel,2025-11-09 03:33:55.067367+00:00,130.0,-156.0,2.5,169.5,2025-11-09 19:00:00+00:00,Oklahoma St Cowboys,Texas A&M Aggies,texasa&maggies::oklahomastcowboys,,nan,,,,,,,,,,0.43478260869565216,0.609375,,,,,,,1.3,0.6410256410256411
LowVig.ag,2025-11-09 03:33:55.067367+00:00,,,2.0,169.5,2025-11-09 19:00:00+00:00,Oklahoma St Cowboys,Texas A&M Aggies,texasa&maggies::oklahomastcowboys,,nan,,,,,,,,,,,,,,,,,,,
BetOnline.ag,2025-11-09 03:33:55.067367+00:00,,,2.0,169.5,2025-11-09 19:00:00+00:00,Oklahoma St Cowboys,Texas A&M Aggies,texasa&maggies::oklahomastcowboys,,nan,,,,,,,,,,,,,,,,,,,
DraftKings,2025-11-09 03:33:55.067367+00:00,124.0,-148.0,2.5,169.5,2025-11-09 19:00:00+00:00,Oklahoma St Cowboys,Texas A&M Aggies,texasa&maggies::oklahomastcowboys,,nan,,,,,,,,,,0.44642857142857145,0.5967741935483871,,,,,,,1.24,0.6756756756756757
Caesars,2025-11-09 03:33:55.067367+00:00,,,3.0,169.5,2025-11-09 19:00:00+00:00,Oklahoma St Cowboys,Texas A&M Aggies,texasa&maggies::oklahomastcowboys,,nan,,,,,,,,,,,,,,,,,,,
BetMGM,2025-11-09 03:33:55.067367+00:00,120.0,-145.0,2.5,169.5,2025-11-09 19:00:00+00:00,Oklahoma St Cowboys,Texas A&M Aggies,texasa&maggies::oklahomastcowboys,,nan,,,,,,,,,,0.45454545454545453,0.5918367346938775,,,,,,,1.2,0.6896551724137931
Fanatics,2025-11-09 03:33:55.067367+00:00,125.0,-150.0,2.5,169.5,2025-11-09 19:00:00+00:00,Oklahoma St Cowboys,Texas A&M Aggies,texasa&maggies::oklahomastcowboys,,nan,,,,,,,,,,0.4444444444444444,0.6,,,,,,,1.25,0.6666666666666666
Bovada,2025-11-09 03:33:55.067367+00:00,,,2.5,170.0,2025-11-09 19:00:00+00:00,Oklahoma St Cowboys,Texas A&M Aggies,texasa&maggies::oklahomastcowboys,,nan,,,,,,,,,,,,,,,,,,,
BetRivers,2025-11-09 03:33:55.067367+00:00,114.0,-148.0,2.5,168.5,2025-11-09 19:00:00+00:00,Oklahoma St Cowboys,Texas A&M Aggies,texasa&maggies::oklahomastcowboys,,nan,,,,,,,,,,0.4672897196261682,0.5967741935483871,,,,,,,1.14,0.6756756756756757
BetUS,2025-11-09 03:33:55.067367+00:00,,,2.0,169.5,2025-11-09 19:00:00+00:00,Oklahoma St Cowboys,Texas A&M Aggies,texasa&maggies::oklahomastcowboys,,nan,,,,,,,,,,,,,,,,,,,
DraftKings,2025-11-09 03:33:55.067367+00:00,-1450.0,850.0,-14.5,153.5,2025-11-09 20:00:00+00:00,Arizona St Sun Devils,Utah Tech Trailblazers,utahtechtrailblazers::arizonastsundevils,,nan,,,,,,,,,,0.9354838709677419,0.10526315789473684,,,,,,,0.06896551724137931,8.5
BetOnline.ag,2025-11-09 03:33:55.067367+00:00,,,-15.0,153.0,2025-11-09 20:00:00+00:00,Arizona St Sun Devils,Utah Tech Trailblazers,utahtechtrailblazers::arizonastsundevils,,nan,,,,,,,,,,,,,,,,,,,
LowVig.ag,2025-11-09 03:33:55.067367+00:00,,,-15.0,153.0,2025-11-09 20:00:00+00:00,Arizona St Sun Devils,Utah Tech Trailblazers,utahtechtrailblazers::arizonastsundevils,,nan,,,,,,,,,,,,,,,,,,,
BetMGM,2025-11-09 03:33:55.067367+00:00,-1400.0,775.0,-14.5,153.5,2025-11-09 20:00:00+00:00,Arizona St Sun Devils,Utah Tech Trailblazers,utahtechtrailblazers::arizonastsundevils,,nan,,,,,,,,,,0.9333333333333333,0.11428571428571428,,,,,,,0.07142857142857142,7.75
Caesars,2025-11-09 03:33:55.067367+00:00,,,-14.5,153.5,2025-11-09 20:00:00+00:00,Arizona St Sun Devils,Utah Tech Trailblazers,utahtechtrailblazers::arizonastsundevils,,nan,,,,,,,,,,,,,,,,,,,
Bovada,2025-11-09 03:33:55.067367+00:00,,,-14.5,153.5,2025-11-09 20:00:00+00:00,Arizona St Sun Devils,Utah Tech Trailblazers,utahtechtrailblazers::arizonastsundevils,,nan,,,,,,,,,,,,,,,,,,,
BetRivers,2025-11-09 03:33:55.067367+00:00,-1430.0,700.0,-14.5,153.5,2025-11-09 20:00:00+00:00,Arizona St Sun Devils,Utah Tech Trailblazers,utahtechtrailblazers::arizonastsundevils,,nan,,,,,,,,,,0.934640522875817,0.125,,,,,,,0.06993006993006994,7.0
BetUS,2025-11-09 03:33:55.067367+00:00,,,-15.0,153.0,2025-11-09 20:00:00+00:00,Arizona St Sun Devils,Utah Tech Trailblazers,utahtechtrailblazers::arizonastsundevils,,nan,,,,,,,,,,,,,,,,,,,
Fanatics,2025-11-09 03:33:55.067367+00:00,-1300.0,800.0,-14.5,153.5,2025-11-09 20:00:00+00:00,Arizona St Sun Devils,Utah Tech Trailblazers,utahtechtrailblazers::arizonastsundevils,,nan,,,,,,,,,,0.9285714285714286,0.1111111111111111,,,,,,,0.07692307692307693,8.0
DraftKings,2025-11-09 03:33:55.067367+00:00,-325.0,260.0,-7.5,149.5,2025-11-09 20:00:00+00:00,Montana St Bobcats,Denver Pioneers,denverpioneers::montanastbobcats,,nan,,,,,,,,,,0.7647058823529411,0.2777777777777778,,,,,,,0.3076923076923077,2.6
BetOnline.ag,2025-11-09 03:33:55.067367+00:00,,,-8.0,149.5,2025-11-09 20:00:00+00:00,Montana St Bobcats,Denver Pioneers,denverpioneers::montanastbobcats,,nan,,,,,,,,,,,,,,,,,,,
LowVig.ag,2025-11-09 03:33:55.067367+00:00,,,-8.0,149.5,2025-11-09 20:00:00+00:00,Montana St Bobcats,Denver Pioneers,denverpioneers::montanastbobcats,,nan,,,,,,,,,,,,,,,,,,,
FanDuel,2025-11-09 03:33:55.067367+00:00,-340.0,260.0,-7.5,149.5,2025-11-09 20:00:00+00:00,Montana St Bobcats,Denver Pioneers,denverpioneers::montanastbobcats,,nan,,,,,,,,,,0.7727272727272727,0.2777777777777778,,,,,,,0.29411764705882354,2.6
BetMGM,2025-11-09 03:33:55.067367+00:00,-325.0,260.0,-7.5,149.5,2025-11-09 20:00:00+00:00,Montana St Bobcats,Denver Pioneers,denverpioneers::montanastbobcats,,nan,,,,,,,,,,0.7647058823529411,0.2777777777777778,,,,,,,0.3076923076923077,2.6
Caesars,2025-11-09 03:33:55.067367+00:00,-345.0,270.0,-7.5,149.5,2025-11-09 20:00:00+00:00,Montana St Bobcats,Denver Pioneers,denverpioneers::montanastbobcats,,nan,,,,,,,,,,0.7752808988764045,0.2702702702702703,,,,,,,0.2898550724637681,2.7
Bovada,2025-11-09 03:33:55.067367+00:00,,,-8.0,149.5,2025-11-09 20:00:00+00:00,Montana St Bobcats,Denver Pioneers,denverpioneers::montanastbobcats,,nan,,,,,,,,,,,,,,,,,,,
BetRivers,2025-11-09 03:33:55.067367+00:00,-345.0,255.0,-7.5,149.5,2025-11-09 20:00:00+00:00,Montana St Bobcats,Denver Pioneers,denverpioneers::montanastbobcats,,nan,,,,,,,,,,0.7752808988764045,0.28169014084507044,,,,,,,0.2898550724637681,2.55
BetUS,2025-11-09 03:33:55.067367+00:00,,,-8.0,149.5,2025-11-09 20:00:00+00:00,Montana St Bobcats,Denver Pioneers,denverpioneers::montanastbobcats,,nan,,,,,,,,,,,,,,,,,,,
Fanatics,2025-11-09 03:33:55.067367+00:00,-325.0,250.0,-8.0,149.5,2025-11-09 20:00:00+00:00,Montana St Bobcats,Denver Pioneers,denverpioneers::montanastbobcats,,nan,,,,,,,,,,0.7647058823529411,0.2857142857142857,,,,,,,0.3076923076923077,2.5
FanDuel,2025-11-09 03:33:55.067367+00:00,-4000.0,1400.0,-18.5,140.5,2025-11-09 20:00:00+00:00,West Virginia Mountaineers,Lehigh Mountain Hawks,lehighmountainhawks::westvirginiamountaineers,2025-11-09,401819916,141.85124,2.9149399,141.53156,22.0,1.35123999999999,,0.009617366548042634,,0.045041333333333,0.975609756097561,0.06666666666666667,0.6026262673171017,0.39737373268289833,-1.0,0.35432899930310535,-0.3823080759999708,4.960605990243475,0.025,14.0
DraftKings,2025-11-09 03:33:55.067367+00:00,-2800.0,1300.0,-18.5,139.5,2025-11-09 20:00:00+00:00,West Virginia Mountaineers,Lehigh Mountain Hawks,lehighmountainhawks::westvirginiamountaineers,2025-11-09,401819916,141.85124,2.9149399,141.53156,22.0,2.35123999999999,,0.016854767025089534,,0.07837466666666633,0.9655172413793104,0.07142857142857142,0.6026262673171017,0.39737373268289833,-1.0,0.3510178659661982,-0.37585136599300184,4.563232257560577,0.03571428571428571,13.0
Bovada,2025-11-09 03:33:55.067367+00:00,,,-18.5,140.0,2025-11-09 20:00:00+00:00,West Virginia Mountaineers,Lehigh Mountain Hawks,lehighmountainhawks::westvirginiamountaineers,2025-11-09,401819916,141.85124,2.9149399,141.53156,22.0,1.85123999999999,,0.013223142857142786,,0.061707999999999666,,,0.6026262673171017,0.39737373268289833,,,,,,
BetOnline.ag,2025-11-09 03:33:55.067367+00:00,,,-19.0,139.0,2025-11-09 20:00:00+00:00,West Virginia Mountaineers,Lehigh Mountain Hawks,lehighmountainhawks::westvirginiamountaineers,2025-11-09,401819916,141.85124,2.9149399,141.53156,22.0,2.85123999999999,,0.020512517985611437,,0.095041333333333,,,0.6026262673171017,0.39737373268289833,,,,,,
LowVig.ag,2025-11-09 03:33:55.067367+00:00,,,-19.0,139.0,2025-11-09 20:00:00+00:00,West Virginia Mountaineers,Lehigh Mountain Hawks,lehighmountainhawks::westvirginiamountaineers,2025-11-09,401819916,141.85124,2.9149399,141.53156,22.0,2.85123999999999,,0.020512517985611437,,0.095041333333333,,,0.6026262673171017,0.39737373268289833,,,,,,
BetMGM,2025-11-09 03:33:55.067367+00:00,-3000.0,1250.0,-18.5,139.5,2025-11-09 20:00:00+00:00,West Virginia Mountaineers,Lehigh Mountain Hawks,lehighmountainhawks::westvirginiamountaineers,2025-11-09,401819916,141.85124,2.9149399,141.53156,22.0,2.35123999999999,,0.016854767025089534,,0.07837466666666633,0.967741935483871,0.07407407407407407,0.6026262673171017,0.39737373268289833,-1.0,0.34916363129753014,-0.3772861904389949,4.364545391219127,0.03333333333333333,12.5
BetRivers,2025-11-09 03:33:55.067367+00:00,-3335.0,1100.0,-18.5,140.5,2025-11-09 20:00:00+00:00,West Virginia Mountaineers,Lehigh Mountain Hawks,lehighmountainhawks::westvirginiamountaineers,2025-11-09,401819916,141.85124,2.9149399,141.53156,22.0,1.35123999999999,,0.009617366548042634,,0.045041333333333,0.9708879184861717,0.08333333333333333,0.6026262673171017,0.39737373268289833,-1.0,0.34258952656316183,-0.37930397953995676,3.76848479219478,0.029985007496251874,11.0
Fanatics,2025-11-09 03:33:55.067367+00:00,-3000.0,1400.0,-18.5,140.0,2025-11-09 20:00:00+00:00,West Virginia Mountaineers,Lehigh Mountain Hawks,lehighmountainhawks::westvirginiamountaineers,2025-11-09,401819916,141.85124,2.9149399,141.53156,22.0,1.85123999999999,,0.013223142857142786,,0.061707999999999666,0.967741935483871,0.06666666666666667,0.6026262673171017,0.39737373268289833,-1.0,0.35432899930310535,-0.3772861904389949,4.960605990243475,0.03333333333333333,14.0
FanDuel,2025-11-09 03:33:55.067367+00:00,-8000.0,2200.0,-22.5,160.5,2025-11-09 20:30:44+00:00,Missouri Tigers,VMI Keydets,vmikeydets::missouritigers,2025-11-09,401823515,141.85124,2.9149399,141.62685,22.0,-18.64876000000001,,-0.11619165109034274,,-0.6216253333333337,0.9876543209876543,0.043478260869565216,0.6026262673171017,0.39737373268289833,-1.0,0.3699816296230301,-0.38984090434143454,8.139595851706662,0.0125,22.0
BetOnline.ag,2025-11-09 03:33:55.067367+00:00,,,-22.0,161.0,2025-11-09 20:30:44+00:00,Missouri Tigers,VMI Keydets,vmikeydets::missouritigers,2025-11-09,401823515,141.85124,2.9149399,141.62685,22.0,-19.14876000000001,,-0.11893639751552801,,-0.6382920000000003,,,0.6026262673171017,0.39737373268289833,,,,,,
LowVig.ag,2025-11-09 03:33:55.067367+00:00,,,-22.0,161.0,2025-11-09 20:30:44+00:00,Missouri Tigers,VMI Keydets,vmikeydets::missouritigers,2025-11-09,401823515,141.85124,2.9149399,141.62685,22.0,-19.14876000000001,,-0.11893639751552801,,-0.6382920000000003,,,0.6026262673171017,0.39737373268289833,,,,,,
DraftKings,2025-11-09 03:33:55.067367+00:00,-8000.0,2200.0,-21.5,160.5,2025-11-09 20:30:44+00:00,Missouri Tigers,VMI Keydets,vmikeydets::missouritigers,2025-11-09,401823515,141.85124,2.9149399,141.62685,22.0,-18.64876000000001,,-0.11619165109034274,,-0.6216253333333337,0.9876543209876543,0.043478260869565216,0.6026262673171017,0.39737373268289833,-1.0,0.3699816296230301,-0.38984090434143454,8.139595851706662,0.0125,22.0
BetMGM,2025-11-09 03:33:55.067367+00:00,-10000.0,1700.0,-22.5,160.5,2025-11-09 20:30:44+00:00,Missouri Tigers,VMI Keydets,vmikeydets::missouritigers,2025-11-09,401823515,141.85124,2.9149399,141.62685,22.0,-18.64876000000001,,-0.11619165109034274,,-0.6216253333333337,0.9900990099009901,0.05555555555555555,0.6026262673171017,0.39737373268289833,-1.0,0.3619251287230688,-0.3913474700097273,6.15272718829217,0.01,17.0
Caesars,2025-11-09 03:33:55.067367+00:00,,,-21.5,161.0,2025-11-09 20:30:44+00:00,Missouri Tigers,VMI Keydets,vmikeydets::missouritigers,2025-11-09,401823515,141.85124,2.9149399,141.62685,22.0,-19.14876000000001,,-0.11893639751552801,,-0.6382920000000003,,,0.6026262673171017,0.39737373268289833,,,,,,
Bovada,2025-11-09 03:33:55.067367+00:00,,,-22.0,160.0,2025-11-09 20:30:44+00:00,Missouri Tigers,VMI Keydets,vmikeydets::missouritigers,2025-11-09,401823515,141.85124,2.9149399,141.62685,22.0,-18.14876000000001,,-0.11342975000000007,,-0.604958666666667,,,0.6026262673171017,0.39737373268289833,,,,,,
BetUS,2025-11-09 03:33:55.067367+00:00,,,-22.0,161.0,2025-11-09 20:30:44+00:00,Missouri Tigers,VMI Keydets,vmikeydets::missouritigers,2025-11-09,401823515,141.85124,2.9149399,141.62685,22.0,-19.14876000000001,,-0.11893639751552801,,-0.6382920000000003,,,0.6026262673171017,0.39737373268289833,,,,,,
BetRivers,2025-11-09 03:33:55.067367+00:00,,,-22.5,160.5,2025-11-09 20:30:44+00:00,Missouri Tigers,VMI Keydets,vmikeydets::missouritigers,2025-11-09,401823515,141.85124,2.9149399,141.62685,22.0,-18.64876000000001,,-0.11619165109034274,,-0.6216253333333337,,,0.6026262673171017,0.39737373268289833,,,,,,
Fanatics,2025-11-09 03:33:55.067367+00:00,-9000.0,2200.0,-22.0,160.0,2025-11-09 20:30:44+00:00,Missouri Tigers,VMI Keydets,vmikeydets::missouritigers,2025-11-09,401823515,141.85124,2.9149399,141.62685,22.0,-18.14876000000001,,-0.11342975000000007,,-0.604958666666667,0.989010989010989,0.043478260869565216,0.6026262673171017,0.39737373268289833,-1.0,0.3699816296230301,-0.39067788526826386,8.139595851706662,0.011111111111111112,22.0
DraftKings,2025-11-09 03:33:55.067367+00:00,,,-22.5,139.5,2025-11-09 22:00:00+00:00,San Diego St Aztecs,Idaho State Bengals,idahostatebengals::sandiegostaztecs,,nan,,,,,,,,,,,,,,,,,,,
LowVig.ag,2025-11-09 03:33:55.067367+00:00,,,-22.5,140.0,2025-11-09 22:00:00+00:00,San Diego St Aztecs,Idaho State Bengals,idahostatebengals::sandiegostaztecs,,nan,,,,,,,,,,,,,,,,,,,
BetOnline.ag,2025-11-09 03:33:55.067367+00:00,,,-22.5,140.0,2025-11-09 22:00:00+00:00,San Diego St Aztecs,Idaho State Bengals,idahostatebengals::sandiegostaztecs,,nan,,,,,,,,,,,,,,,,,,,
BetMGM,2025-11-09 03:33:55.067367+00:00,,,-22.5,139.5,2025-11-09 22:00:00+00:00,San Diego St Aztecs,Idaho State Bengals,idahostatebengals::sandiegostaztecs,,nan,,,,,,,,,,,,,,,,,,,
Caesars,2025-11-09 03:33:55.067367+00:00,,,-22.5,139.5,2025-11-09 22:00:00+00:00,San Diego St Aztecs,Idaho State Bengals,idahostatebengals::sandiegostaztecs,,nan,,,,,,,,,,,,,,,,,,,
Bovada,2025-11-09 03:33:55.067367+00:00,,,-22.5,139.0,2025-11-09 22:00:00+00:00,San Diego St Aztecs,Idaho State Bengals,idahostatebengals::sandiegostaztecs,,nan,,,,,,,,,,,,,,,,,,,
BetRivers,2025-11-09 03:33:55.067367+00:00,,,-22.5,139.5,2025-11-09 22:00:00+00:00,San Diego St Aztecs,Idaho State Bengals,idahostatebengals::sandiegostaztecs,,nan,,,,,,,,,,,,,,,,,,,
BetUS,2025-11-09 03:33:55.067367+00:00,,,-22.5,140.0,2025-11-09 22:00:00+00:00,San Diego St Aztecs,Idaho State Bengals,idahostatebengals::sandiegostaztecs,,nan,,,,,,,,,,,,,,,,,,,
FanDuel,2025-11-09 03:33:55.067367+00:00,134.0,-162.0,2.5,141.5,2025-11-09 22:00:00+00:00,Loyola (Chi) Ramblers,North Texas Mean Green,northtexasmeangreen::loyola(chi)ramblers,,nan,,,,,,,,,,0.42735042735042733,0.6183206106870229,,,,,,,1.34,0.6172839506172839
LowVig.ag,2025-11-09 03:33:55.067367+00:00,,,3.0,142.0,2025-11-09 22:00:00+00:00,Loyola (Chi) Ramblers,North Texas Mean Green,northtexasmeangreen::loyola(chi)ramblers,,nan,,,,,,,,,,,,,,,,,,,
BetOnline.ag,2025-11-09 03:33:55.067367+00:00,,,3.0,142.0,2025-11-09 22:00:00+00:00,Loyola (Chi) Ramblers,North Texas Mean Green,northtexasmeangreen::loyola(chi)ramblers,,nan,,,,,,,,,,,,,,,,,,,
DraftKings,2025-11-09 03:33:55.067367+00:00,124.0,-148.0,2.5,141.5,2025-11-09 22:00:00+00:00,Loyola (Chi) Ramblers,North Texas Mean Green,northtexasmeangreen::loyola(chi)ramblers,,nan,,,,,,,,,,0.44642857142857145,0.5967741935483871,,,,,,,1.24,0.6756756756756757
BetMGM,2025-11-09 03:33:55.067367+00:00,125.0,-150.0,2.5,141.5,2025-11-09 22:00:00+00:00,Loyola (Chi) Ramblers,North Texas Mean Green,northtexasmeangreen::loyola(chi)ramblers,,nan,,,,,,,,,,0.4444444444444444,0.6,,,,,,,1.25,0.6666666666666666
Caesars,2025-11-09 03:33:55.067367+00:00,,,3.0,141.5,2025-11-09 22:00:00+00:00,Loyola (Chi) Ramblers,North Texas Mean Green,northtexasmeangreen::loyola(chi)ramblers,,nan,,,,,,,,,,,,,,,,,,,
Bovada,2025-11-09 03:33:55.067367+00:00,,,3.5,141.5,2025-11-09 22:00:00+00:00,Loyola (Chi) Ramblers,North Texas Mean Green,northtexasmeangreen::loyola(chi)ramblers,,nan,,,,,,,,,,,,,,,,,,,
BetRivers,2025-11-09 03:33:55.067367+00:00,118.0,-150.0,2.5,141.5,2025-11-09 22:00:00+00:00,Loyola (Chi) Ramblers,North Texas Mean Green,northtexasmeangreen::loyola(chi)ramblers,,nan,,,,,,,,,,0.45871559633027525,0.6,,,,,,,1.18,0.6666666666666666
BetUS,2025-11-09 03:33:55.067367+00:00,,,3.0,142.0,2025-11-09 22:00:00+00:00,Loyola (Chi) Ramblers,North Texas Mean Green,northtexasmeangreen::loyola(chi)ramblers,,nan,,,,,,,,,,,,,,,,,,,
FanDuel,2025-11-09 03:33:55.067367+00:00,-122.0,102.0,-1.5,153.5,2025-11-09 22:00:00+00:00,Portland Pilots,UC Davis Aggies,ucdavisaggies::portlandpilots,2025-11-09,401824089,141.85124,2.9149399,141.89642,22.0,-11.64876000000001,,-0.075887687296417,,-0.38829200000000036,0.5495495495495496,0.49504950495049505,0.6026262673171017,0.39737373268289833,0.11783031344396575,-0.19343633331426016,0.09658222413439815,-0.19730505998054537,0.819672131147541,1.02
LowVig.ag,2025-11-09 03:33:55.067367+00:00,,,1.0,152.5,2025-11-09 22:00:00+00:00,Portland Pilots,UC Davis Aggies,ucdavisaggies::portlandpilots,2025-11-09,401824089,141.85124,2.9149399,141.89642,22.0,-10.64876000000001,,-0.06982793442622957,,-0.354958666666667,,,0.6026262673171017,0.39737373268289833,,,,,,
BetOnline.ag,2025-11-09 03:33:55.067367+00:00,,,1.0,152.5,2025-11-09 22:00:00+00:00,Portland Pilots,UC Davis Aggies,ucdavisaggies::portlandpilots,2025-11-09,401824089,141.85124,2.9149399,141.89642,22.0,-10.64876000000001,,-0.06982793442622957,,-0.354958666666667,,,0.6026262673171017,0.39737373268289833,,,,,,
DraftKings,2025-11-09 03:33:55.067367+00:00,-105.0,-115.0,1.5,152.5,2025-11-09 22:00:00+00:00,Portland Pilots,UC Davis Aggies,ucdavisaggies::portlandpilots,2025-11-09,401824089,141.85124,2.9149399,141.89642,22.0,-10.64876000000001,,-0.06982793442622957,,-0.354958666666667,0.5121951219512195,0.5348837209302325,0.6026262673171017,0.39737373268289833,0.18538384800005844,-0.2956464747317686,0.17655604571434136,-0.25708389107110313,0.9523809523809523,0.8695652173913043
BetMGM,2025-11-09 03:33:55.067367+00:00,-105.0,-115.0,1.5,153.5,2025-11-09 22:00:00+00:00,Portland Pilots,UC Davis Aggies,ucdavisaggies::portlandpilots,2025-11-09,401824089,141.85124,2.9149399,141.89642,22.0,-11.64876000000001,,-0.075887687296417,,-0.38829200000000036,0.5121951219512195,0.5348837209302325,0.6026262673171017,0.39737373268289833,0.18538384800005844,-0.2956464747317686,0.17655604571434136,-0.25708389107110313,0.9523809523809523,0.8695652173913043
Caesars,2025-11-09 03:33:55.067367+00:00,,,1.5,152.5,2025-11-09 22:00:00+00:00,Portland Pilots,UC Davis Aggies,ucdavisaggies::portlandpilots,2025-11-09,401824089,141.85124,2.9149399,141.89642,22.0,-10.64876000000001,,-0.06982793442622957,,-0.354958666666667,,,0.6026262673171017,0.39737373268289833,,,,,,
Bovada,2025-11-09 03:33:55.067367+00:00,,,1.0,153.5,2025-11-09 22:00:00+00:00,Portland Pilots,UC Davis Aggies,ucdavisaggies::portlandpilots,2025-11-09,401824089,141.85124,2.9149399,141.89642,22.0,-11.64876000000001,,-0.075887687296417,,-0.38829200000000036,,,0.6026262673171017,0.39737373268289833,,,,,,
BetRivers,2025-11-09 03:33:55.067367+00:00,-115.0,-110.0,-1.5,152.5,2025-11-09 22:00:00+00:00,Portland Pilots,UC Davis Aggies,ucdavisaggies::portlandpilots,2025-11-09,401824089,141.85124,2.9149399,141.89642,22.0,-10.64876000000001,,-0.06982793442622957,,-0.354958666666667,0.5348837209302325,0.5238095238095238,0.6026262673171017,0.39737373268289833,0.14564647473176864,-0.2655151613659135,0.1266491084624075,-0.24137741942355773,0.8695652173913043,0.9090909090909091
BetUS,2025-11-09 03:33:55.067367+00:00,,,1.0,152.5,2025-11-09 22:00:00+00:00,Portland Pilots,UC Davis Aggies,ucdavisaggies::portlandpilots,2025-11-09,401824089,141.85124,2.9149399,141.89642,22.0,-10.64876000000001,,-0.06982793442622957,,-0.354958666666667,,,0.6026262673171017,0.39737373268289833,,,,,,
FanDuel,2025-11-09 03:33:55.067367+00:00,-1400.0,800.0,-13.5,156.5,2025-11-09 23:00:00+00:00,Colorado St Rams,Omaha Mavericks,omahamavericks::coloradostrams,,nan,,,,,,,,,,0.9333333333333333,0.1111111111111111,,,,,,,0.07142857142857142,8.0
LowVig.ag,2025-11-09 03:33:55.067367+00:00,,,-13.0,156.0,2025-11-09 23:00:00+00:00,Colorado St Rams,Omaha Mavericks,omahamavericks::coloradostrams,,nan,,,,,,,,,,,,,,,,,,,
BetOnline.ag,2025-11-09 03:33:55.067367+00:00,,,-13.0,156.0,2025-11-09 23:00:00+00:00,Colorado St Rams,Omaha Mavericks,omahamavericks::coloradostrams,,nan,,,,,,,,,,,,,,,,,,,
DraftKings,2025-11-09 03:33:55.067367+00:00,-1050.0,675.0,-13.5,156.5,2025-11-09 23:00:00+00:00,Colorado St Rams,Omaha Mavericks,omahamavericks::coloradostrams,,nan,,,,,,,,,,0.9130434782608695,0.12903225806451613,,,,,,,0.09523809523809523,6.75
BetMGM,2025-11-09 03:33:55.067367+00:00,-1100.0,675.0,-13.5,156.5,2025-11-09 23:00:00+00:00,Colorado St Rams,Omaha Mavericks,omahamavericks::coloradostrams,,nan,,,,,,,,,,0.9166666666666666,0.12903225806451613,,,,,,,0.09090909090909091,6.75
Caesars,2025-11-09 03:33:55.067367+00:00,,,-13.0,156.5,2025-11-09 23:00:00+00:00,Colorado St Rams,Omaha Mavericks,omahamavericks::coloradostrams,,nan,,,,,,,,,,,,,,,,,,,
Bovada,2025-11-09 03:33:55.067367+00:00,,,-13.5,157.0,2025-11-09 23:00:00+00:00,Colorado St Rams,Omaha Mavericks,omahamavericks::coloradostrams,,nan,,,,,,,,,,,,,,,,,,,
BetUS,2025-11-09 03:33:55.067367+00:00,,,-13.0,156.0,2025-11-09 23:00:00+00:00,Colorado St Rams,Omaha Mavericks,omahamavericks::coloradostrams,,nan,,,,,,,,,,,,,,,,,,,
BetRivers,2025-11-09 03:33:55.067367+00:00,-835.0,500.0,-12.5,156.5,2025-11-09 23:00:00+00:00,Colorado St Rams,Omaha Mavericks,omahamavericks::coloradostrams,,nan,,,,,,,,,,0.893048128342246,0.16666666666666666,,,,,,,0.11976047904191617,5.0
FanDuel,2025-11-09 03:33:55.067367+00:00,-285.0,230.0,-5.5,151.5,2025-11-09 23:00:00+00:00,Liberty Flames,Florida Atlantic Owls,floridaatlanticowls::libertyflames,2025-11-09,401826772,141.85124,2.9149399,141.08142,22.0,-9.64876000000001,,-0.06368818481848192,,-0.32162533333333365,0.7402597402597403,0.30303030303030304,0.6026262673171017,0.39737373268289833,-0.5298888708291586,0.1353623121102454,-0.18592591958917845,0.31133331785356444,0.3508771929824561,2.3
FanDuel,2025-11-09 03:33:55.067367+00:00,-188.0,155.0,-3.5,155.5,2025-11-09 23:00:00+00:00,Howard Bison,Grambling St Tigers,gramblingsttigers::howardbison,,nan,,,,,,,,,,0.6527777777777778,0.39215686274509803,,,,,,,0.5319148936170213,1.55
DraftKings,2025-11-09 03:33:55.067367+00:00,,,-3.5,155.5,2025-11-09 23:00:00+00:00,Howard Bison,Grambling St Tigers,gramblingsttigers::howardbison,,nan,,,,,,,,,,,,,,,,,,,
Bovada,2025-11-09 03:33:55.067367+00:00,,,-3.5,155.0,2025-11-09 23:00:00+00:00,Howard Bison,Grambling St Tigers,gramblingsttigers::howardbison,,nan,,,,,,,,,,,,,,,,,,,
BetOnline.ag,2025-11-09 03:33:55.067367+00:00,,,-4.0,155.0,2025-11-09 23:00:00+00:00,Howard Bison,Grambling St Tigers,gramblingsttigers::howardbison,,nan,,,,,,,,,,,,,,,,,,,
LowVig.ag,2025-11-09 03:33:55.067367+00:00,,,-4.0,155.0,2025-11-09 23:00:00+00:00,Howard Bison,Grambling St Tigers,gramblingsttigers::howardbison,,nan,,,,,,,,,,,,,,,,,,,
BetRivers,2025-11-09 03:33:55.067367+00:00,-190.0,145.0,-3.5,155.5,2025-11-09 23:00:00+00:00,Howard Bison,Grambling St Tigers,gramblingsttigers::howardbison,,nan,,,,,,,,,,0.6551724137931034,0.40816326530612246,,,,,,,0.5263157894736842,1.45
BetMGM,2025-11-09 03:33:55.067367+00:00,-185.0,150.0,-4.5,155.5,2025-11-09 23:00:00+00:00,Howard Bison,Grambling St Tigers,gramblingsttigers::howardbison,,nan,,,,,,,,,,0.6491228070175439,0.4,,,,,,,0.5405405405405406,1.5
FanDuel,2025-11-09 03:33:55.067367+00:00,,,-28.5,160.5,2025-11-09 23:00:00+00:00,USC Trojans,Manhattan Jaspers,manhattanjaspers::usctrojans,2025-11-09,401823858,141.85124,2.9149399,142.82828,22.0,-18.64876000000001,,-0.11619165109034274,,-0.6216253333333337,,,0.6026262673171017,0.39737373268289833,,,,,,
LowVig.ag,2025-11-09 03:33:55.067367+00:00,,,-27.5,161.0,2025-11-09 23:00:00+00:00,USC Trojans,Manhattan Jaspers,manhattanjaspers::usctrojans,2025-11-09,401823858,141.85124,2.9149399,142.82828,22.0,-19.14876000000001,,-0.11893639751552801,,-0.6382920000000003,,,0.6026262673171017,0.39737373268289833,,,,,,
BetOnline.ag,2025-11-09 03:33:55.067367+00:00,,,-27.5,161.0,2025-11-09 23:00:00+00:00,USC Trojans,Manhattan Jaspers,manhattanjaspers::usctrojans,2025-11-09,401823858,141.85124,2.9149399,142.82828,22.0,-19.14876000000001,,-0.11893639751552801,,-0.6382920000000003,,,0.6026262673171017,0.39737373268289833,,,,,,
DraftKings,2025-11-09 03:33:55.067367+00:00,,,-27.5,161.5,2025-11-09 23:00:00+00:00,USC Trojans,Manhattan Jaspers,manhattanjaspers::usctrojans,2025-11-09,401823858,141.85124,2.9149399,142.82828,22.0,-19.64876000000001,,-0.12166414860681121,,-0.654958666666667,,,0.6026262673171017,0.39737373268289833,,,,,,
BetMGM,2025-11-09 03:33:55.067367+00:00,,,-27.5,161.5,2025-11-09 23:00:00+00:00,USC Trojans,Manhattan Jaspers,manhattanjaspers::usctrojans,2025-11-09,401823858,141.85124,2.9149399,142.82828,22.0,-19.64876000000001,,-0.12166414860681121,,-0.654958666666667,,,0.6026262673171017,0.39737373268289833,,,,,,
Caesars,2025-11-09 03:33:55.067367+00:00,,,-28.0,161.0,2025-11-09 23:00:00+00:00,USC Trojans,Manhattan Jaspers,manhattanjaspers::usctrojans,2025-11-09,401823858,141.85124,2.9149399,142.82828,22.0,-19.14876000000001,,-0.11893639751552801,,-0.6382920000000003,,,0.6026262673171017,0.39737373268289833,,,,,,
Bovada,2025-11-09 03:33:55.067367+00:00,,,-27.5,161.0,2025-11-09 23:00:00+00:00,USC Trojans,Manhattan Jaspers,manhattanjaspers::usctrojans,2025-11-09,401823858,141.85124,2.9149399,142.82828,22.0,-19.14876000000001,,-0.11893639751552801,,-0.6382920000000003,,,0.6026262673171017,0.39737373268289833,,,,,,
BetRivers,2025-11-09 03:33:55.067367+00:00,,,-27.5,160.5,2025-11-09 23:00:00+00:00,USC Trojans,Manhattan Jaspers,manhattanjaspers::usctrojans,2025-11-09,401823858,141.85124,2.9149399,142.82828,22.0,-18.64876000000001,,-0.11619165109034274,,-0.6216253333333337,,,0.6026262673171017,0.39737373268289833,,,,,,
BetUS,2025-11-09 03:33:55.067367+00:00,,,-27.5,161.0,2025-11-09 23:00:00+00:00,USC Trojans,Manhattan Jaspers,manhattanjaspers::usctrojans,2025-11-09,401823858,141.85124,2.9149399,142.82828,22.0,-19.14876000000001,,-0.11893639751552801,,-0.6382920000000003,,,0.6026262673171017,0.39737373268289833,,,,,,
FanDuel,2025-11-09 03:33:55.067367+00:00,-4000.0,1400.0,-18.5,150.5,2025-11-09 23:30:00+00:00,South Carolina Gamecocks,Southern Miss Golden Eagles,southernmissgoldeneagles::southcarolinagamecocks,2025-11-09,401827257,141.85124,2.9149399,142.22534,22.0,-8.64876000000001,,-0.057466843853820664,,-0.2882920000000003,0.975609756097561,0.06666666666666667,0.6026262673171017,0.39737373268289833,-1.0,0.35432899930310535,-0.3823080759999708,4.960605990243475,0.025,14.0
BetOnline.ag,2025-11-09 03:33:55.067367+00:00,,,-18.5,151.0,2025-11-09 23:30:00+00:00,South Carolina Gamecocks,Southern Miss Golden Eagles,southernmissgoldeneagles::southcarolinagamecocks,2025-11-09,401827257,141.85124,2.9149399,142.22534,22.0,-9.14876000000001,,-0.06058781456953649,,-0.304958666666667,,,0.6026262673171017,0.39737373268289833,,,,,,
LowVig.ag,2025-11-09 03:33:55.067367+00:00,,,-18.5,151.0,2025-11-09 23:30:00+00:00,South Carolina Gamecocks,Southern Miss Golden Eagles,southernmissgoldeneagles::southcarolinagamecocks,2025-11-09,401827257,141.85124,2.9149399,142.22534,22.0,-9.14876000000001,,-0.06058781456953649,,-0.304958666666667,,,0.6026262673171017,0.39737373268289833,,,,,,
DraftKings,2025-11-09 03:33:55.067367+00:00,-3600.0,1500.0,-18.5,151.5,2025-11-09 23:30:00+00:00,South Carolina Gamecocks,Southern Miss Golden Eagles,southernmissgoldeneagles::southcarolinagamecocks,2025-11-09,401827257,141.85124,2.9149399,142.22534,22.0,-9.64876000000001,,-0.06368818481848192,,-0.32162533333333365,0.972972972972973,0.0625,0.6026262673171017,0.39737373268289833,-1.0,0.35719864819509156,-0.38063411414631215,5.357979722926373,0.027777777777777776,15.0
BetMGM,2025-11-09 03:33:55.067367+00:00,-3000.0,1200.0,-18.5,151.5,2025-11-09 23:30:00+00:00,South Carolina Gamecocks,Southern Miss Golden Eagles,southernmissgoldeneagles::southcarolinagamecocks,2025-11-09,401827257,141.85124,2.9149399,142.22534,22.0,-9.64876000000001,,-0.06368818481848192,,-0.32162533333333365,0.967741935483871,0.07692307692307693,0.6026262673171017,0.39737373268289833,-1.0,0.34715487707313986,-0.3772861904389949,4.165858524877678,0.03333333333333333,12.0
Caesars,2025-11-09 03:33:55.067367+00:00,,,-18.5,151.5,2025-11-09 23:30:00+00:00,South Carolina Gamecocks,Southern Miss Golden Eagles,southernmissgoldeneagles::southcarolinagamecocks,2025-11-09,401827257,141.85124,2.9149399,142.22534,22.0,-9.64876000000001,,-0.06368818481848192,,-0.32162533333333365,,,0.6026262673171017,0.39737373268289833,,,,,,
Bovada,2025-11-09 03:33:55.067367+00:00,,,-18.5,151.5,2025-11-09 23:30:00+00:00,South Carolina Gamecocks,Southern Miss Golden Eagles,southernmissgoldeneagles::southcarolinagamecocks,2025-11-09,401827257,141.85124,2.9149399,142.22534,22.0,-9.64876000000001,,-0.06368818481848192,,-0.32162533333333365,,,0.6026262673171017,0.39737373268289833,,,,,,
BetUS,2025-11-09 03:33:55.067367+00:00,,,-18.5,151.0,2025-11-09 23:30:00+00:00,South Carolina Gamecocks,Southern Miss Golden Eagles,southernmissgoldeneagles::southcarolinagamecocks,2025-11-09,401827257,141.85124,2.9149399,142.22534,22.0,-9.14876000000001,,-0.06058781456953649,,-0.304958666666667,,,0.6026262673171017,0.39737373268289833,,,,,,
BetRivers,2025-11-09 03:33:55.067367+00:00,-3335.0,1150.0,-18.5,150.5,2025-11-09 23:30:00+00:00,South Carolina Gamecocks,Southern Miss Golden Eagles,southernmissgoldeneagles::southcarolinagamecocks,2025-11-09,401827257,141.85124,2.9149399,142.22534,22.0,-8.64876000000001,,-0.057466843853820664,,-0.2882920000000003,0.9708879184861717,0.08,0.6026262673171017,0.39737373268289833,-1.0,0.3449714485683678,-0.37930397953995676,3.9671716585362296,0.029985007496251874,11.5
DraftKings,2025-11-09 03:33:55.067367+00:00,-250.0,205.0,-6.5,155.5,2025-11-10 01:30:00+00:00,Baylor Bears,Washington Huskies,washingtonhuskies::baylorbears,2025-11-09,401819824,141.85124,2.9149399,141.76802,22.0,-13.64876000000001,,-0.08777337620578785,,-0.454958666666667,0.7142857142857143,0.32786885245901637,0.6026262673171017,0.39737373268289833,-0.3908080643901441,0.10340969984528775,-0.15632322575605764,0.21198988468283986,0.4,2.05
BetOnline.ag,2025-11-09 03:33:55.067367+00:00,,,-6.0,155.0,2025-11-10 01:30:00+00:00,Baylor Bears,Washington Huskies,washingtonhuskies::baylorbears,2025-11-09,401819824,141.85124,2.9149399,141.76802,22.0,-13.14876000000001,,-0.08483070967741942,,-0.43829200000000035,,,0.6026262673171017,0.39737373268289833,,,,,,
LowVig.ag,2025-11-09 03:33:55.067367+00:00,,,-6.0,155.0,2025-11-10 01:30:00+00:00,Baylor Bears,Washington Huskies,washingtonhuskies::baylorbears,2025-11-09,401819824,141.85124,2.9149399,141.76802,22.0,-13.14876000000001,,-0.08483070967741942,,-0.43829200000000035,,,0.6026262673171017,0.39737373268289833,,,,,,
Caesars,2025-11-09 03:33:55.067367+00:00,,,-6.0,155.5,2025-11-10 01:30:00+00:00,Baylor Bears,Washington Huskies,washingtonhuskies::baylorbears,2025-11-09,401819824,141.85124,2.9149399,141.76802,22.0,-13.64876000000001,,-0.08777337620578785,,-0.454958666666667,,,0.6026262673171017,0.39737373268289833,,,,,,
BetMGM,2025-11-09 03:33:55.067367+00:00,-250.0,200.0,-6.5,155.5,2025-11-10 01:30:00+00:00,Baylor Bears,Washington Huskies,washingtonhuskies::baylorbears,2025-11-09,401819824,141.85124,2.9149399,141.76802,22.0,-13.64876000000001,,-0.08777337620578785,,-0.454958666666667,0.7142857142857143,0.3333333333333333,0.6026262673171017,0.39737373268289833,-0.3908080643901441,0.09606059902434749,-0.15632322575605764,0.19212119804869499,0.4,2.0
Bovada,2025-11-09 03:33:55.067367+00:00,,,-6.5,155.5,2025-11-10 01:30:00+00:00,Baylor Bears,Washington Huskies,washingtonhuskies::baylorbears,2025-11-09,401819824,141.85124,2.9149399,141.76802,22.0,-13.64876000000001,,-0.08777337620578785,,-0.454958666666667,,,0.6026262673171017,0.39737373268289833,,,,,,
BetUS,2025-11-09 03:33:55.067367+00:00,,,-6.0,155.0,2025-11-10 01:30:00+00:00,Baylor Bears,Washington Huskies,washingtonhuskies::baylorbears,2025-11-09,401819824,141.85124,2.9149399,141.76802,22.0,-13.14876000000001,,-0.08483070967741942,,-0.43829200000000035,,,0.6026262673171017,0.39737373268289833,,,,,,
BetRivers,2025-11-09 03:33:55.067367+00:00,-265.0,200.0,-6.5,155.5,2025-11-10 01:30:00+00:00,Baylor Bears,Washington Huskies,washingtonhuskies::baylorbears,2025-11-09,401819824,141.85124,2.9149399,141.76802,22.0,-13.64876000000001,,-0.08777337620578785,,-0.454958666666667,0.726027397260274,0.3333333333333333,0.6026262673171017,0.39737373268289833,-0.4504141242925788,0.09606059902434749,-0.16996759407267126,0.19212119804869499,0.37735849056603776,2.0
