game_id,season,date,start_time,start_time_local,start_tz_abbr,home_team,away_team,home_score,away_score,home_score_1h,away_score_1h,home_score_2h,away_score_2h,neutral_site,venue,start_time_iso,display_date,start_time_local_venue,start_tz_abbr_venue,game_date,game_key,game_id_odds,book,fetched_at,moneyline_home,moneyline_away,spread,total,commence_time,home_team_name,away_team_name,odds_date,odds_key
0e8755607b2820e97b18ca2f6c424da2,2026,2026-02-14,2026-02-14 19:00:00+00:00,2026-02-14 14:00,EST,Gardner-Webb Runnin' Bulldogs,High Point Panthers,0,0,,,,,False,Paul Porter Arena,2026-02-14T19:00:00Z,2026-02-14,,,2026-02-14,gardnerwebbrunnin__highpoint,,BetOnline.ag,2026-02-14 15:28:00.549482+00:00,,,25.0,160.5,2026-02-14 19:00:00+00:00,Gardner-Webb Bulldogs,High Point Panthers,2026-02-14,gardnerwebb__highpoint
28f6c28a6288a8b595d278a85fa911bf,2026,2026-02-14,2026-02-14 22:00:00+00:00,2026-02-14 17:00,EST,San José State Spartans,Grand Canyon Lopes,0,0,,,,,False,Provident Credit Union Event Center,2026-02-14T22:00:00Z,2026-02-14,,,2026-02-14,grandcanyon__sanjosestate,,BetOnline.ag,2026-02-14 15:28:00.549482+00:00,534.0,-750.0,11.5,139.5,2026-02-14 22:00:00+00:00,San José State Spartans,Grand Canyon Antelopes,2026-02-14,grandcanyonlopes__sanjosestate
401804928,2026,2026-02-14,2026-02-14 22:00:00+00:00,2026-02-14 17:00,EST,Jacksonville State Gamecocks,New Mexico State Aggies,0,0,,,,,False,Pete Mathews Coliseum,2026-02-14T22:00:00Z,2026-02-14,,,2026-02-14,jacksonvillestategamecocks__newmexicostate,61cb514788e1424f8564a51530934372,BetOnline.ag,2026-02-14 15:28:00.549482+00:00,-135.0,115.0,-2.0,139.0,2026-02-14 22:00:00+00:00,Jacksonville St Gamecocks,New Mexico St Aggies,2026-02-14,jacksonvillestategamecocks__newmexicostate
401804929,2026,2026-02-14,2026-02-14 22:00:00+00:00,2026-02-14 17:00,EST,Kennesaw State Owls,Sam Houston Bearkats,0,0,,,,,False,KSU Convocation Center,2026-02-14T22:00:00Z,2026-02-14,,,2026-02-14,kennesawstate__samhoustonbearkats,,,,,,,,,,,,
401804930,2026,2026-02-14,2026-02-14 19:00:00+00:00,2026-02-14 14:00,EST,FIU Panthers,Louisiana Tech Bulldogs,0,0,,,,,False,Ocean Bank Convocation Center,2026-02-14T19:00:00Z,2026-02-14,,,2026-02-14,fiu__louisianatech,,,,,,,,,,,,
401804931,2026,2026-02-14,2026-02-15 01:00:00+00:00,2026-02-14 20:00,EST,Western Kentucky Hilltoppers,Middle Tennessee Blue Raiders,0,0,,,,,False,E.A. Diddle Arena,2026-02-15T01:00:00Z,2026-02-14,,,2026-02-14,middletennesseeblueraiders__westernkentuckyhilltoppers,,,,,,,,,,,,
401804932,2026,2026-02-14,2026-02-14 19:00:00+00:00,2026-02-14 14:00,EST,UTEP Miners,Liberty Flames,0,0,,,,,False,Don Haskins Center,2026-02-14T19:00:00Z,2026-02-14,,,2026-02-14,libertyflames__utepminers,c17aaf5793a57861a85853a65c7681db,BetOnline.ag,2026-02-14 15:28:00.549482+00:00,249.0,-305.0,7.0,137.5,2026-02-14 19:00:00+00:00,UTEP Miners,Liberty Flames,2026-02-14,libertyflames__utepminers
401804933,2026,2026-02-14,2026-02-14 20:00:00+00:00,2026-02-14 15:00,EST,Missouri State Bears,Delaware Blue Hens,0,0,,,,,False,Great Southern Bank Arena,2026-02-14T20:00:00Z,2026-02-14,,,2026-02-14,delawarebluehens__missouristate,68935d88d3e8aba48236a732527959b4,BetOnline.ag,2026-02-14 15:28:00.549482+00:00,-330.0,267.0,-7.0,134.0,2026-02-14 20:00:00+00:00,Missouri St Bears,Delaware Blue Hens,2026-02-14,delawarebluehens__missouristate
401805196,2026,2026-02-14,2026-02-14 21:00:00+00:00,2026-02-14 16:00,EST,Abilene Christian Wildcats,Tarleton Texans,0,0,,,,,False,Moody Coliseum (Abilene),2026-02-14T21:00:00Z,2026-02-14,,,2026-02-14,abilenechristian__tarleton,9bf653b690f964947fc4c4928677b9e6,BetOnline.ag,2026-02-14 15:28:00.549482+00:00,-135.0,115.0,-2.0,136.0,2026-02-14 21:00:00+00:00,Abilene Christian Wildcats,Tarleton Texans,2026-02-14,abilenechristian__tarleton
401805197,2026,2026-02-14,2026-02-14 20:00:00+00:00,2026-02-14 15:00,EST,UT Arlington Mavericks,Southern Utah Thunderbirds,0,0,,,,,False,College Park Center,2026-02-14T20:00:00Z,2026-02-14,,,2026-02-14,southernutahthunderbirds__utarlington,a7aed963b995a903954ee61bb92e5cff,BetOnline.ag,2026-02-14 15:28:00.549482+00:00,-400.0,316.0,-8.5,145.5,2026-02-14 20:00:00+00:00,UT-Arlington Mavericks,Southern Utah Thunderbirds,2026-02-14,southernutahthunderbirds__utarlington
401805198,2026,2026-02-14,2026-02-15 02:00:00+00:00,2026-02-14 21:00,EST,Utah Tech Trailblazers,California Baptist Lancers,0,0,,,,,False,Burns Arena,2026-02-15T02:00:00Z,2026-02-14,,,2026-02-14,californiabaptist__utahtechtrailblazers,,,,,,,,,,,,
401806486,2026,2026-02-14,2026-02-14 21:30:00+00:00,2026-02-14 16:30,EST,Eastern Illinois Panthers,Little Rock Trojans,0,0,,,,,False,Groniger Arena,2026-02-14T21:30:00Z,2026-02-14,,,2026-02-14,easternillinois__littlerocktrojans,,,,,,,,,,,,
401806487,2026,2026-02-14,2026-02-14 21:30:00+00:00,2026-02-14 16:30,EST,Lindenwood Lions,Southeast Missouri State Redhawks,0,0,,,,,False,Hyland Arena,2026-02-14T21:30:00Z,2026-02-14,,,2026-02-14,lindenwood__southeastmissouristate,,,,,,,,,,,,
401806488,2026,2026-02-14,2026-02-14 20:30:00+00:00,2026-02-14 15:30,EST,Morehead State Eagles,Tennessee State Tigers,0,0,,,,,False,Ellis T. Johnson Arena,2026-02-14T20:30:00Z,2026-02-14,,,2026-02-14,moreheadstate__tennesseestate,8f1ae1ee602b6d556dcd1f2aed55d7b3,BetOnline.ag,2026-02-14 15:28:00.549482+00:00,-105.0,-115.0,1.0,151.0,2026-02-14 20:30:00+00:00,Morehead State Eagles,Tennessee St Tigers,2026-02-14,moreheadstate__tennesseestate
401806489,2026,2026-02-14,2026-02-14 21:30:00+00:00,2026-02-14 16:30,EST,SIU Edwardsville Cougars,UT Martin Skyhawks,0,0,,,,,False,First Community Arena,2026-02-14T21:30:00Z,2026-02-14,,,2026-02-14,siuedwardsville__utmartinskyhawks,,,,,,,,,,,,
401806490,2026,2026-02-14,2026-02-14 22:00:00+00:00,2026-02-14 17:00,EST,Southern Indiana Screaming Eagles,Tennessee Tech Golden Eagles,0,0,,,,,False,Liberty Arena (IN),2026-02-14T22:00:00Z,2026-02-14,,,2026-02-14,southernindianascreaming__tennesseetechgolden,06d2966eba5aef996b477778eb3458d6,BetOnline.ag,2026-02-14 15:28:00.549482+00:00,,,0.0,139.0,2026-02-14 22:00:00+00:00,Southern Indiana Screaming Eagles,Tennessee Tech Golden Eagles,2026-02-14,southernindianascreaming__tennesseetechgolden
401807739,2026,2026-02-14,2026-02-14 22:30:00+00:00,2026-02-14 17:30,EST,Austin Peay Governors,Bellarmine Knights,0,0,,,,,False,F&M Bank Arena,2026-02-14T22:30:00Z,2026-02-14,,,2026-02-14,austinpeay__bellarmine,bd374771075a78e647b72ffaf2c1ae47,BetOnline.ag,2026-02-14 15:28:00.549482+00:00,,,-9.5,153.5,2026-02-14 22:30:00+00:00,Austin Peay Governors,Bellarmine Knights,2026-02-14,austinpeay__bellarmine
401807741,2026,2026-02-14,2026-02-14 21:00:00+00:00,2026-02-14 16:00,EST,Queens University Royals,Lipscomb Bisons,0,0,,,,,False,Curry Arena,2026-02-14T21:00:00Z,2026-02-14,,,2026-02-14,lipscomb__queensroyals,b22e5c6ccb091b8c20d58b91ee0cea04,BetOnline.ag,2026-02-14 15:28:00.549482+00:00,,,-2.0,165.5,2026-02-14 21:00:00+00:00,Queens University Royals,Lipscomb Bisons,2026-02-14,lipscomb__queensroyals
401807742,2026,2026-02-14,2026-02-14 21:00:00+00:00,2026-02-14 16:00,EST,Jacksonville Dolphins,North Florida Ospreys,0,0,,,,,False,Swisher Gymnasium,2026-02-14T21:00:00Z,2026-02-14,,,2026-02-14,jacksonville__northfloridaospreys,1a3f627c3bdc30c25bdf5f334c7959aa,BetOnline.ag,2026-02-14 15:28:00.549482+00:00,,,-8.0,154.0,2026-02-14 21:00:00+00:00,Jacksonville Dolphins,North Florida Ospreys,2026-02-14,jacksonville__northfloridaospreys
401807743,2026,2026-02-14,2026-02-14 19:00:00+00:00,2026-02-14 14:00,EST,Florida Gulf Coast Eagles,Stetson Hatters,0,0,,,,,False,Alico Arena,2026-02-14T19:00:00Z,2026-02-14,,,2026-02-14,floridagulfcoast__stetsonhatters,b1eaa3e71f1aea67343571c9b3c9c70d,BetOnline.ag,2026-02-14 15:28:00.549482+00:00,,,-10.0,149.5,2026-02-14 19:00:00+00:00,Florida Gulf Coast Eagles,Stetson Hatters,2026-02-14,floridagulfcoast__stetsonhatters
401807744,2026,2026-02-14,2026-02-14 19:00:00+00:00,2026-02-14 14:00,EST,Central Arkansas Bears,West Georgia Wolves,0,0,,,,,False,Farris Center,2026-02-14T19:00:00Z,2026-02-14,,,2026-02-14,centralarkansas__westgeorgiawolves,8cad6bbd4eb9d2012535bbb3313c9813,BetOnline.ag,2026-02-14 15:28:00.549482+00:00,,,-11.0,153.5,2026-02-14 19:00:00+00:00,Central Arkansas Bears,West Georgia Wolves,2026-02-14,centralarkansas__westgeorgiawolves
401808233,2026,2026-02-14,2026-02-15 01:30:00+00:00,2026-02-14 20:30,EST,Arkansas Razorbacks,Auburn Tigers,0,0,,,,,False,Bud Walton Arena,2026-02-15T01:30:00Z,2026-02-14,,,2026-02-14,arkansas__auburn,,,,,,,,,,,,
401808234,2026,2026-02-14,2026-02-14 20:00:00+00:00,2026-02-14 15:00,EST,Florida Gators,Kentucky Wildcats,0,0,,,,,False,Stephen C. O'Connell Center,2026-02-14T20:00:00Z,2026-02-14,,,2026-02-14,floridagators__kentucky,00bd16ace7742e16b44af8bb89c5f3ce,DraftKings,2026-02-14 15:28:00.549482+00:00,-1100.0,700.0,-13.5,154.5,2026-02-14 20:00:00+00:00,Florida Gators,Kentucky Wildcats,2026-02-14,floridagators__kentucky
401808235,2026,2026-02-14,2026-02-14 23:30:00+00:00,2026-02-14 18:30,EST,Ole Miss Rebels,Mississippi State Bulldogs,0,0,,,,,False,The Sandy and John Black Pavilion at Ole Miss,2026-02-14T23:30:00Z,2026-02-14,,,2026-02-14,mississippiolemiss__mississippistate,2790734c4901a3a7610d0002d3f0ac47,FanDuel,2026-02-14 15:28:00.549482+00:00,-205.0,168.0,-3.5,144.5,2026-02-14 23:30:52+00:00,Ole Miss Rebels,Mississippi State Bulldogs,2026-02-14,mississippiolemiss__mississippistate
401808236,2026,2026-02-14,2026-02-15 01:30:00+00:00,2026-02-14 20:30,EST,Missouri Tigers,Texas Longhorns,0,0,,,,,False,Mizzou Arena,2026-02-15T01:30:00Z,2026-02-14,,,2026-02-14,missouri__texas,,,,,,,,,,,,
401808237,2026,2026-02-14,2026-02-14 23:00:00+00:00,2026-02-14 18:00,EST,Tennessee Volunteers,LSU Tigers,0,0,,,,,False,Food City Center,2026-02-14T23:00:00Z,2026-02-14,,,2026-02-14,louisianastate__tennessee,870a7bf0665958978d18ac193032589c,FanDuel,2026-02-14 15:28:00.549482+00:00,-2000.0,980.0,-14.5,144.5,2026-02-14 23:00:14+00:00,Tennessee Volunteers,LSU Tigers,2026-02-14,louisianastate__tennessee
401808238,2026,2026-02-14,2026-02-14 18:00:00+00:00,2026-02-14 13:00,EST,Vanderbilt Commodores,Texas A&M Aggies,0,0,,,,,False,Memorial Gymnasium (TN),2026-02-14T18:00:00Z,2026-02-14,,,2026-02-14,texasaandm__vanderbilt,ea20c7cfb0720a9dad9556d867ea37ef,FanDuel,2026-02-14 15:28:00.549482+00:00,-315.0,250.0,-6.5,166.5,2026-02-14 18:00:48+00:00,Vanderbilt Commodores,Texas A&M Aggies,2026-02-14,texasaandm__vanderbilt
401808239,2026,2026-02-14,2026-02-14 20:30:00+00:00,2026-02-14 15:30,EST,Oklahoma Sooners,Georgia Bulldogs,0,0,,,,,False,Lloyd Noble Center,2026-02-14T20:30:00Z,2026-02-14,,,2026-02-14,georgia__oklahomasooners,219dd061831f232064861559eed41115,FanDuel,2026-02-14 15:28:00.549482+00:00,-126.0,105.0,-1.5,164.5,2026-02-14 20:30:30+00:00,Oklahoma Sooners,Georgia Bulldogs,2026-02-14,georgia__oklahomasooners
401808240,2026,2026-02-14,2026-02-15 01:30:00+00:00,2026-02-14 20:30,EST,Alabama Crimson Tide,South Carolina Gamecocks,0,0,,,,,False,Coleman Coliseum,2026-02-15T01:30:00Z,2026-02-14,,,2026-02-14,alabamacrimson__southcarolinagamecocks,,,,,,,,,,,,
401808465,2026,2026-02-14,2026-02-14 22:00:00+00:00,2026-02-14 17:00,EST,Eastern Washington Eagles,Weber State Wildcats,0,0,,,,,False,Reese Court,2026-02-14T22:00:00Z,2026-02-14,,,2026-02-14,easternwashington__weberstate,c7ea6c36faacb603199467e28596b8a0,BetOnline.ag,2026-02-14 15:28:00.549482+00:00,-155.0,135.0,-3.0,155.0,2026-02-14 22:00:00+00:00,Eastern Washington Eagles,Weber State Wildcats,2026-02-14,easternwashington__weberstate
401808482,2026,2026-02-14,2026-02-14 22:00:00+00:00,2026-02-14 17:00,EST,Idaho Vandals,Idaho State Bengals,0,0,,,,,False,ICCU Arena,2026-02-14T22:00:00Z,2026-02-14,,,2026-02-14,idahostate__idahovandals,3084075c051160213c1b5149b7106f4e,BetOnline.ag,2026-02-14 15:28:00.549482+00:00,-335.0,270.0,-7.0,146.5,2026-02-14 22:00:00+00:00,Idaho Vandals,Idaho State Bengals,2026-02-14,idahostate__idahovandals
401808508,2026,2026-02-14,2026-02-15 02:00:00+00:00,2026-02-14 21:00,EST,Montana Grizzlies,Montana State Bobcats,0,0,,,,,False,Dahlberg Arena,2026-02-15T02:00:00Z,2026-02-14,,,2026-02-14,montanagrizzlies__montanastate,,,,,,,,,,,,
401808529,2026,2026-02-14,2026-02-15 01:00:00+00:00,2026-02-14 20:00,EST,Northern Arizona Lumberjacks,Sacramento State Hornets,0,0,,,,,False,J. Lawrence Walkup Skydome,2026-02-15T01:00:00Z,2026-02-14,,,2026-02-14,northernarizonalumberjacks__sacramentostate,,,,,,,,,,,,
401808536,2026,2026-02-14,2026-02-14 21:00:00+00:00,2026-02-14 16:00,EST,Northern Colorado Bears,Portland State Vikings,0,0,,,,,False,Bank of Colorado Arena,2026-02-14T21:00:00Z,2026-02-14,2026-02-14 14:00,MST,2026-02-14,northerncolorado__portlandstate,,,,,,,,,,,,
401808669,2026,2026-02-14,2026-02-14 21:00:00+00:00,2026-02-14 16:00,EST,James Madison Dukes,App State Mountaineers,0,0,,,,,False,Atlantic Union Bank Center,2026-02-14T21:00:00Z,2026-02-14,,,2026-02-14,appstate__jamesmadison,13941ea6dad99741059ca576c9992af3,BetOnline.ag,2026-02-14 15:28:00.549482+00:00,100.0,-120.0,1.0,135.5,2026-02-14 21:00:00+00:00,James Madison Dukes,App State Mountaineers,2026-02-14,appstate__jamesmadison
401808670,2026,2026-02-14,2026-02-14 20:30:00+00:00,2026-02-14 15:30,EST,Old Dominion Monarchs,Georgia State Panthers,0,0,,,,,False,Chartway Arena,2026-02-14T20:30:00Z,2026-02-14,,,2026-02-14,georgiastate__olddominion,5a9b956f5d23f1fd043325d052cdf6f9,BetOnline.ag,2026-02-14 15:28:00.549482+00:00,-180.0,157.0,-4.0,147.5,2026-02-14 20:30:00+00:00,Old Dominion Monarchs,Georgia St Panthers,2026-02-14,georgiastate__olddominion
401808671,2026,2026-02-14,2026-02-15 01:30:00+00:00,2026-02-14 20:30,EST,Georgia Southern Eagles,Marshall Thundering Herd,0,0,,,,,False,Jack and Ruth Ann Hill Convocation Center,2026-02-15T01:30:00Z,2026-02-14,,,2026-02-14,georgiasouthern__marshallthunderingherd,,,,,,,,,,,,
401808672,2026,2026-02-14,2026-02-14 20:00:00+00:00,2026-02-14 15:00,EST,Arkansas State Red Wolves,South Alabama Jaguars,0,0,,,,,False,First National Bank Arena,2026-02-14T20:00:00Z,2026-02-14,,,2026-02-14,arkansasstateredwolves__southalabama,01eba2ac1574a7e397271e25c923ef5b,BetOnline.ag,2026-02-14 15:28:00.549482+00:00,-310.0,252.0,-7.0,150.5,2026-02-14 20:00:00+00:00,Arkansas St Red Wolves,South Alabama Jaguars,2026-02-14,arkansasstateredwolves__southalabama
401808673,2026,2026-02-14,2026-02-15 01:30:00+00:00,2026-02-14 20:30,EST,Southern Miss Golden Eagles,Troy Trojans,0,0,,,,,False,Reed Green Coliseum,2026-02-15T01:30:00Z,2026-02-14,,,2026-02-14,southernmissgolden__troytrojans,,,,,,,,,,,,
401808674,2026,2026-02-14,2026-02-14 20:00:00+00:00,2026-02-14 15:00,EST,Texas State Bobcats,ULM Warhawks,0,0,,,,,False,Strahan Arena at the University Events Center,2026-02-14T20:00:00Z,2026-02-14,,,2026-02-14,texasstate__ulmwarhawks,369c7b1cc914bdf11ac1f5e4b4d52369,BetOnline.ag,2026-02-14 15:28:00.549482+00:00,-1250.0,776.0,-13.5,149.5,2026-02-14 20:00:00+00:00,Texas State Bobcats,ULM Warhawks,2026-02-14,texasstate__ulmwarhawks
401808718,2026,2026-02-14,2026-02-14 23:00:00+00:00,2026-02-14 18:00,EST,East Texas A&M Lions,McNeese Cowboys,0,0,,,,,False,The Field House,2026-02-14T23:00:00Z,2026-02-14,,,2026-02-14,easttexasaandm__mcneese,01f47e3de4f6e039c943e3ca0e0295a7,BetOnline.ag,2026-02-14 15:28:00.549482+00:00,,,12.0,143.0,2026-02-14 23:00:00+00:00,East Texas A&M Lions,McNeese Cowboys,2026-02-14,easttexasaandm__mcneese
401808913,2026,2026-02-14,2026-02-14 21:30:00+00:00,2026-02-14 16:30,EST,Houston Christian Huskies,New Orleans Privateers,0,0,,,,,False,Sharp Gymnasium,2026-02-14T21:30:00Z,2026-02-14,,,2026-02-14,houstonchristian__neworleans,5306ef940a6d5759977bc6f891dc9a11,BetOnline.ag,2026-02-14 15:28:00.549482+00:00,,,2.0,149.0,2026-02-14 21:30:00+00:00,Houston Christian Huskies,New Orleans Privateers,2026-02-14,houstonchristian__neworleans
401808929,2026,2026-02-14,2026-02-14 22:00:00+00:00,2026-02-14 17:00,EST,Incarnate Word Cardinals,Nicholls Colonels,0,0,,,,,False,McDermott Center,2026-02-14T22:00:00Z,2026-02-14,,,2026-02-14,incarnateword__nichollscolonels,,,,,,,,,,,,
401808943,2026,2026-02-14,2026-02-14 21:30:00+00:00,2026-02-14 16:30,EST,Northwestern State Demons,Southeastern Louisiana Lions,0,0,,,,,False,Prather Coliseum,2026-02-14T21:30:00Z,2026-02-14,,,2026-02-14,northwesternstate__southeasternlouisiana,6bb9e91610a1ad9a2b4064dc6c43dcdd,BetOnline.ag,2026-02-14 15:28:00.549482+00:00,,,-1.0,132.0,2026-02-14 21:30:00+00:00,Northwestern St Demons,Southeastern Louisiana Lions,2026-02-14,northwesternstate__southeasternlouisiana
401808972,2026,2026-02-14,2026-02-14 22:30:00+00:00,2026-02-14 17:30,EST,UTRGV Vaqueros,Stephen F. Austin Lumberjacks,0,0,,,,,False,UTRGV Fieldhouse,2026-02-14T22:30:00Z,2026-02-14,,,2026-02-14,stephenfaustinlumberjacks__utrgv,c6826274b1915374f88e80c2ea23dcf7,BetOnline.ag,2026-02-14 15:28:00.549482+00:00,,,-2.0,143.0,2026-02-14 22:30:00+00:00,UTRGV Vaqueros,Stephen F. Austin Lumberjacks,2026-02-14,stephenfaustinlumberjacks__utrgv
401809099,2026,2026-02-14,2026-02-15 03:00:00+00:00,2026-02-14 22:00,EST,UC San Diego Tritons,UC Riverside Highlanders,0,0,,,,,False,LionTree Arena,2026-02-15T03:00:00Z,2026-02-14,,,2026-02-14,californiariverside__ucsandiegotritons,,,,,,,,,,,,
401809117,2026,2026-02-14,2026-02-15 03:00:00+00:00,2026-02-14 22:00,EST,UC Irvine Anteaters,Cal State Fullerton Titans,0,0,,,,,False,Bren Events Center,2026-02-15T03:00:00Z,2026-02-14,,,2026-02-14,calstfullerton__ucirvineanteaters,,,,,,,,,,,,
401809134,2026,2026-02-14,2026-02-14 22:00:00+00:00,2026-02-14 17:00,EST,UC Davis Aggies,Long Beach State Beach,0,0,,,,,False,University Credit Union Center,2026-02-14T22:00:00Z,2026-02-14,,,2026-02-14,californiadavis__longbeachstatebeach,,,,,,,,,,,,
401809147,2026,2026-02-14,2026-02-15 01:00:00+00:00,2026-02-14 20:00,EST,Cal State Northridge Matadors,Hawai'i Rainbow Warriors,0,0,,,,,False,Premier America Credit Union Arena,2026-02-15T01:00:00Z,2026-02-14,,,2026-02-14,calstatenorthridge__hawaiirainbow,,,,,,,,,,,,
401809162,2026,2026-02-14,2026-02-15 00:00:00+00:00,2026-02-14 19:00,EST,Cal Poly Mustangs,UC Santa Barbara Gauchos,0,0,,,,,False,Mott Athletics Center,2026-02-15T00:00:00Z,2026-02-14,,,2026-02-14,calpoly__ucsantabarbaragauchos,,,,,,,,,,,,
401809368,2026,2026-02-14,2026-02-14 21:30:00+00:00,2026-02-14 16:30,EST,Chattanooga Mocs,Western Carolina Catamounts,0,0,,,,,False,McKenzie Arena,2026-02-14T21:30:00Z,2026-02-14,,,2026-02-14,chattanoogamocs__westerncarolinacatamounts,6b7c38a490a81ac98897d29ed0aa568b,BetOnline.ag,2026-02-14 15:28:00.549482+00:00,-125.0,105.0,-1.5,152.0,2026-02-14 21:30:00+00:00,Chattanooga Mocs,Western Carolina Catamounts,2026-02-14,chattanoogamocs__westerncarolinacatamounts
401809369,2026,2026-02-14,2026-02-14 17:00:00+00:00,2026-02-14 12:00,EST,ETSU Buccaneers,Samford Bulldogs,0,0,,,,,False,Freedom Hall (TN),2026-02-14T17:00:00Z,2026-02-14,,,2026-02-14,etsu__samford,381f9bb5fc9bd5c826edbb22e32f5728,BetOnline.ag,2026-02-14 15:28:00.549482+00:00,-285.0,234.0,-6.0,147.0,2026-02-14 17:00:00+00:00,ETSU Buccaneers,Samford Bulldogs,2026-02-14,etsu__samford
401809370,2026,2026-02-14,2026-02-14 18:00:00+00:00,2026-02-14 13:00,EST,The Citadel Bulldogs,Mercer Bears,0,0,,,,,False,McAlister Field House,2026-02-14T18:00:00Z,2026-02-14,,,2026-02-14,citadel__mercer,080ccd9ee3e2e5b44cd603ea377d6059,BetOnline.ag,2026-02-14 15:28:00.549482+00:00,434.0,-580.0,10.0,147.5,2026-02-14 18:00:00+00:00,The Citadel Bulldogs,Mercer Bears,2026-02-14,citadel__mercer
401809371,2026,2026-02-14,2026-02-14 22:00:00+00:00,2026-02-14 17:00,EST,UNC Greensboro Spartans,Wofford Terriers,0,0,,,,,False,Bodford Arena,2026-02-14T22:00:00Z,2026-02-14,,,2026-02-14,uncgreensboro__wofford,c456fc3d3ebb4815146d330a9d39c418,BetOnline.ag,2026-02-14 15:28:00.549482+00:00,115.0,-135.0,2.0,155.0,2026-02-14 22:00:00+00:00,UNC Greensboro Spartans,Wofford Terriers,2026-02-14,uncgreensboro__wofford
401809372,2026,2026-02-14,2026-02-14 18:00:00+00:00,2026-02-14 13:00,EST,VMI Keydets,Furman Paladins,0,0,,,,,False,Cameron Hall,2026-02-14T18:00:00Z,2026-02-14,,,2026-02-14,furmanpaladins__vmikeydets,3830290a4bbd11e9b6afc7253e885fef,BetOnline.ag,2026-02-14 15:28:00.549482+00:00,661.0,-1000.0,13.0,146.0,2026-02-14 18:00:00+00:00,VMI Keydets,Furman Paladins,2026-02-14,furmanpaladins__vmikeydets
401812066,2026,2026-02-14,2026-02-14 21:00:00+00:00,2026-02-14 16:00,EST,UNC Wilmington Seahawks,Hofstra Pride,0,0,,,,,False,Trask Coliseum,2026-02-14T21:00:00Z,2026-02-14,,,2026-02-14,hofstrapride__uncwilmingtonseahawks,e5ed282f1522e7715ba03837638b9ae3,BetOnline.ag,2026-02-14 15:28:00.549482+00:00,-145.0,125.0,-2.5,138.0,2026-02-14 21:00:00+00:00,UNC Wilmington Seahawks,Hofstra Pride,2026-02-14,hofstrapride__uncwilmingtonseahawks
401812068,2026,2026-02-14,2026-02-14 19:00:00+00:00,2026-02-14 14:00,EST,William & Mary Tribe,Elon Phoenix,0,0,,,,,False,Kaplan Arena,2026-02-14T19:00:00Z,2026-02-14,,,2026-02-14,elonphoenix__williamandmarytribe,071f09d20549ddee8ce5cb35bf81003c,BetOnline.ag,2026-02-14 15:28:00.549482+00:00,-315.0,256.0,-7.0,165.5,2026-02-14 19:00:00+00:00,William & Mary Tribe,Elon Phoenix,2026-02-14,elonphoenix__williamandmarytribe
401812154,2026,2026-02-14,2026-02-14 21:00:00+00:00,2026-02-14 16:00,EST,Binghamton Bearcats,UAlbany Great Danes,0,0,,,,,False,Events Center (Binghamton),2026-02-14T21:00:00Z,2026-02-14,,,2026-02-14,binghamton__ualbanygreatdanes,efd0f60ff11d178ab85281683d5a13ea,BetOnline.ag,2026-02-14 15:28:00.549482+00:00,,,5.0,136.5,2026-02-14 21:00:00+00:00,Binghamton Bearcats,Albany Great Danes,2026-02-14,binghamton__ualbanygreatdanes
401812155,2026,2026-02-14,2026-02-14 19:00:00+00:00,2026-02-14 14:00,EST,Vermont Catamounts,Bryant Bulldogs,0,0,,,,,False,Patrick Gymnasium,2026-02-14T19:00:00Z,2026-02-14,,,2026-02-14,bryant__vermontcatamounts,4bcfe076e7a16424b4f57e5ac2e599aa,BetOnline.ag,2026-02-14 15:28:00.549482+00:00,,,-12.0,134.5,2026-02-14 19:00:00+00:00,Vermont Catamounts,Bryant Bulldogs,2026-02-14,bryant__vermontcatamounts
401812156,2026,2026-02-14,2026-02-14 18:00:00+00:00,2026-02-14 13:00,EST,New Hampshire Wildcats,UMBC Retrievers,0,0,,,,,False,Lundholm Gymnasium,2026-02-14T18:00:00Z,2026-02-14,,,2026-02-14,newhampshire__umbcretrievers,5a01a5220df657733b91b137b65ded7b,BetOnline.ag,2026-02-14 15:28:00.549482+00:00,,,4.5,144.0,2026-02-14 18:00:00+00:00,New Hampshire Wildcats,UMBC Retrievers,2026-02-14,newhampshire__umbcretrievers
401812157,2026,2026-02-14,2026-02-14 20:00:00+00:00,2026-02-14 15:00,EST,Maine Black Bears,NJIT Highlanders,0,0,,,,,False,Skip Chappelle Court in Memorial Gymnasium,2026-02-14T20:00:00Z,2026-02-14,,,2026-02-14,maine__njit,ac3ea54fcf8691693639007fa998db1c,BetOnline.ag,2026-02-14 15:28:00.549482+00:00,,,3.5,137.0,2026-02-14 20:00:00+00:00,Maine Black Bears,NJIT Highlanders,2026-02-14,maine__njit
401812328,2026,2026-02-14,2026-02-14 19:00:00+00:00,2026-02-14 14:00,EST,Fairleigh Dickinson Knights,Central Connecticut Blue Devils,0,0,,,,,False,Bogota Savings Bank Center,2026-02-14T19:00:00Z,2026-02-14,,,2026-02-14,centralconnecticutbluedevils__fairleighdickinson,,,,,,,,,,,,
401812346,2026,2026-02-14,2026-02-14 18:00:00+00:00,2026-02-14 13:00,EST,Le Moyne Dolphins,Chicago State Cougars,0,0,,,,,False,Ted Grant Court,2026-02-14T18:00:00Z,2026-02-14,,,2026-02-14,chicagostate__lemoyne,c7a38eb38cbdd74ef514c4f218870bf9,BetOnline.ag,2026-02-14 15:28:00.549482+00:00,,,-6.0,145.5,2026-02-14 18:00:00+00:00,Le Moyne Dolphins,Chicago St Cougars,2026-02-14,chicagostate__lemoyne
401812375,2026,2026-02-14,2026-02-14 18:00:00+00:00,2026-02-14 13:00,EST,New Haven Chargers,LIU Sharks,0,0,,,,,False,Jeffery P. Hazell Athletics Center,2026-02-14T18:00:00Z,2026-02-14,,,2026-02-14,liu__newhavenchargers,a2f3053c3e43c060ecccff93a5c11770,BetOnline.ag,2026-02-14 15:28:00.549482+00:00,,,7.0,130.5,2026-02-14 18:00:00+00:00,New Haven Chargers,LIU Sharks,2026-02-14,liu__newhavenchargers
401812397,2026,2026-02-14,2026-02-14 19:00:00+00:00,2026-02-14 14:00,EST,Saint Francis Red Flash,Mercyhurst Lakers,0,0,,,,,False,DeGol Arena,2026-02-14T19:00:00Z,2026-02-14,2026-02-14 14:00,EST,2026-02-14,mercyhurst__stfrancisredflash,,,,,,,,,,,,
401812408,2026,2026-02-14,2026-02-14 19:00:00+00:00,2026-02-14 14:00,EST,Stonehill Skyhawks,Wagner Seahawks,0,0,,,,,False,Merkert Gymnasium,2026-02-14T19:00:00Z,2026-02-14,,,2026-02-14,stonehillskyhawks__wagnerseahawks,3d06e376713c0ee3de61809cf1586f37,BetOnline.ag,2026-02-14 15:28:00.549482+00:00,,,-2.0,130.5,2026-02-14 19:00:00+00:00,Stonehill Skyhawks,Wagner Seahawks,2026-02-14,stonehillskyhawks__wagnerseahawks
401812594,2026,2026-02-14,2026-02-14 23:00:00+00:00,2026-02-14 18:00,EST,Penn Quakers,Cornell Big Red,0,0,,,,,False,The Palestra,2026-02-14T23:00:00Z,2026-02-14,2026-02-14 18:00,EST,2026-02-14,cornellbigred__pennquakers,de9c365abb0b9bb0a9e5f92955d5ebb1,BetOnline.ag,2026-02-14 15:28:00.549482+00:00,125.0,-145.0,2.5,171.5,2026-02-14 23:00:00+00:00,Penn Quakers,Cornell Big Red,2026-02-14,cornellbigred__pennquakers
401812621,2026,2026-02-14,2026-02-14 23:30:00+00:00,2026-02-14 18:30,EST,Harvard Crimson,Yale Bulldogs,0,0,,,,,False,Lavietes Pavilion,2026-02-14T23:30:00Z,2026-02-14,2026-02-14 18:30,EST,2026-02-14,harvardcrimson__yale,8926170ceaab39c9dbd37c1573e5dae4,FanDuel,2026-02-14 15:28:00.549482+00:00,198.0,-245.0,5.5,141.5,2026-02-14 23:30:00+00:00,Harvard Crimson,Yale Bulldogs,2026-02-14,harvardcrimson__yale
401814562,2026,2026-02-14,2026-02-14 19:00:00+00:00,2026-02-14 14:00,EST,Ball State Cardinals,Kent State Golden Flashes,0,0,,,,,False,Worthen Arena,2026-02-14T19:00:00Z,2026-02-14,,,2026-02-14,ballstate__kentstategoldenflashes,cb6046b737832fc4b66cd12222a1d815,BetOnline.ag,2026-02-14 15:28:00.549482+00:00,278.0,-345.0,7.5,143.0,2026-02-14 19:00:00+00:00,Ball State Cardinals,Kent State Golden Flashes,2026-02-14,ballstate__kentstategoldenflashes
401814564,2026,2026-02-14,2026-02-14 22:00:00+00:00,2026-02-14 17:00,EST,Central Michigan Chippewas,Northern Illinois Huskies,0,0,,,,,False,McGuirk Arena,2026-02-14T22:00:00Z,2026-02-14,,,2026-02-14,centralmichigan__northernillinois,a3f44b0134eeb38fc05414a0b91eb057,BetOnline.ag,2026-02-14 15:28:00.549482+00:00,-195.0,170.0,-4.5,146.5,2026-02-14 22:00:00+00:00,Central Michigan Chippewas,Northern Illinois Huskies,2026-02-14,centralmichigan__northernillinois
401814566,2026,2026-02-14,2026-02-14 22:00:00+00:00,2026-02-14 17:00,EST,Bowling Green Falcons,Toledo Rockets,0,0,,,,,False,Stroh Center,2026-02-14T22:00:00Z,2026-02-14,,,2026-02-14,bowlinggreen__toledorockets,c51b4872a004e0f2fdc32c2806b6c932,BetOnline.ag,2026-02-14 15:28:00.549482+00:00,-180.0,157.0,-4.0,151.0,2026-02-14 22:00:00+00:00,Bowling Green Falcons,Toledo Rockets,2026-02-14,bowlinggreen__toledorockets
401814567,2026,2026-02-14,2026-02-14 19:00:00+00:00,2026-02-14 14:00,EST,Eastern Michigan Eagles,Western Michigan Broncos,0,0,,,,,False,Gervin GameAbove Center,2026-02-14T19:00:00Z,2026-02-14,,,2026-02-14,easternmichigan__westernmichigan,ec84293a66ebf7cf122b0fa698a13346,BetOnline.ag,2026-02-14 15:28:00.549482+00:00,-300.0,245.0,-7.0,145.5,2026-02-14 19:00:00+00:00,Eastern Michigan Eagles,Western Michigan Broncos,2026-02-14,easternmichigan__westernmichigan
401817250,2026,2026-02-14,2026-02-14 21:00:00+00:00,2026-02-14 16:00,EST,Baylor Bears,Louisville Cardinals,0,0,,,,,True,Dickies Arena,2026-02-14T21:00:00Z,2026-02-14,,,2026-02-14,baylor__louisville,5cb5182d7617c99b7b2c6bbae8fb7665,FanDuel,2026-02-14 15:28:00.549482+00:00,255.0,-320.0,6.5,163.5,2026-02-14 21:00:12+00:00,Baylor Bears,Louisville Cardinals,2026-02-14,baylor__louisville
401817516,2026,2026-02-14,2026-02-15 01:00:00+00:00,2026-02-14 20:00,EST,Ohio State Buckeyes,Virginia Cavaliers,0,0,,,,,True,Bridgestone Arena,2026-02-15T01:00:00Z,2026-02-14,,,2026-02-14,ohiostatebuckeyes__virginiacavaliers,,,,,,,,,,,,
401818420,2026,2026-02-14,2026-02-14 19:00:00+00:00,2026-02-14 14:00,EST,North Dakota Fighting Hawks,North Dakota State Bison,0,0,,,,,False,Betty Engelstad Sioux Center,2026-02-14T19:00:00Z,2026-02-14,,,2026-02-14,northdakotafighting__northdakotastate,b9e056249660d48a966f8c72bbc26192,BetOnline.ag,2026-02-14 15:28:00.549482+00:00,183.0,-215.0,5.0,149.0,2026-02-14 19:00:00+00:00,North Dakota Fighting Hawks,North Dakota St Bison,2026-02-14,northdakotafighting__northdakotastate
401818421,2026,2026-02-14,2026-02-15 01:00:00+00:00,2026-02-14 20:00,EST,Oral Roberts Golden Eagles,South Dakota State Jackrabbits,0,0,,,,,False,Mabee Center,2026-02-15T01:00:00Z,2026-02-14,,,2026-02-14,oralrobertsgolden__southdakotastate,,,,,,,,,,,,
401818422,2026,2026-02-14,2026-02-15 01:00:00+00:00,2026-02-14 20:00,EST,Kansas City Roos,St. Thomas (MN) Tommies,0,0,,,,,False,Swinney Center,2026-02-15T01:00:00Z,2026-02-14,,,2026-02-14,kansascityroos__stthomasmntommies,,,,,,,,,,,,
401818544,2026,2026-02-14,2026-02-14 23:00:00+00:00,2026-02-14 18:00,EST,Princeton Tigers,Columbia Lions,0,0,,,,,False,Jadwin Gymnasium,2026-02-14T23:00:00Z,2026-02-14,,,2026-02-14,columbia__princeton,d55461cf87e8620a5a869a76ca5551fc,BetOnline.ag,2026-02-14 15:28:00.549482+00:00,100.0,-120.0,1.0,137.0,2026-02-14 23:00:00+00:00,Princeton Tigers,Columbia Lions,2026-02-14,columbia__princeton
401818562,2026,2026-02-14,2026-02-14 23:00:00+00:00,2026-02-14 18:00,EST,Dartmouth Big Green,Brown Bears,0,0,,,,,False,Leede Arena,2026-02-14T23:00:00Z,2026-02-14,,,2026-02-14,brown__dartmouthbiggreen,5a2b339a3db85ecc02ff877f2afbbf20,BetOnline.ag,2026-02-14 15:28:00.549482+00:00,-170.0,149.0,-3.5,138.0,2026-02-14 23:00:00+00:00,Dartmouth Big Green,Brown Bears,2026-02-14,brown__dartmouthbiggreen
401820173,2026,2026-02-14,2026-02-14 17:00:00+00:00,2026-02-14 12:00,EST,Colgate Raiders,Navy Midshipmen,0,0,,,,,False,Cotterell Court,2026-02-14T17:00:00Z,2026-02-14,,,2026-02-14,colgateraiders__navymidshipmen,53da9b3a061076920ba908eed642a762,FanDuel,2026-02-14 15:28:00.549482+00:00,102.0,-125.0,1.5,139.5,2026-02-14 17:00:00+00:00,Colgate Raiders,Navy Midshipmen,2026-02-14,colgateraiders__navymidshipmen
401820493,2026,2026-02-14,2026-02-14 21:30:00+00:00,2026-02-14 16:30,EST,Texas A&M-Corpus Christi Islanders,Lamar Cardinals,0,0,,,,,False,Hilliard Center,2026-02-14T21:30:00Z,2026-02-14,,,2026-02-14,lamar__texasaandmcorpuschristi,,,,,,,,,,,,
401820570,2026,2026-02-14,2026-02-14 22:00:00+00:00,2026-02-14 17:00,EST,Fresno State Bulldogs,Air Force Falcons,0,0,,,,,False,Save Mart Center,2026-02-14T22:00:00Z,2026-02-14,,,2026-02-14,airforce__fresnostate,78e3dab4fbe5d6ba79f6d0e6f3fc5096,BetOnline.ag,2026-02-14 15:28:00.549482+00:00,,,-16.0,141.5,2026-02-14 22:00:00+00:00,Fresno St Bulldogs,Air Force Falcons,2026-02-14,airforce__fresnostate
401820739,2026,2026-02-14,2026-02-14 17:00:00+00:00,2026-02-14 12:00,EST,Boston College Eagles,California Golden Bears,0,0,,,,,False,Conte Forum,2026-02-14T17:00:00Z,2026-02-14,,,2026-02-14,bostoncollege__californiagolden,fec60664b55117d55aeecc7dc46e6b0b,FanDuel,2026-02-14 15:28:00.549482+00:00,152.0,-184.0,3.5,140.5,2026-02-14 17:00:00+00:00,Boston College Eagles,California Golden Bears,2026-02-14,bostoncollege__californiagolden
401820740,2026,2026-02-14,2026-02-14 17:00:00+00:00,2026-02-14 12:00,EST,Duke Blue Devils,Clemson Tigers,0,0,,,,,False,Cameron Indoor Stadium,2026-02-14T17:00:00Z,2026-02-14,,,2026-02-14,clemson__dukebluedevils,7d90abf33214521d8b050ca1859ec3ac,DraftKings,2026-02-14 15:28:00.549482+00:00,-1050.0,675.0,-12.5,132.5,2026-02-14 17:00:00+00:00,Duke Blue Devils,Clemson Tigers,2026-02-14,clemson__dukebluedevils
401820741,2026,2026-02-14,2026-02-14 21:00:00+00:00,2026-02-14 16:00,EST,NC State Wolfpack,Miami Hurricanes,0,0,,,,,False,Lenovo Center,2026-02-14T21:00:00Z,2026-02-14,,,2026-02-14,miamihurricanes__ncstate,f91005860b9a44e7bd8a70f8c0003516,FanDuel,2026-02-14 15:28:00.549482+00:00,-255.0,205.0,-5.5,157.5,2026-02-14 21:00:13+00:00,NC State Wolfpack,Miami Hurricanes,2026-02-14,miamihurricanes__ncstate
401820742,2026,2026-02-14,2026-02-14 19:00:00+00:00,2026-02-14 14:00,EST,North Carolina Tar Heels,Pittsburgh Panthers,0,0,,,,,False,Dean E. Smith Center,2026-02-14T19:00:00Z,2026-02-14,,,2026-02-14,northcarolina__pittsburgh,7b6e4a341624e444212132057f6f4cf8,FanDuel,2026-02-14 15:28:00.549482+00:00,-750.0,520.0,-10.5,144.5,2026-02-14 19:00:15+00:00,North Carolina Tar Heels,Pittsburgh Panthers,2026-02-14,northcarolina__pittsburgh
401820743,2026,2026-02-14,2026-02-14 17:00:00+00:00,2026-02-14 12:00,EST,Notre Dame Fighting Irish,Georgia Tech Yellow Jackets,0,0,,,,,False,Purcell Pavilion,2026-02-14T17:00:00Z,2026-02-14,,,2026-02-14,georgiatechyellowjackets__notredame,1e9cc196da9690a7c1416f5744412380,FanDuel,2026-02-14 15:28:00.549482+00:00,-275.0,220.0,-5.5,149.5,2026-02-14 17:00:18+00:00,Notre Dame Fighting Irish,Georgia Tech Yellow Jackets,2026-02-14,georgiatechyellowjackets__notredame
401820744,2026,2026-02-14,2026-02-14 19:00:00+00:00,2026-02-14 14:00,EST,Syracuse Orange,SMU Mustangs,0,0,,,,,False,JMA Wireless Dome,2026-02-14T19:00:00Z,2026-02-14,,,2026-02-14,smu__syracuse,c6f981dc999306357ba18e8e6b92283d,FanDuel,2026-02-14 15:28:00.549482+00:00,122.0,-146.0,2.5,157.5,2026-02-14 19:00:47+00:00,Syracuse Orange,SMU Mustangs,2026-02-14,smu__syracuse
401820745,2026,2026-02-14,2026-02-14 19:00:00+00:00,2026-02-14 14:00,EST,Virginia Tech Hokies,Florida State Seminoles,0,0,,,,,False,Cassell Coliseum,2026-02-14T19:00:00Z,2026-02-14,,,2026-02-14,floridastateseminoles__virginiatech,2cc8faaa4266bd1c29507a1ab21c9573,FanDuel,2026-02-14 15:28:00.549482+00:00,-300.0,240.0,-5.5,155.5,2026-02-14 19:00:10+00:00,Virginia Tech Hokies,Florida State Seminoles,2026-02-14,floridastateseminoles__virginiatech
401820746,2026,2026-02-14,2026-02-14 21:00:00+00:00,2026-02-14 16:00,EST,Wake Forest Demon Deacons,Stanford Cardinal,0,0,,,,,False,LJVM Coliseum,2026-02-14T21:00:00Z,2026-02-14,,,2026-02-14,stanfordcardinal__wakeforestdemon,da0911493d600bf7f22b881323cd5997,BetOnline.ag,2026-02-14 15:28:00.549482+00:00,-185.0,161.0,-4.0,150.0,2026-02-14 21:00:00+00:00,Wake Forest Demon Deacons,Stanford Cardinal,2026-02-14,stanfordcardinal__wakeforestdemon
401822775,2026,2026-02-14,2026-02-14 21:30:00+00:00,2026-02-14 16:30,EST,North Carolina Central Eagles,Coppin State Eagles,0,0,,,,,False,McDougald-McLendon Arena,2026-02-14T21:30:00Z,2026-02-14,,,2026-02-14,coppinstate__northcarolinacentral,167caccb6f6e4d593ba84d3c97a47321,BetOnline.ag,2026-02-14 15:28:00.549482+00:00,,,-12.0,144.5,2026-02-14 21:30:00+00:00,North Carolina Central Eagles,Coppin State Eagles,2026-02-14,coppinstate__northcarolinacentral
401822942,2026,2026-02-14,2026-02-15 01:00:00+00:00,2026-02-14 20:00,EST,UConn Huskies,Georgetown Hoyas,0,0,,,,,False,Gampel Pavilion,2026-02-15T01:00:00Z,2026-02-14,,,2026-02-14,connecticut__georgetownhoyas,,,,,,,,,,,,
401822943,2026,2026-02-14,2026-02-14 18:00:00+00:00,2026-02-14 13:00,EST,Providence Friars,St. John's Red Storm,0,0,,,,,False,Amica Mutual Pavilion,2026-02-14T18:00:00Z,2026-02-14,,,2026-02-14,providence__stjohnsredstorm,9ec045c1333babba3aeeb01dc959b28c,FanDuel,2026-02-14 15:28:00.549482+00:00,320.0,-420.0,8.5,166.5,2026-02-14 18:00:49+00:00,Providence Friars,St. John's Red Storm,2026-02-14,providence__stjohnsredstorm
401822944,2026,2026-02-14,2026-02-14 19:30:00+00:00,2026-02-14 14:30,EST,Creighton Bluejays,Villanova Wildcats,0,0,,,,,False,CHI Health Center Omaha,2026-02-14T19:30:00Z,2026-02-14,2026-02-14 13:30,CST,2026-02-14,creightonbluejays__villanova,eb72995ea4a26fdbcabd287decfff5eb,FanDuel,2026-02-14 15:28:00.549482+00:00,152.0,-184.0,3.5,147.5,2026-02-14 19:30:00+00:00,Creighton Bluejays,Villanova Wildcats,2026-02-14,creightonbluejays__villanova
401822945,2026,2026-02-14,2026-02-14 20:00:00+00:00,2026-02-14 15:00,EST,Xavier Musketeers,Marquette Golden Eagles,0,0,,,,,False,Cintas Center,2026-02-14T20:00:00Z,2026-02-14,,,2026-02-14,marquettegolden__xavier,6cc2da19cbe36eb77ea7f373544c419b,FanDuel,2026-02-14 15:28:00.549482+00:00,-152.0,126.0,-2.5,155.5,2026-02-14 20:00:42+00:00,Xavier Musketeers,Marquette Golden Eagles,2026-02-14,marquettegolden__xavier
401823052,2026,2026-02-14,2026-02-14 21:30:00+00:00,2026-02-14 16:30,EST,Howard Bison,Maryland Eastern Shore Hawks,0,0,,,,,False,Burr Gymnasium,2026-02-14T21:30:00Z,2026-02-14,,,2026-02-14,howard__marylandeasternshore,811754945521af10090d1caae6dd1141,BetOnline.ag,2026-02-14 15:28:00.549482+00:00,,,-11.5,132.5,2026-02-14 21:30:00+00:00,Howard Bison,Maryland-Eastern Shore Hawks,2026-02-14,howard__marylandeasternshore
401823781,2026,2026-02-14,2026-02-15 03:00:00+00:00,2026-02-14 22:00,EST,San Diego State Aztecs,Nevada Wolf Pack,0,0,,,,,False,Viejas Arena,2026-02-15T03:00:00Z,2026-02-14,,,2026-02-14,nevadawolfpack__sandiegostate,,,,,,,,,,,,
401823802,2026,2026-02-14,2026-02-14 22:00:00+00:00,2026-02-14 17:00,EST,San José State Spartans,Grand Canyon Lopes,0,0,,,,,False,Provident Credit Union Event Center,2026-02-14T22:00:00Z,2026-02-14,,,2026-02-14,grandcanyon__sanjosestate,,,,,,,,,,,,
401823946,2026,2026-02-14,2026-02-14 19:30:00+00:00,2026-02-14 14:30,EST,Radford Highlanders,Charleston Southern Buccaneers,0,0,,,,,False,The Dedmon Center,2026-02-14T19:30:00Z,2026-02-14,,,2026-02-14,charlestonsouthern__radford,b0c6266d716d3c17a31145299b05fe88,BetOnline.ag,2026-02-14 15:28:00.549482+00:00,,,-3.0,162.5,2026-02-14 19:30:00+00:00,Radford Highlanders,Charleston Southern Buccaneers,2026-02-14,charlestonsouthern__radford
401823947,2026,2026-02-14,2026-02-14 19:00:00+00:00,2026-02-14 14:00,EST,Gardner-Webb Runnin' Bulldogs,High Point Panthers,0,0,,,,,False,Paul Porter Arena,2026-02-14T19:00:00Z,2026-02-14,,,2026-02-14,gardnerwebbrunnin__highpoint,,,,,,,,,,,,
401823948,2026,2026-02-14,2026-02-14 19:00:00+00:00,2026-02-14 14:00,EST,UNC Asheville Bulldogs,Presbyterian Blue Hose,0,0,,,,,False,Kimmel Arena,2026-02-14T19:00:00Z,2026-02-14,,,2026-02-14,presbyterianbluehose__uncasheville,ad9e041edd984f63421fe5de256ebe38,BetOnline.ag,2026-02-14 15:28:00.549482+00:00,,,-4.5,136.5,2026-02-14 19:00:00+00:00,UNC Asheville Bulldogs,Presbyterian Blue Hose,2026-02-14,presbyterianbluehose__uncasheville
401823949,2026,2026-02-14,2026-02-14 20:00:00+00:00,2026-02-14 15:00,EST,Longwood Lancers,South Carolina Upstate Spartans,0,0,,,,,False,Joan Perry Brock Center,2026-02-14T20:00:00Z,2026-02-14,,,2026-02-14,longwood__uscupstate,6e3948a9c7aa2a9ca597c638b3eb21f0,BetOnline.ag,2026-02-14 15:28:00.549482+00:00,,,-6.0,146.5,2026-02-14 20:00:00+00:00,Longwood Lancers,South Carolina Upstate Spartans,2026-02-14,longwood__uscupstate
401824373,2026,2026-02-14,2026-02-14 18:00:00+00:00,2026-02-14 13:00,EST,Boston University Terriers,Bucknell Bison,0,0,,,,,False,Case Gym,2026-02-14T18:00:00Z,2026-02-14,,,2026-02-14,boston__bucknell,f6a1c94417a9f12e68a9818dd34c216d,BetOnline.ag,2026-02-14 15:28:00.549482+00:00,,,-6.0,141.5,2026-02-14 18:00:00+00:00,Boston Univ. Terriers,Bucknell Bison,2026-02-14,boston__bucknell
401825513,2026,2026-02-14,2026-02-14 22:00:00+00:00,2026-02-14 17:00,EST,Iowa Hawkeyes,Purdue Boilermakers,0,0,,,,,False,Carver-Hawkeye Arena,2026-02-14T22:00:00Z,2026-02-14,,,2026-02-14,iowahawkeyes__purdueboilermakers,c5a217a161ef7b4dcface9dbbe4407f6,DraftKings,2026-02-14 15:28:00.549482+00:00,120.0,-142.0,2.5,142.5,2026-02-14 22:00:00+00:00,Iowa Hawkeyes,Purdue Boilermakers,2026-02-14,iowahawkeyes__purdueboilermakers
401825514,2026,2026-02-14,2026-02-14 17:45:00+00:00,2026-02-14 12:45,EST,Michigan Wolverines,UCLA Bruins,0,0,,,,,False,Crisler Center,2026-02-14T17:45:00Z,2026-02-14,,,2026-02-14,michiganwolverines__ucla,a5f8479201e3d2e580b7d73a379e70e6,DraftKings,2026-02-14 15:28:00.549482+00:00,-2100.0,1100.0,-16.5,154.5,2026-02-14 17:45:00+00:00,Michigan Wolverines,UCLA Bruins,2026-02-14,michiganwolverines__ucla
401825515,2026,2026-02-14,2026-02-14 18:00:00+00:00,2026-02-14 13:00,EST,Nebraska Cornhuskers,Northwestern Wildcats,0,0,,,,,False,Pinnacle Bank Arena,2026-02-14T18:00:00Z,2026-02-14,,,2026-02-14,nebraska__northwestern,5c6aeecdcdfd0206dadc0d892938616d,FanDuel,2026-02-14 15:28:00.549482+00:00,-1100.0,680.0,-12.5,146.5,2026-02-14 18:00:57+00:00,Nebraska Cornhuskers,Northwestern Wildcats,2026-02-14,nebraska__northwestern
401825516,2026,2026-02-14,2026-02-14 20:00:00+00:00,2026-02-14 15:00,EST,Oregon Ducks,Penn State Nittany Lions,0,0,,,,,False,Matthew Knight Arena,2026-02-14T20:00:00Z,2026-02-14,,,2026-02-14,oregonducks__pennstatenittany,dc354b65dae8ad8a4953767407ef3b85,FanDuel,2026-02-14 15:28:00.549482+00:00,-310.0,245.0,-6.5,147.5,2026-02-14 20:00:59+00:00,Oregon Ducks,Penn State Nittany Lions,2026-02-14,oregonducks__pennstatenittany
401825517,2026,2026-02-14,2026-02-15 02:00:00+00:00,2026-02-14 21:00,EST,Washington Huskies,Minnesota Golden Gophers,0,0,,,,,False,Alaska Airlines Arena,2026-02-15T02:00:00Z,2026-02-14,,,2026-02-14,minnesotagolden__washington,,,,,,,,,,,,
401826802,2026,2026-02-14,2026-02-15 01:00:00+00:00,2026-02-14 20:00,EST,Utah State Aggies,Memphis Tigers,0,0,,,,,False,Dee Glen Smith Spectrum,2026-02-15T01:00:00Z,2026-02-14,,,2026-02-14,memphis__utahstate,,,,,,,,,,,,
401826823,2026,2026-02-14,2026-02-14 19:00:00+00:00,2026-02-14 14:00,EST,American University Eagles,Army Black Knights,0,0,,,,,False,Bender Arena,2026-02-14T19:00:00Z,2026-02-14,,,2026-02-14,american__armyblack,,,,,,,,,,,,
401827032,2026,2026-02-14,2026-02-14 22:30:00+00:00,2026-02-14 17:30,EST,Prairie View A&M Panthers,Southern Jaguars,0,0,,,,,False,William Nicks Building,2026-02-14T22:30:00Z,2026-02-14,,,2026-02-14,prairieviewaandm__southern,,,,,,,,,,,,
401827104,2026,2026-02-14,2026-02-14 22:30:00+00:00,2026-02-14 17:30,EST,Texas Southern Tigers,Grambling Tigers,0,0,,,,,False,H&PE Arena,2026-02-14T22:30:00Z,2026-02-14,,,2026-02-14,grambling__texassouthern,,,,,,,,,,,,
401827122,2026,2026-02-14,2026-02-14 21:00:00+00:00,2026-02-14 16:00,EST,Alcorn State Braves,Bethune-Cookman Wildcats,0,0,,,,,False,Davey L. Whitney Complex,2026-02-14T21:00:00Z,2026-02-14,,,2026-02-14,alcornstate__bethunecookman,ad235bc24bac9edf33187c302177004c,BetOnline.ag,2026-02-14 15:28:00.549482+00:00,,,7.0,145.0,2026-02-14 21:00:00+00:00,Alcorn St Braves,Bethune-Cookman Wildcats,2026-02-14,alcornstate__bethunecookman
401827166,2026,2026-02-14,2026-02-14 21:00:00+00:00,2026-02-14 16:00,EST,Alabama State Hornets,Arkansas-Pine Bluff Golden Lions,0,0,,,,,False,Dunn-Oliver Acadome,2026-02-14T21:00:00Z,2026-02-14,,,2026-02-14,alabamastate__arkansaspinebluffgolden,110f2937bf4f924b108f7250c9aed4eb,BetOnline.ag,2026-02-14 15:28:00.549482+00:00,,,-2.5,151.5,2026-02-14 21:00:00+00:00,Alabama State Hornets,Arkansas-Pine Bluff Golden Lions,2026-02-14,alabamastate__arkansaspinebluffgolden
401827206,2026,2026-02-14,2026-02-14 22:00:00+00:00,2026-02-14 17:00,EST,Alabama A&M Bulldogs,Mississippi Valley State Delta Devils,0,0,,,,,False,Event Center,2026-02-14T22:00:00Z,2026-02-14,,,2026-02-14,alabamaaandm__mississippivalleystatedeltadevils,,,,,,,,,,,,
401827679,2026,2026-02-14,2026-02-14 23:30:00+00:00,2026-02-14 18:30,EST,Arizona Wildcats,Texas Tech Red Raiders,0,0,,,,,False,McKale Memorial Center,2026-02-14T23:30:00Z,2026-02-14,,,2026-02-14,arizona__texastechredraiders,76c61c44537e02fb6faf6f4ad29fb27d,DraftKings,2026-02-14 15:28:00.549482+00:00,-500.0,380.0,-9.5,155.5,2026-02-14 23:30:05+00:00,Arizona Wildcats,Texas Tech Red Raiders,2026-02-14,arizona__texastechredraiders
401827680,2026,2026-02-14,2026-02-14 21:00:00+00:00,2026-02-14 16:00,EST,BYU Cougars,Colorado Buffaloes,0,0,,,,,False,Marriott Center,2026-02-14T21:00:00Z,2026-02-14,,,2026-02-14,byu__colorado,724364f594dd8b386fe575f515ac1d80,FanDuel,2026-02-14 15:28:00.549482+00:00,-2000.0,980.0,-15.5,162.5,2026-02-14 21:00:38+00:00,BYU Cougars,Colorado Buffaloes,2026-02-14,byu__colorado
401827681,2026,2026-02-14,2026-02-14 21:00:00+00:00,2026-02-14 16:00,EST,Houston Cougars,Kansas State Wildcats,0,0,,,,,False,Fertitta Center,2026-02-14T21:00:00Z,2026-02-14,,,2026-02-14,houston__kansasstate,fe1014e2d4f1445535b3493af0f2dbdf,FanDuel,2026-02-14 15:28:00.549482+00:00,-8000.0,2200.0,-22.5,146.5,2026-02-14 21:00:00+00:00,Houston Cougars,Kansas State Wildcats,2026-02-14,houston__kansasstate
401827682,2026,2026-02-14,2026-02-14 18:00:00+00:00,2026-02-14 13:00,EST,Iowa State Cyclones,Kansas Jayhawks,0,0,,,,,False,Hilton Coliseum,2026-02-14T18:00:00Z,2026-02-14,,,2026-02-14,iowastate__kansas,a3eafb161c8348d33bd2ec17b334c774,DraftKings,2026-02-14 15:28:00.549482+00:00,-325.0,260.0,-7.5,146.5,2026-02-14 18:00:00+00:00,Iowa State Cyclones,Kansas Jayhawks,2026-02-14,iowastate__kansas
401827683,2026,2026-02-14,2026-02-14 17:00:00+00:00,2026-02-14 12:00,EST,Oklahoma State Cowboys,TCU Horned Frogs,0,0,,,,,False,Gallagher-Iba Arena,2026-02-14T17:00:00Z,2026-02-14,,,2026-02-14,oklahomastate__tcuhornedfrogs,bcd02ee25dc37042e0a81b53d1f804a1,FanDuel,2026-02-14 15:28:00.549482+00:00,-125.0,104.0,-1.5,156.5,2026-02-14 17:00:13+00:00,Oklahoma State Cowboys,TCU Horned Frogs,2026-02-14,oklahomastate__tcuhornedfrogs
401827684,2026,2026-02-14,2026-02-14 23:00:00+00:00,2026-02-14 18:00,EST,UCF Knights,West Virginia Mountaineers,0,0,,,,,False,Addition Financial Arena,2026-02-14T23:00:00Z,2026-02-14,,,2026-02-14,ucf__westvirginia,0184c58272a0dc70ab0b0ca7937fb114,FanDuel,2026-02-14 15:28:00.549482+00:00,-176.0,146.0,-3.5,138.5,2026-02-14 23:00:14+00:00,UCF Knights,West Virginia Mountaineers,2026-02-14,ucf__westvirginia
401828226,2026,2026-02-14,2026-02-14 19:00:00+00:00,2026-02-14 14:00,EST,Rice Owls,East Carolina Pirates,0,0,,,,,False,Tudor Fieldhouse,2026-02-14T19:00:00Z,2026-02-14,,,2026-02-14,eastcarolina__rice,5b0bd48d1e53eed2a13e27f89a162795,BetOnline.ag,2026-02-14 15:28:00.549482+00:00,-215.0,183.0,-5.0,145.5,2026-02-14 19:00:00+00:00,Rice Owls,East Carolina Pirates,2026-02-14,eastcarolina__rice
401828227,2026,2026-02-14,2026-02-15 00:00:00+00:00,2026-02-14 19:00,EST,Wichita State Shockers,Tulsa Golden Hurricane,0,0,,,,,False,Charles Koch Arena,2026-02-15T00:00:00Z,2026-02-14,,,2026-02-14,tulsa__wichitastateshockers,,,,,,,,,,,,
401828426,2026,2026-02-14,2026-02-14 21:00:00+00:00,2026-02-14 16:00,EST,St. Bonaventure Bonnies,Duquesne Dukes,0,0,,,,,False,Reilly Center,2026-02-14T21:00:00Z,2026-02-14,,,2026-02-14,duquesne__stbonaventurebonnies,cbe3b47737cfdd1a8ea292d78e86546d,BetOnline.ag,2026-02-14 15:28:00.549482+00:00,-128.0,108.0,-2.0,153.5,2026-02-14 21:00:00+00:00,St. Bonaventure Bonnies,Duquesne Dukes,2026-02-14,duquesne__stbonaventurebonnies
401828427,2026,2026-02-14,2026-02-14 17:00:00+00:00,2026-02-14 12:00,EST,Rhode Island Rams,Fordham Rams,0,0,,,,,False,Thomas M. Ryan Center,2026-02-14T17:00:00Z,2026-02-14,,,2026-02-14,fordham__rhodeisland,ab15594547b94878b3885dba3fdc1d3e,BetOnline.ag,2026-02-14 15:28:00.549482+00:00,-210.0,180.0,-4.5,133.0,2026-02-14 17:00:00+00:00,Rhode Island Rams,Fordham Rams,2026-02-14,fordham__rhodeisland
401828428,2026,2026-02-14,2026-02-14 23:00:00+00:00,2026-02-14 18:00,EST,Richmond Spiders,VCU Rams,0,0,,,,,False,Robins Center,2026-02-14T23:00:00Z,2026-02-14,,,2026-02-14,richmond__vcu,3521362819692134c1d617ab70a07191,BetOnline.ag,2026-02-14 15:28:00.549482+00:00,263.0,-325.0,7.5,156.0,2026-02-14 23:00:00+00:00,Richmond Spiders,VCU Rams,2026-02-14,richmond__vcu
401828667,2026,2026-02-14,2026-02-14 20:30:00+00:00,2026-02-14 15:30,EST,Jackson State Tigers,Florida A&M Rattlers,0,0,,,,,False,Lee E. Williams Athletics and Assembly Center,2026-02-14T20:30:00Z,2026-02-14,,,2026-02-14,floridaaandmrattlers__jacksonstate,4168f8b57a8e1b6a10e0fa33a443ae28,BetOnline.ag,2026-02-14 15:28:00.549482+00:00,,,3.0,147.0,2026-02-14 20:30:00+00:00,Jackson State Tigers,Florida A&M Rattlers,2026-02-14,floridaaandmrattlers__jacksonstate
401828693,2026,2026-02-14,2026-02-14 21:30:00+00:00,2026-02-14 16:30,EST,South Carolina State Bulldogs,Morgan State Bears,0,0,,,,,False,Smith-Hammond-Middleton Memorial Center,2026-02-14T21:30:00Z,2026-02-14,,,2026-02-14,morganstate__southcarolinastate,a4dd0c6ef9c84646c1b802a90ebb3de9,BetOnline.ag,2026-02-14 15:28:00.549482+00:00,,,0.0,155.5,2026-02-14 21:00:00+00:00,South Carolina State Bulldogs,Morgan St Bears,2026-02-14,morganstate__southcarolinastate
401828730,2026,2026-02-14,2026-02-14 21:30:00+00:00,2026-02-14 16:30,EST,Norfolk State Spartans,Delaware State Hornets,0,0,,,,,False,Joseph G. Echols Hall,2026-02-14T21:30:00Z,2026-02-14,,,2026-02-14,delawarestate__norfolkstate,c0a0d8e2d89c5de2e4cef8847dbd1eab,BetOnline.ag,2026-02-14 15:28:00.549482+00:00,,,-9.5,137.0,2026-02-14 21:30:00+00:00,Norfolk State Spartans,Delaware St Hornets,2026-02-14,delawarestate__norfolkstate
401829245,2026,2026-02-14,2026-02-15 03:30:00+00:00,2026-02-14 22:30,EST,Santa Clara Broncos,Gonzaga Bulldogs,0,0,,,,,False,Leavey Center,2026-02-15T03:30:00Z,2026-02-14,,,2026-02-14,gonzaga__santaclara,,,,,,,,,,,,
401829246,2026,2026-02-14,2026-02-14 22:00:00+00:00,2026-02-14 17:00,EST,Pepperdine Waves,Loyola Marymount Lions,0,0,,,,,False,Firestone Fieldhouse,2026-02-14T22:00:00Z,2026-02-14,,,2026-02-14,loyolamarymount__pepperdine,311d9e20e0d1f5b6ef01211c46f10191,BetOnline.ag,2026-02-14 15:28:00.549482+00:00,219.0,-265.0,6.0,147.0,2026-02-14 22:00:00+00:00,Pepperdine Waves,Loyola Marymount Lions,2026-02-14,loyolamarymount__pepperdine
401829248,2026,2026-02-14,2026-02-15 03:30:00+00:00,2026-02-14 22:30,EST,Pacific Tigers,Saint Mary's Gaels,0,0,,,,,False,Alex G. Spanos Center,2026-02-15T03:30:00Z,2026-02-14,2026-02-14 19:30,PST,2026-02-14,pacific__stmarys,,,,,,,,,,,,
401829418,2026,2026-02-14,2026-02-14 22:00:00+00:00,2026-02-14 17:00,EST,Lafayette Leopards,Lehigh Mountain Hawks,0,0,,,,,False,Kirby Sports Center,2026-02-14T22:00:00Z,2026-02-14,,,2026-02-14,lafayette__lehighmountain,df295a489c235c1d4ae2bc980c501fff,BetOnline.ag,2026-02-14 15:28:00.549482+00:00,,,0.0,141.0,2026-02-14 22:00:00+00:00,Lafayette Leopards,Lehigh Mountain Hawks,2026-02-14,lafayette__lehighmountain
401830826,2026,2026-02-14,2026-02-14 21:00:00+00:00,2026-02-14 16:00,EST,Colorado State Rams,Wyoming Cowboys,0,0,,,,,False,Moby Arena,2026-02-14T21:00:00Z,2026-02-14,,,2026-02-14,coloradostate__wyoming,a67745e62a00cc324beae0619df7b735,BetOnline.ag,2026-02-14 15:28:00.549482+00:00,-240.0,200.0,-5.5,137.0,2026-02-14 21:00:00+00:00,Colorado State Rams,Wyoming Cowboys,2026-02-14,coloradostate__wyoming
5a98715da886cf8db3636690b280d21e,2026,2026-02-14,2026-02-14 21:30:00+00:00,2026-02-14 16:30,EST,Lindenwood Lions,Southeast Missouri State Redhawks,0,0,,,,,False,Hyland Arena,2026-02-14T21:30:00Z,2026-02-14,,,2026-02-14,lindenwood__southeastmissouristate,,BetOnline.ag,2026-02-14 15:28:00.549482+00:00,-135.0,115.0,-2.0,157.0,2026-02-14 21:30:00+00:00,Lindenwood Lions,SE Missouri St Redhawks,2026-02-14,lindenwood__semissouristate
6569a9d000b90194c1e939116efd8f93,2026,2026-02-14,2026-02-14 22:30:00+00:00,2026-02-14 17:30,EST,Texas Southern Tigers,Grambling Tigers,0,0,,,,,False,H&PE Arena,2026-02-14T22:30:00Z,2026-02-14,,,2026-02-14,grambling__texassouthern,,BetOnline.ag,2026-02-14 15:28:00.549482+00:00,,,0.0,142.5,2026-02-14 22:00:00+00:00,Texas Southern Tigers,Grambling St Tigers,2026-02-14,gramblingstate__texassouthern
764232402c256cde45e76ac9f304e815,2026,2026-02-14,2026-02-14 19:00:00+00:00,2026-02-14 14:00,EST,Saint Francis Red Flash,Mercyhurst Lakers,0,0,,,,,False,DeGol Arena,2026-02-14T19:00:00Z,2026-02-14,2026-02-14 14:00,EST,2026-02-14,mercyhurst__stfrancisredflash,,BetOnline.ag,2026-02-14 15:28:00.549482+00:00,,,2.5,138.0,2026-02-14 19:00:00+00:00,Saint Francis (PA) Red Flash,Mercyhurst Lakers,2026-02-14,mercyhurst__stfrancisparedflash
7ed5e25605830b1eb77c46009da379fe,2026,2026-02-14,2026-02-14 19:00:00+00:00,2026-02-14 14:00,EST,American University Eagles,Army Black Knights,0,0,,,,,False,Bender Arena,2026-02-14T19:00:00Z,2026-02-14,,,2026-02-14,american__armyblack,,BetOnline.ag,2026-02-14 15:28:00.549482+00:00,,,-9.5,144.5,2026-02-14 19:00:00+00:00,American University Eagles,Army Knights,2026-02-14,american__army
83461983d920d2056834a611cd64ec36,2026,2026-02-14,2026-02-14 21:00:00+00:00,2026-02-14 16:00,EST,Northern Colorado Bears,Portland State Vikings,0,0,,,,,False,Bank of Colorado Arena,2026-02-14T21:00:00Z,2026-02-14,2026-02-14 14:00,MST,2026-02-14,northerncolorado__portlandstate,,BetOnline.ag,2026-02-14 15:28:00.549482+00:00,-170.0,149.0,-3.0,148.0,2026-02-14 21:00:00+00:00,N Colorado Bears,Portland St Vikings,2026-02-14,ncolorado__portlandstate
a793221c453a20fa21c6d96268e8e099,2026,2026-02-14,2026-02-14 22:00:00+00:00,2026-02-14 17:00,EST,Kennesaw State Owls,Sam Houston Bearkats,0,0,,,,,False,KSU Convocation Center,2026-02-14T22:00:00Z,2026-02-14,,,2026-02-14,kennesawstate__samhoustonbearkats,,BetOnline.ag,2026-02-14 15:28:00.549482+00:00,,,0.0,164.5,2026-02-14 22:00:00+00:00,Kennesaw St Owls,Sam Houston St Bearkats,2026-02-14,kennesawstate__samhoustonstatebearkats
ae250b00a6dbc340fefee24b81392107,2026,2026-02-14,2026-02-14 22:30:00+00:00,2026-02-14 17:30,EST,Prairie View A&M Panthers,Southern Jaguars,0,0,,,,,False,William Nicks Building,2026-02-14T22:30:00Z,2026-02-14,,,2026-02-14,prairieviewaandm__southern,,BetOnline.ag,2026-02-14 15:28:00.549482+00:00,,,3.0,160.0,2026-02-14 22:30:00+00:00,Prairie View Panthers,Southern Jaguars,2026-02-14,prairieview__southern
c2ac88375a38769061c49225728232a5,2026,2026-02-14,2026-02-14 22:00:00+00:00,2026-02-14 17:00,EST,Alabama A&M Bulldogs,Mississippi Valley State Delta Devils,0,0,,,,,False,Event Center,2026-02-14T22:00:00Z,2026-02-14,,,2026-02-14,alabamaaandm__mississippivalleystatedeltadevils,,BetOnline.ag,2026-02-14 15:28:00.549482+00:00,,,-15.0,139.5,2026-02-14 22:00:00+00:00,Alabama A&M Bulldogs,Miss Valley St Delta Devils,2026-02-14,alabamaaandm__missvalleystatedeltadevils
d4fcaf7bf5386dbffe723254420dd517,2026,2026-02-14,2026-02-14 19:00:00+00:00,2026-02-14 14:00,EST,Fairleigh Dickinson Knights,Central Connecticut Blue Devils,0,0,,,,,False,Bogota Savings Bank Center,2026-02-14T19:00:00Z,2026-02-14,,,2026-02-14,centralconnecticutbluedevils__fairleighdickinson,,BetOnline.ag,2026-02-14 15:28:00.549482+00:00,,,2.5,137.0,2026-02-14 19:00:00+00:00,Fairleigh Dickinson Knights,Central Connecticut St Blue Devils,2026-02-14,centralconnecticutstatebluedevils__fairleighdickinson
d5020b0f0f37bcd460d4f1f2f696e427,2026,2026-02-14,2026-02-14 22:00:00+00:00,2026-02-14 17:00,EST,Incarnate Word Cardinals,Nicholls Colonels,0,0,,,,,False,McDermott Center,2026-02-14T22:00:00Z,2026-02-14,,,2026-02-14,incarnateword__nichollscolonels,,BetOnline.ag,2026-02-14 15:28:00.549482+00:00,,,-2.5,149.5,2026-02-14 22:00:00+00:00,Incarnate Word Cardinals,Nicholls St Colonels,2026-02-14,incarnateword__nichollsstatecolonels
