game_id,book,fetched_at,moneyline_home,moneyline_away,spread,total,commence_time,home_team_name,away_team_name
371217fd7269f9191dc350fe799ac62a,DraftKings,2025-11-26 17:51:22.915776+00:00,,,35.5,,2025-11-26 16:01:52+00:00,VMI Keydets,Bowling Green Falcons
371217fd7269f9191dc350fe799ac62a,Fanatics,2025-11-26 17:51:22.915776+00:00,,,34.5,128.5,2025-11-26 16:01:52+00:00,VMI Keydets,Bowling Green Falcons
371217fd7269f9191dc350fe799ac62a,FanDuel,2025-11-26 17:51:22.915776+00:00,,,34.5,127.5,2025-11-26 16:01:52+00:00,VMI Keydets,Bowling Green Falcons
371217fd7269f9191dc350fe799ac62a,Bovada,2025-11-26 17:51:22.915776+00:00,,,35.5,128.5,2025-11-26 16:01:52+00:00,VMI Keydets,Bowling Green Falcons
371217fd7269f9191dc350fe799ac62a,BetRivers,2025-11-26 17:51:22.915776+00:00,,,35.5,129.5,2025-11-26 16:01:52+00:00,VMI Keydets,Bowling Green Falcons
371217fd7269f9191dc350fe799ac62a,BetMGM,2025-11-26 17:51:22.915776+00:00,,,34.5,,2025-11-26 16:01:52+00:00,VMI Keydets,Bowling Green Falcons
371217fd7269f9191dc350fe799ac62a,Caesars,2025-11-26 17:51:22.915776+00:00,,,35.5,,2025-11-26 16:01:52+00:00,VMI Keydets,Bowling Green Falcons
ecae8daaa0be7393f1564197027c8d5f,DraftKings,2025-11-26 17:51:22.915776+00:00,-1750.0,850.0,-5.5,,2025-11-26 16:03:04+00:00,Troy Trojans,St. Francis (PA) Red Flash
ecae8daaa0be7393f1564197027c8d5f,FanDuel,2025-11-26 17:51:22.915776+00:00,-3000.0,1000.0,-5.5,135.5,2025-11-26 16:03:04+00:00,Troy Trojans,St. Francis (PA) Red Flash
ecae8daaa0be7393f1564197027c8d5f,BetRivers,2025-11-26 17:51:22.915776+00:00,-1115.0,500.0,-5.5,137.5,2025-11-26 16:03:04+00:00,Troy Trojans,St. Francis (PA) Red Flash
ecae8daaa0be7393f1564197027c8d5f,BetMGM,2025-11-26 17:51:22.915776+00:00,-700.0,450.0,-4.5,,2025-11-26 16:03:04+00:00,Troy Trojans,St. Francis (PA) Red Flash
ecae8daaa0be7393f1564197027c8d5f,Bovada,2025-11-26 17:51:22.915776+00:00,-650.0,400.0,-5.5,137.5,2025-11-26 16:03:04+00:00,Troy Trojans,St. Francis (PA) Red Flash
ecae8daaa0be7393f1564197027c8d5f,Caesars,2025-11-26 17:51:22.915776+00:00,-900.0,550.0,-4.5,135.5,2025-11-26 16:03:04+00:00,Troy Trojans,St. Francis (PA) Red Flash
ecae8daaa0be7393f1564197027c8d5f,Fanatics,2025-11-26 17:51:22.915776+00:00,-1100.0,600.0,-5.5,134.5,2025-11-26 16:03:04+00:00,Troy Trojans,St. Francis (PA) Red Flash
20cef399594286abc22697c68a5ec940,FanDuel,2025-11-26 17:51:22.915776+00:00,255.0,-350.0,5.5,132.5,2025-11-26 17:00:00+00:00,Stonehill Skyhawks,UMass Lowell River Hawks
20cef399594286abc22697c68a5ec940,Fanatics,2025-11-26 17:51:22.915776+00:00,175.0,-240.0,4.5,134.5,2025-11-26 17:00:00+00:00,Stonehill Skyhawks,UMass Lowell River Hawks
20cef399594286abc22697c68a5ec940,DraftKings,2025-11-26 17:51:22.915776+00:00,325.0,-475.0,6.5,135.5,2025-11-26 17:00:00+00:00,Stonehill Skyhawks,UMass Lowell River Hawks
20cef399594286abc22697c68a5ec940,BetRivers,2025-11-26 17:51:22.915776+00:00,245.0,-420.0,5.5,135.5,2025-11-26 17:00:00+00:00,Stonehill Skyhawks,UMass Lowell River Hawks
20cef399594286abc22697c68a5ec940,Bovada,2025-11-26 17:51:22.915776+00:00,325.0,-500.0,6.5,136.5,2025-11-26 17:00:00+00:00,Stonehill Skyhawks,UMass Lowell River Hawks
20cef399594286abc22697c68a5ec940,BetMGM,2025-11-26 17:51:22.915776+00:00,260.0,-350.0,6.5,135.5,2025-11-26 17:00:00+00:00,Stonehill Skyhawks,UMass Lowell River Hawks
20cef399594286abc22697c68a5ec940,Caesars,2025-11-26 17:51:22.915776+00:00,280.0,-380.0,5.5,132.5,2025-11-26 17:00:00+00:00,Stonehill Skyhawks,UMass Lowell River Hawks
3c6f5143dd11e0fa19f174134ff1e5aa,FanDuel,2025-11-26 17:51:22.915776+00:00,-7000.0,1500.0,-16.5,155.5,2025-11-26 17:00:00+00:00,UC San Diego Tritons,Towson Tigers
3c6f5143dd11e0fa19f174134ff1e5aa,BetRivers,2025-11-26 17:51:22.915776+00:00,,,-17.5,155.5,2025-11-26 17:00:00+00:00,UC San Diego Tritons,Towson Tigers
3c6f5143dd11e0fa19f174134ff1e5aa,BetMGM,2025-11-26 17:51:22.915776+00:00,-10000.0,1750.0,-17.5,156.5,2025-11-26 17:00:00+00:00,UC San Diego Tritons,Towson Tigers
3c6f5143dd11e0fa19f174134ff1e5aa,Bovada,2025-11-26 17:51:22.915776+00:00,-5000.0,1400.0,-16.5,148.5,2025-11-26 17:00:00+00:00,UC San Diego Tritons,Towson Tigers
3c6f5143dd11e0fa19f174134ff1e5aa,Fanatics,2025-11-26 17:51:22.915776+00:00,-3000.0,1200.0,-17.5,155.5,2025-11-26 17:00:00+00:00,UC San Diego Tritons,Towson Tigers
3c6f5143dd11e0fa19f174134ff1e5aa,Caesars,2025-11-26 17:51:22.915776+00:00,,,-17.5,154.5,2025-11-26 17:00:00+00:00,UC San Diego Tritons,Towson Tigers
3c6f5143dd11e0fa19f174134ff1e5aa,DraftKings,2025-11-26 17:51:22.915776+00:00,-4000.0,1500.0,-16.5,154.5,2025-11-26 17:00:00+00:00,UC San Diego Tritons,Towson Tigers
f89239e56ff55e4e2e806cff9d61428a,DraftKings,2025-11-26 17:51:22.915776+00:00,-4800.0,1600.0,-18.5,161.5,2025-11-26 17:01:19+00:00,Vanderbilt Commodores,Western Kentucky Hilltoppers
f89239e56ff55e4e2e806cff9d61428a,Fanatics,2025-11-26 17:51:22.915776+00:00,-3000.0,1200.0,-16.5,158.5,2025-11-26 17:01:19+00:00,Vanderbilt Commodores,Western Kentucky Hilltoppers
f89239e56ff55e4e2e806cff9d61428a,FanDuel,2025-11-26 17:51:22.915776+00:00,-10000.0,1800.0,-17.5,160.5,2025-11-26 17:01:19+00:00,Vanderbilt Commodores,Western Kentucky Hilltoppers
f89239e56ff55e4e2e806cff9d61428a,Bovada,2025-11-26 17:51:22.915776+00:00,-3300.0,1200.0,-17.0,161.5,2025-11-26 17:01:19+00:00,Vanderbilt Commodores,Western Kentucky Hilltoppers
f89239e56ff55e4e2e806cff9d61428a,BetRivers,2025-11-26 17:51:22.915776+00:00,,,-17.5,161.5,2025-11-26 17:01:19+00:00,Vanderbilt Commodores,Western Kentucky Hilltoppers
f89239e56ff55e4e2e806cff9d61428a,BetMGM,2025-11-26 17:51:22.915776+00:00,-10000.0,1500.0,-18.5,163.5,2025-11-26 17:01:19+00:00,Vanderbilt Commodores,Western Kentucky Hilltoppers
f89239e56ff55e4e2e806cff9d61428a,Caesars,2025-11-26 17:51:22.915776+00:00,-10000.0,2200.0,-18.5,160.5,2025-11-26 17:01:19+00:00,Vanderbilt Commodores,Western Kentucky Hilltoppers
74cadde66b2c601ddee2949ef93b3de8,FanDuel,2025-11-26 17:51:22.915776+00:00,202.0,-250.0,5.5,137.5,2025-11-26 18:00:00+00:00,New Hampshire Wildcats,Brown Bears
74cadde66b2c601ddee2949ef93b3de8,Fanatics,2025-11-26 17:51:22.915776+00:00,190.0,-240.0,5.5,137.0,2025-11-26 18:00:00+00:00,New Hampshire Wildcats,Brown Bears
74cadde66b2c601ddee2949ef93b3de8,LowVig.ag,2025-11-26 17:51:22.915776+00:00,,,5.5,136.5,2025-11-26 18:00:00+00:00,New Hampshire Wildcats,Brown Bears
74cadde66b2c601ddee2949ef93b3de8,BetOnline.ag,2025-11-26 17:51:22.915776+00:00,,,5.5,136.5,2025-11-26 18:00:00+00:00,New Hampshire Wildcats,Brown Bears
74cadde66b2c601ddee2949ef93b3de8,DraftKings,2025-11-26 17:51:22.915776+00:00,205.0,-250.0,5.5,136.5,2025-11-26 18:00:00+00:00,New Hampshire Wildcats,Brown Bears
74cadde66b2c601ddee2949ef93b3de8,BetRivers,2025-11-26 17:51:22.915776+00:00,195.0,-250.0,5.5,137.0,2025-11-26 18:00:00+00:00,New Hampshire Wildcats,Brown Bears
74cadde66b2c601ddee2949ef93b3de8,Bovada,2025-11-26 17:51:22.915776+00:00,195.0,-235.0,5.5,137.0,2025-11-26 18:00:00+00:00,New Hampshire Wildcats,Brown Bears
74cadde66b2c601ddee2949ef93b3de8,BetMGM,2025-11-26 17:51:22.915776+00:00,195.0,-235.0,5.5,136.5,2025-11-26 18:00:00+00:00,New Hampshire Wildcats,Brown Bears
74cadde66b2c601ddee2949ef93b3de8,Caesars,2025-11-26 17:51:22.915776+00:00,185.0,-225.0,5.5,136.5,2025-11-26 18:00:00+00:00,New Hampshire Wildcats,Brown Bears
6824ee7c1d62159383ebb8a46720267d,DraftKings,2025-11-26 17:51:22.915776+00:00,-600.0,440.0,-11.5,145.5,2025-11-26 18:00:00+00:00,Iowa State Cyclones,Syracuse Orange
6824ee7c1d62159383ebb8a46720267d,Caesars,2025-11-26 17:51:22.915776+00:00,-650.0,460.0,-10.0,145.5,2025-11-26 18:00:00+00:00,Iowa State Cyclones,Syracuse Orange
6824ee7c1d62159383ebb8a46720267d,LowVig.ag,2025-11-26 17:51:22.915776+00:00,-650.0,476.0,-10.0,147.5,2025-11-26 18:00:00+00:00,Iowa State Cyclones,Syracuse Orange
6824ee7c1d62159383ebb8a46720267d,BetOnline.ag,2025-11-26 17:51:22.915776+00:00,-650.0,476.0,-10.0,147.5,2025-11-26 18:00:00+00:00,Iowa State Cyclones,Syracuse Orange
6824ee7c1d62159383ebb8a46720267d,BetRivers,2025-11-26 17:51:22.915776+00:00,-625.0,420.0,-10.0,145.5,2025-11-26 18:00:00+00:00,Iowa State Cyclones,Syracuse Orange
6824ee7c1d62159383ebb8a46720267d,FanDuel,2025-11-26 17:51:22.915776+00:00,-630.0,450.0,-10.5,145.5,2025-11-26 18:00:00+00:00,Iowa State Cyclones,Syracuse Orange
6824ee7c1d62159383ebb8a46720267d,BetUS,2025-11-26 17:51:22.915776+00:00,-650.0,475.0,-10.0,145.5,2025-11-26 18:00:00+00:00,Iowa State Cyclones,Syracuse Orange
6824ee7c1d62159383ebb8a46720267d,Bovada,2025-11-26 17:51:22.915776+00:00,-625.0,430.0,-10.0,145.5,2025-11-26 18:00:00+00:00,Iowa State Cyclones,Syracuse Orange
6824ee7c1d62159383ebb8a46720267d,Fanatics,2025-11-26 17:51:22.915776+00:00,-575.0,425.0,-10.0,145.5,2025-11-26 18:00:00+00:00,Iowa State Cyclones,Syracuse Orange
6824ee7c1d62159383ebb8a46720267d,BetMGM,2025-11-26 17:51:22.915776+00:00,-625.0,450.0,-10.5,145.5,2025-11-26 18:00:00+00:00,Iowa State Cyclones,Syracuse Orange
647664eb43528a738d469a83908b3f00,FanDuel,2025-11-26 17:51:22.915776+00:00,,,-28.5,156.5,2025-11-26 18:00:00+00:00,Texas Tech Red Raiders,New Orleans Privateers
647664eb43528a738d469a83908b3f00,BetOnline.ag,2025-11-26 17:51:22.915776+00:00,,,-29.5,157.0,2025-11-26 18:00:00+00:00,Texas Tech Red Raiders,New Orleans Privateers
647664eb43528a738d469a83908b3f00,Fanatics,2025-11-26 17:51:22.915776+00:00,-10000.0,2500.0,-29.0,156.5,2025-11-26 18:00:00+00:00,Texas Tech Red Raiders,New Orleans Privateers
647664eb43528a738d469a83908b3f00,LowVig.ag,2025-11-26 17:51:22.915776+00:00,,,-29.5,157.0,2025-11-26 18:00:00+00:00,Texas Tech Red Raiders,New Orleans Privateers
647664eb43528a738d469a83908b3f00,DraftKings,2025-11-26 17:51:22.915776+00:00,,,-28.5,156.5,2025-11-26 18:00:00+00:00,Texas Tech Red Raiders,New Orleans Privateers
647664eb43528a738d469a83908b3f00,BetRivers,2025-11-26 17:51:22.915776+00:00,,,-29.5,157.0,2025-11-26 18:00:00+00:00,Texas Tech Red Raiders,New Orleans Privateers
647664eb43528a738d469a83908b3f00,Bovada,2025-11-26 17:51:22.915776+00:00,,,-29.0,156.5,2025-11-26 18:00:00+00:00,Texas Tech Red Raiders,New Orleans Privateers
647664eb43528a738d469a83908b3f00,Caesars,2025-11-26 17:51:22.915776+00:00,,,-28.5,157.0,2025-11-26 18:00:00+00:00,Texas Tech Red Raiders,New Orleans Privateers
d679e169044b53652a115a6a5fd1fec5,DraftKings,2025-11-26 17:51:22.915776+00:00,170.0,-205.0,4.5,162.5,2025-11-26 18:30:00+00:00,Toledo Rockets,Belmont Bruins
d679e169044b53652a115a6a5fd1fec5,LowVig.ag,2025-11-26 17:51:22.915776+00:00,170.0,-195.0,4.5,164.0,2025-11-26 18:30:00+00:00,Toledo Rockets,Belmont Bruins
d679e169044b53652a115a6a5fd1fec5,BetOnline.ag,2025-11-26 17:51:22.915776+00:00,170.0,-195.0,4.5,164.0,2025-11-26 18:30:00+00:00,Toledo Rockets,Belmont Bruins
d679e169044b53652a115a6a5fd1fec5,FanDuel,2025-11-26 17:51:22.915776+00:00,180.0,-220.0,4.5,163.5,2025-11-26 18:30:00+00:00,Toledo Rockets,Belmont Bruins
d679e169044b53652a115a6a5fd1fec5,BetRivers,2025-11-26 17:51:22.915776+00:00,155.0,-200.0,4.5,163.5,2025-11-26 18:30:00+00:00,Toledo Rockets,Belmont Bruins
d679e169044b53652a115a6a5fd1fec5,BetUS,2025-11-26 17:51:22.915776+00:00,175.0,-205.0,4.0,163.5,2025-11-26 18:30:00+00:00,Toledo Rockets,Belmont Bruins
d679e169044b53652a115a6a5fd1fec5,BetMGM,2025-11-26 17:51:22.915776+00:00,155.0,-190.0,4.5,164.5,2025-11-26 18:30:00+00:00,Toledo Rockets,Belmont Bruins
d679e169044b53652a115a6a5fd1fec5,Bovada,2025-11-26 17:51:22.915776+00:00,175.0,-210.0,4.5,162.5,2025-11-26 18:30:00+00:00,Toledo Rockets,Belmont Bruins
d679e169044b53652a115a6a5fd1fec5,Caesars,2025-11-26 17:51:22.915776+00:00,170.0,-205.0,4.5,164.0,2025-11-26 18:30:00+00:00,Toledo Rockets,Belmont Bruins
d679e169044b53652a115a6a5fd1fec5,Fanatics,2025-11-26 17:51:22.915776+00:00,160.0,-190.0,4.0,163.0,2025-11-26 18:30:00+00:00,Toledo Rockets,Belmont Bruins
28f0af95d4564cce5120790197e48ef8,FanDuel,2025-11-26 17:51:22.915776+00:00,202.0,-250.0,5.5,146.5,2025-11-26 18:30:43+00:00,Bucknell Bison,Buffalo Bulls
28f0af95d4564cce5120790197e48ef8,LowVig.ag,2025-11-26 17:51:22.915776+00:00,,,5.0,147.0,2025-11-26 18:30:43+00:00,Bucknell Bison,Buffalo Bulls
28f0af95d4564cce5120790197e48ef8,Fanatics,2025-11-26 17:51:22.915776+00:00,185.0,-225.0,5.5,146.5,2025-11-26 18:30:43+00:00,Bucknell Bison,Buffalo Bulls
28f0af95d4564cce5120790197e48ef8,BetOnline.ag,2025-11-26 17:51:22.915776+00:00,,,5.0,147.0,2025-11-26 18:30:43+00:00,Bucknell Bison,Buffalo Bulls
28f0af95d4564cce5120790197e48ef8,DraftKings,2025-11-26 17:51:22.915776+00:00,180.0,-218.0,5.5,146.5,2025-11-26 18:30:43+00:00,Bucknell Bison,Buffalo Bulls
28f0af95d4564cce5120790197e48ef8,BetRivers,2025-11-26 17:51:22.915776+00:00,165.0,-220.0,5.0,147.5,2025-11-26 18:30:43+00:00,Bucknell Bison,Buffalo Bulls
28f0af95d4564cce5120790197e48ef8,Bovada,2025-11-26 17:51:22.915776+00:00,185.0,-225.0,5.5,146.5,2025-11-26 18:30:43+00:00,Bucknell Bison,Buffalo Bulls
28f0af95d4564cce5120790197e48ef8,BetMGM,2025-11-26 17:51:22.915776+00:00,185.0,-225.0,5.5,146.5,2025-11-26 18:30:43+00:00,Bucknell Bison,Buffalo Bulls
28f0af95d4564cce5120790197e48ef8,Caesars,2025-11-26 17:51:22.915776+00:00,185.0,-225.0,5.5,146.5,2025-11-26 18:30:43+00:00,Bucknell Bison,Buffalo Bulls
d61014cd00d7252cd2dab6f3c15c5d79,DraftKings,2025-11-26 17:51:22.915776+00:00,-285.0,230.0,-6.5,143.5,2025-11-26 19:00:00+00:00,Mercer Bears,Appalachian St Mountaineers
d61014cd00d7252cd2dab6f3c15c5d79,BetOnline.ag,2025-11-26 17:51:22.915776+00:00,-265.0,219.0,-6.0,144.0,2025-11-26 19:00:00+00:00,Mercer Bears,Appalachian St Mountaineers
d61014cd00d7252cd2dab6f3c15c5d79,LowVig.ag,2025-11-26 17:51:22.915776+00:00,-265.0,219.0,-6.0,144.0,2025-11-26 19:00:00+00:00,Mercer Bears,Appalachian St Mountaineers
d61014cd00d7252cd2dab6f3c15c5d79,Fanatics,2025-11-26 17:51:22.915776+00:00,-285.0,230.0,-6.5,143.5,2025-11-26 19:00:00+00:00,Mercer Bears,Appalachian St Mountaineers
d61014cd00d7252cd2dab6f3c15c5d79,FanDuel,2025-11-26 17:51:22.915776+00:00,-310.0,240.0,-6.5,142.5,2025-11-26 19:00:00+00:00,Mercer Bears,Appalachian St Mountaineers
d61014cd00d7252cd2dab6f3c15c5d79,Bovada,2025-11-26 17:51:22.915776+00:00,-270.0,220.0,-6.5,143.5,2025-11-26 19:00:00+00:00,Mercer Bears,Appalachian St Mountaineers
d61014cd00d7252cd2dab6f3c15c5d79,BetRivers,2025-11-26 17:51:22.915776+00:00,-295.0,230.0,-6.0,143.5,2025-11-26 19:00:00+00:00,Mercer Bears,Appalachian St Mountaineers
d61014cd00d7252cd2dab6f3c15c5d79,BetUS,2025-11-26 17:51:22.915776+00:00,-265.0,223.0,-6.0,143.5,2025-11-26 19:00:00+00:00,Mercer Bears,Appalachian St Mountaineers
d61014cd00d7252cd2dab6f3c15c5d79,BetMGM,2025-11-26 17:51:22.915776+00:00,-275.0,220.0,-6.5,143.5,2025-11-26 19:00:00+00:00,Mercer Bears,Appalachian St Mountaineers
d61014cd00d7252cd2dab6f3c15c5d79,Caesars,2025-11-26 17:51:22.915776+00:00,-278.0,222.0,-6.0,143.5,2025-11-26 19:00:00+00:00,Mercer Bears,Appalachian St Mountaineers
175f8b0297ed85ce8296d2f04320acbb,FanDuel,2025-11-26 17:51:22.915776+00:00,-205.0,168.0,-4.5,152.5,2025-11-26 19:00:00+00:00,Fairleigh Dickinson Knights,Army Knights
175f8b0297ed85ce8296d2f04320acbb,BetRivers,2025-11-26 17:51:22.915776+00:00,-220.0,165.0,-5.0,151.5,2025-11-26 19:00:00+00:00,Fairleigh Dickinson Knights,Army Knights
175f8b0297ed85ce8296d2f04320acbb,BetMGM,2025-11-26 17:51:22.915776+00:00,-200.0,165.0,-4.5,151.5,2025-11-26 19:00:00+00:00,Fairleigh Dickinson Knights,Army Knights
175f8b0297ed85ce8296d2f04320acbb,LowVig.ag,2025-11-26 17:51:22.915776+00:00,,,-5.0,152.0,2025-11-26 19:00:00+00:00,Fairleigh Dickinson Knights,Army Knights
175f8b0297ed85ce8296d2f04320acbb,Bovada,2025-11-26 17:51:22.915776+00:00,-200.0,170.0,-4.5,152.5,2025-11-26 19:00:00+00:00,Fairleigh Dickinson Knights,Army Knights
175f8b0297ed85ce8296d2f04320acbb,BetOnline.ag,2025-11-26 17:51:22.915776+00:00,,,-5.0,152.0,2025-11-26 19:00:00+00:00,Fairleigh Dickinson Knights,Army Knights
175f8b0297ed85ce8296d2f04320acbb,DraftKings,2025-11-26 17:51:22.915776+00:00,-175.0,145.0,-3.5,151.5,2025-11-26 19:00:00+00:00,Fairleigh Dickinson Knights,Army Knights
175f8b0297ed85ce8296d2f04320acbb,Caesars,2025-11-26 17:51:22.915776+00:00,-205.0,170.0,-5.0,151.5,2025-11-26 19:00:00+00:00,Fairleigh Dickinson Knights,Army Knights
7c816f5a45dce5c4c9523fd1ef9c0a8e,FanDuel,2025-11-26 17:51:22.915776+00:00,-230.0,188.0,-4.5,160.5,2025-11-26 19:00:00+00:00,Florida Int'l Golden Panthers,Omaha Mavericks
7c816f5a45dce5c4c9523fd1ef9c0a8e,BetMGM,2025-11-26 17:51:22.915776+00:00,-210.0,170.0,-5.5,161.5,2025-11-26 19:00:00+00:00,Florida Int'l Golden Panthers,Omaha Mavericks
7c816f5a45dce5c4c9523fd1ef9c0a8e,BetUS,2025-11-26 17:51:22.915776+00:00,-205.0,175.0,-4.5,161.0,2025-11-26 19:00:00+00:00,Florida Int'l Golden Panthers,Omaha Mavericks
7c816f5a45dce5c4c9523fd1ef9c0a8e,LowVig.ag,2025-11-26 17:51:22.915776+00:00,-205.0,177.0,-5.0,161.0,2025-11-26 19:00:00+00:00,Florida Int'l Golden Panthers,Omaha Mavericks
7c816f5a45dce5c4c9523fd1ef9c0a8e,Caesars,2025-11-26 17:51:22.915776+00:00,-210.0,175.0,-5.5,161.0,2025-11-26 19:00:00+00:00,Florida Int'l Golden Panthers,Omaha Mavericks
7c816f5a45dce5c4c9523fd1ef9c0a8e,BetRivers,2025-11-26 17:51:22.915776+00:00,-210.0,165.0,-5.0,161.0,2025-11-26 19:00:00+00:00,Florida Int'l Golden Panthers,Omaha Mavericks
7c816f5a45dce5c4c9523fd1ef9c0a8e,Fanatics,2025-11-26 17:51:22.915776+00:00,-210.0,175.0,-5.0,161.0,2025-11-26 19:00:00+00:00,Florida Int'l Golden Panthers,Omaha Mavericks
7c816f5a45dce5c4c9523fd1ef9c0a8e,Bovada,2025-11-26 17:51:22.915776+00:00,-200.0,170.0,-4.5,161.0,2025-11-26 19:00:00+00:00,Florida Int'l Golden Panthers,Omaha Mavericks
7c816f5a45dce5c4c9523fd1ef9c0a8e,BetOnline.ag,2025-11-26 17:51:22.915776+00:00,-205.0,177.0,-5.0,161.0,2025-11-26 19:00:00+00:00,Florida Int'l Golden Panthers,Omaha Mavericks
7c816f5a45dce5c4c9523fd1ef9c0a8e,DraftKings,2025-11-26 17:51:22.915776+00:00,-205.0,170.0,-5.5,161.5,2025-11-26 19:00:00+00:00,Florida Int'l Golden Panthers,Omaha Mavericks
3605d21c107c6020bec1bbf09487ee4f,FanDuel,2025-11-26 17:51:22.915776+00:00,-104.0,-115.0,1.5,138.5,2025-11-26 19:00:00+00:00,Loyola (Chi) Ramblers,San José St Spartans
3605d21c107c6020bec1bbf09487ee4f,BetRivers,2025-11-26 17:51:22.915776+00:00,-105.0,-120.0,1.0,139.5,2025-11-26 19:00:00+00:00,Loyola (Chi) Ramblers,San José St Spartans
3605d21c107c6020bec1bbf09487ee4f,BetOnline.ag,2025-11-26 17:51:22.915776+00:00,-102.0,-118.0,1.0,139.0,2025-11-26 19:00:00+00:00,Loyola (Chi) Ramblers,San José St Spartans
3605d21c107c6020bec1bbf09487ee4f,Bovada,2025-11-26 17:51:22.915776+00:00,-105.0,-115.0,1.5,139.5,2025-11-26 19:00:00+00:00,Loyola (Chi) Ramblers,San José St Spartans
3605d21c107c6020bec1bbf09487ee4f,BetUS,2025-11-26 17:51:22.915776+00:00,100.0,-120.0,1.0,139.0,2025-11-26 19:00:00+00:00,Loyola (Chi) Ramblers,San José St Spartans
3605d21c107c6020bec1bbf09487ee4f,LowVig.ag,2025-11-26 17:51:22.915776+00:00,-102.0,-118.0,1.0,139.0,2025-11-26 19:00:00+00:00,Loyola (Chi) Ramblers,San José St Spartans
3605d21c107c6020bec1bbf09487ee4f,DraftKings,2025-11-26 17:51:22.915776+00:00,-105.0,-115.0,1.5,139.5,2025-11-26 19:00:00+00:00,Loyola (Chi) Ramblers,San José St Spartans
3605d21c107c6020bec1bbf09487ee4f,Fanatics,2025-11-26 17:51:22.915776+00:00,-105.0,-115.0,1.0,139.0,2025-11-26 19:00:00+00:00,Loyola (Chi) Ramblers,San José St Spartans
19a5e83b24c0db2de6d988ee5c23b096,DraftKings,2025-11-26 17:51:22.915776+00:00,-175.0,145.0,-3.5,151.5,2025-11-26 19:00:00+00:00,Northern Kentucky Norse,Wofford Terriers
19a5e83b24c0db2de6d988ee5c23b096,BetOnline.ag,2025-11-26 17:51:22.915776+00:00,-175.0,153.0,-3.5,149.5,2025-11-26 19:00:00+00:00,Northern Kentucky Norse,Wofford Terriers
19a5e83b24c0db2de6d988ee5c23b096,LowVig.ag,2025-11-26 17:51:22.915776+00:00,-175.0,153.0,-3.5,149.5,2025-11-26 19:00:00+00:00,Northern Kentucky Norse,Wofford Terriers
19a5e83b24c0db2de6d988ee5c23b096,Fanatics,2025-11-26 17:51:22.915776+00:00,-175.0,145.0,-3.5,150.0,2025-11-26 19:00:00+00:00,Northern Kentucky Norse,Wofford Terriers
19a5e83b24c0db2de6d988ee5c23b096,FanDuel,2025-11-26 17:51:22.915776+00:00,-178.0,146.0,-3.5,150.5,2025-11-26 19:00:00+00:00,Northern Kentucky Norse,Wofford Terriers
19a5e83b24c0db2de6d988ee5c23b096,Bovada,2025-11-26 17:51:22.915776+00:00,-175.0,150.0,-3.5,149.5,2025-11-26 19:00:00+00:00,Northern Kentucky Norse,Wofford Terriers
19a5e83b24c0db2de6d988ee5c23b096,BetRivers,2025-11-26 17:51:22.915776+00:00,-175.0,135.0,-3.5,149.5,2025-11-26 19:00:00+00:00,Northern Kentucky Norse,Wofford Terriers
19a5e83b24c0db2de6d988ee5c23b096,BetUS,2025-11-26 17:51:22.915776+00:00,-175.0,150.0,-3.5,149.5,2025-11-26 19:00:00+00:00,Northern Kentucky Norse,Wofford Terriers
19a5e83b24c0db2de6d988ee5c23b096,BetMGM,2025-11-26 17:51:22.915776+00:00,-185.0,150.0,-3.5,149.5,2025-11-26 19:00:00+00:00,Northern Kentucky Norse,Wofford Terriers
19a5e83b24c0db2de6d988ee5c23b096,Caesars,2025-11-26 17:51:22.915776+00:00,-180.0,152.0,-3.5,149.5,2025-11-26 19:00:00+00:00,Northern Kentucky Norse,Wofford Terriers
ea3ab350f7d30fda05c7534cc02b3939,DraftKings,2025-11-26 17:51:22.915776+00:00,105.0,-125.0,1.5,149.5,2025-11-26 19:00:00+00:00,Robert Morris Colonials,UIC Flames
ea3ab350f7d30fda05c7534cc02b3939,BetOnline.ag,2025-11-26 17:51:22.915776+00:00,105.0,-125.0,1.5,151.0,2025-11-26 19:00:00+00:00,Robert Morris Colonials,UIC Flames
ea3ab350f7d30fda05c7534cc02b3939,LowVig.ag,2025-11-26 17:51:22.915776+00:00,105.0,-125.0,1.5,151.0,2025-11-26 19:00:00+00:00,Robert Morris Colonials,UIC Flames
ea3ab350f7d30fda05c7534cc02b3939,Fanatics,2025-11-26 17:51:22.915776+00:00,110.0,-130.0,2.0,150.0,2025-11-26 19:00:00+00:00,Robert Morris Colonials,UIC Flames
ea3ab350f7d30fda05c7534cc02b3939,FanDuel,2025-11-26 17:51:22.915776+00:00,108.0,-130.0,1.5,150.5,2025-11-26 19:00:00+00:00,Robert Morris Colonials,UIC Flames
ea3ab350f7d30fda05c7534cc02b3939,Bovada,2025-11-26 17:51:22.915776+00:00,105.0,-125.0,1.5,150.0,2025-11-26 19:00:00+00:00,Robert Morris Colonials,UIC Flames
ea3ab350f7d30fda05c7534cc02b3939,BetRivers,2025-11-26 17:51:22.915776+00:00,110.0,-137.0,2.0,150.0,2025-11-26 19:00:00+00:00,Robert Morris Colonials,UIC Flames
ea3ab350f7d30fda05c7534cc02b3939,BetUS,2025-11-26 17:51:22.915776+00:00,,,1.5,150.5,2025-11-26 19:00:00+00:00,Robert Morris Colonials,UIC Flames
ea3ab350f7d30fda05c7534cc02b3939,BetMGM,2025-11-26 17:51:22.915776+00:00,105.0,-125.0,1.5,150.5,2025-11-26 19:00:00+00:00,Robert Morris Colonials,UIC Flames
6651bb72ace1ef6607fa55a50ac17e5f,FanDuel,2025-11-26 17:51:22.915776+00:00,-670.0,470.0,-10.5,151.5,2025-11-26 19:00:42+00:00,Miami (OH) RedHawks,UNC Greensboro Spartans
6651bb72ace1ef6607fa55a50ac17e5f,BetMGM,2025-11-26 17:51:22.915776+00:00,-600.0,425.0,,151.5,2025-11-26 19:00:42+00:00,Miami (OH) RedHawks,UNC Greensboro Spartans
6651bb72ace1ef6607fa55a50ac17e5f,BetRivers,2025-11-26 17:51:22.915776+00:00,-590.0,410.0,-10.5,151.0,2025-11-26 19:00:42+00:00,Miami (OH) RedHawks,UNC Greensboro Spartans
6651bb72ace1ef6607fa55a50ac17e5f,BetOnline.ag,2025-11-26 17:51:22.915776+00:00,-565.0,425.0,-10.5,151.5,2025-11-26 19:00:42+00:00,Miami (OH) RedHawks,UNC Greensboro Spartans
6651bb72ace1ef6607fa55a50ac17e5f,Bovada,2025-11-26 17:51:22.915776+00:00,-600.0,425.0,-10.5,150.5,2025-11-26 19:00:42+00:00,Miami (OH) RedHawks,UNC Greensboro Spartans
6651bb72ace1ef6607fa55a50ac17e5f,Fanatics,2025-11-26 17:51:22.915776+00:00,-575.0,425.0,-10.5,151.0,2025-11-26 19:00:42+00:00,Miami (OH) RedHawks,UNC Greensboro Spartans
6651bb72ace1ef6607fa55a50ac17e5f,Caesars,2025-11-26 17:51:22.915776+00:00,-600.0,430.0,-10.5,151.0,2025-11-26 19:00:42+00:00,Miami (OH) RedHawks,UNC Greensboro Spartans
6651bb72ace1ef6607fa55a50ac17e5f,LowVig.ag,2025-11-26 17:51:22.915776+00:00,-565.0,425.0,-10.5,151.5,2025-11-26 19:00:42+00:00,Miami (OH) RedHawks,UNC Greensboro Spartans
6651bb72ace1ef6607fa55a50ac17e5f,BetUS,2025-11-26 17:51:22.915776+00:00,-550.0,425.0,-11.0,151.0,2025-11-26 19:00:42+00:00,Miami (OH) RedHawks,UNC Greensboro Spartans
6651bb72ace1ef6607fa55a50ac17e5f,DraftKings,2025-11-26 17:51:22.915776+00:00,-575.0,425.0,-10.5,150.5,2025-11-26 19:00:42+00:00,Miami (OH) RedHawks,UNC Greensboro Spartans
b395bba9ae3c9666488a4695b6b30131,DraftKings,2025-11-26 17:51:22.915776+00:00,195.0,-238.0,5.5,163.5,2025-11-26 19:30:00+00:00,Arizona St Sun Devils,USC Trojans
b395bba9ae3c9666488a4695b6b30131,LowVig.ag,2025-11-26 17:51:22.915776+00:00,200.0,-240.0,5.5,163.0,2025-11-26 19:30:00+00:00,Arizona St Sun Devils,USC Trojans
b395bba9ae3c9666488a4695b6b30131,BetOnline.ag,2025-11-26 17:51:22.915776+00:00,200.0,-240.0,5.5,163.0,2025-11-26 19:30:00+00:00,Arizona St Sun Devils,USC Trojans
b395bba9ae3c9666488a4695b6b30131,BetRivers,2025-11-26 17:51:22.915776+00:00,180.0,-245.0,5.5,164.0,2025-11-26 19:30:00+00:00,Arizona St Sun Devils,USC Trojans
b395bba9ae3c9666488a4695b6b30131,BetUS,2025-11-26 17:51:22.915776+00:00,203.0,-240.0,5.0,164.0,2025-11-26 19:30:00+00:00,Arizona St Sun Devils,USC Trojans
b395bba9ae3c9666488a4695b6b30131,FanDuel,2025-11-26 17:51:22.915776+00:00,195.0,-240.0,5.5,163.5,2025-11-26 19:30:00+00:00,Arizona St Sun Devils,USC Trojans
b395bba9ae3c9666488a4695b6b30131,Fanatics,2025-11-26 17:51:22.915776+00:00,190.0,-240.0,5.5,163.5,2025-11-26 19:30:00+00:00,Arizona St Sun Devils,USC Trojans
b395bba9ae3c9666488a4695b6b30131,Bovada,2025-11-26 17:51:22.915776+00:00,200.0,-240.0,5.5,163.5,2025-11-26 19:30:00+00:00,Arizona St Sun Devils,USC Trojans
b395bba9ae3c9666488a4695b6b30131,BetMGM,2025-11-26 17:51:22.915776+00:00,190.0,-235.0,5.5,163.5,2025-11-26 19:30:00+00:00,Arizona St Sun Devils,USC Trojans
b395bba9ae3c9666488a4695b6b30131,Caesars,2025-11-26 17:51:22.915776+00:00,205.0,-250.0,5.5,164.0,2025-11-26 19:30:00+00:00,Arizona St Sun Devils,USC Trojans
33aee93b94479da44421c92cd8886ee5,FanDuel,2025-11-26 17:51:22.915776+00:00,195.0,-240.0,5.5,147.5,2025-11-26 19:30:00+00:00,Bradley Braves,Liberty Flames
33aee93b94479da44421c92cd8886ee5,Fanatics,2025-11-26 17:51:22.915776+00:00,190.0,-240.0,5.5,147.0,2025-11-26 19:30:00+00:00,Bradley Braves,Liberty Flames
33aee93b94479da44421c92cd8886ee5,BetOnline.ag,2025-11-26 17:51:22.915776+00:00,195.0,-235.0,5.0,146.5,2025-11-26 19:30:00+00:00,Bradley Braves,Liberty Flames
33aee93b94479da44421c92cd8886ee5,LowVig.ag,2025-11-26 17:51:22.915776+00:00,192.0,-230.0,5.0,146.5,2025-11-26 19:30:00+00:00,Bradley Braves,Liberty Flames
33aee93b94479da44421c92cd8886ee5,BetUS,2025-11-26 17:51:22.915776+00:00,203.0,-240.0,5.0,146.5,2025-11-26 19:30:00+00:00,Bradley Braves,Liberty Flames
33aee93b94479da44421c92cd8886ee5,Bovada,2025-11-26 17:51:22.915776+00:00,190.0,-230.0,5.0,146.5,2025-11-26 19:30:00+00:00,Bradley Braves,Liberty Flames
33aee93b94479da44421c92cd8886ee5,BetMGM,2025-11-26 17:51:22.915776+00:00,170.0,-210.0,4.5,146.5,2025-11-26 19:30:00+00:00,Bradley Braves,Liberty Flames
33aee93b94479da44421c92cd8886ee5,BetRivers,2025-11-26 17:51:22.915776+00:00,175.0,-225.0,5.5,147.0,2025-11-26 19:30:00+00:00,Bradley Braves,Liberty Flames
33aee93b94479da44421c92cd8886ee5,DraftKings,2025-11-26 17:51:22.915776+00:00,190.0,-230.0,5.5,146.5,2025-11-26 19:30:00+00:00,Bradley Braves,Liberty Flames
00788ba8ed50cc8384d132673d421721,FanDuel,2025-11-26 17:51:22.915776+00:00,104.0,-125.0,1.5,173.5,2025-11-26 19:30:58+00:00,South Florida Bulls,VCU Rams
00788ba8ed50cc8384d132673d421721,BetOnline.ag,2025-11-26 17:51:22.915776+00:00,-102.0,-118.0,1.0,173.5,2025-11-26 19:30:58+00:00,South Florida Bulls,VCU Rams
00788ba8ed50cc8384d132673d421721,LowVig.ag,2025-11-26 17:51:22.915776+00:00,-102.0,-118.0,1.0,173.5,2025-11-26 19:30:58+00:00,South Florida Bulls,VCU Rams
00788ba8ed50cc8384d132673d421721,Fanatics,2025-11-26 17:51:22.915776+00:00,100.0,-120.0,1.5,173.0,2025-11-26 19:30:58+00:00,South Florida Bulls,VCU Rams
00788ba8ed50cc8384d132673d421721,BetUS,2025-11-26 17:51:22.915776+00:00,100.0,-120.0,1.0,174.0,2025-11-26 19:30:58+00:00,South Florida Bulls,VCU Rams
00788ba8ed50cc8384d132673d421721,BetMGM,2025-11-26 17:51:22.915776+00:00,-110.0,-110.0,1.5,173.5,2025-11-26 19:30:58+00:00,South Florida Bulls,VCU Rams
00788ba8ed50cc8384d132673d421721,DraftKings,2025-11-26 17:51:22.915776+00:00,-102.0,-118.0,1.5,173.5,2025-11-26 19:30:58+00:00,South Florida Bulls,VCU Rams
00788ba8ed50cc8384d132673d421721,Bovada,2025-11-26 17:51:22.915776+00:00,100.0,-120.0,1.5,172.5,2025-11-26 19:30:58+00:00,South Florida Bulls,VCU Rams
00788ba8ed50cc8384d132673d421721,Caesars,2025-11-26 17:51:22.915776+00:00,100.0,-120.0,1.0,173.5,2025-11-26 19:30:58+00:00,South Florida Bulls,VCU Rams
00788ba8ed50cc8384d132673d421721,BetRivers,2025-11-26 17:51:22.915776+00:00,-106.0,-120.0,1.0,172.5,2025-11-26 19:30:58+00:00,South Florida Bulls,VCU Rams
30ddccfd040a7dc8c089bf067a4d14fb,FanDuel,2025-11-26 17:51:22.915776+00:00,-1200.0,720.0,-12.5,134.5,2025-11-26 20:00:00+00:00,New Mexico St Aggies,Georgia St Panthers
30ddccfd040a7dc8c089bf067a4d14fb,Fanatics,2025-11-26 17:51:22.915776+00:00,-900.0,600.0,-13.0,136.0,2025-11-26 20:00:00+00:00,New Mexico St Aggies,Georgia St Panthers
30ddccfd040a7dc8c089bf067a4d14fb,LowVig.ag,2025-11-26 17:51:22.915776+00:00,-900.0,613.0,-13.0,135.5,2025-11-26 20:00:00+00:00,New Mexico St Aggies,Georgia St Panthers
30ddccfd040a7dc8c089bf067a4d14fb,BetOnline.ag,2025-11-26 17:51:22.915776+00:00,-900.0,613.0,-13.0,135.5,2025-11-26 20:00:00+00:00,New Mexico St Aggies,Georgia St Panthers
30ddccfd040a7dc8c089bf067a4d14fb,BetUS,2025-11-26 17:51:22.915776+00:00,-900.0,600.0,-13.0,136.0,2025-11-26 20:00:00+00:00,New Mexico St Aggies,Georgia St Panthers
30ddccfd040a7dc8c089bf067a4d14fb,Bovada,2025-11-26 17:51:22.915776+00:00,-1000.0,625.0,-13.0,136.5,2025-11-26 20:00:00+00:00,New Mexico St Aggies,Georgia St Panthers
30ddccfd040a7dc8c089bf067a4d14fb,BetMGM,2025-11-26 17:51:22.915776+00:00,-900.0,575.0,-12.5,135.5,2025-11-26 20:00:00+00:00,New Mexico St Aggies,Georgia St Panthers
30ddccfd040a7dc8c089bf067a4d14fb,BetRivers,2025-11-26 17:51:22.915776+00:00,-1000.0,600.0,-13.0,136.0,2025-11-26 20:00:00+00:00,New Mexico St Aggies,Georgia St Panthers
30ddccfd040a7dc8c089bf067a4d14fb,Caesars,2025-11-26 17:51:22.915776+00:00,-900.0,600.0,-13.0,135.5,2025-11-26 20:00:00+00:00,New Mexico St Aggies,Georgia St Panthers
30ddccfd040a7dc8c089bf067a4d14fb,DraftKings,2025-11-26 17:51:22.915776+00:00,-900.0,600.0,-12.5,135.5,2025-11-26 20:00:00+00:00,New Mexico St Aggies,Georgia St Panthers
1d0c9b91c5af10f1b21aefff7b2edc57,DraftKings,2025-11-26 17:51:22.915776+00:00,-535.0,400.0,-10.5,150.5,2025-11-26 20:00:00+00:00,Valparaiso Beacons,Southern Indiana Screaming Eagles
1d0c9b91c5af10f1b21aefff7b2edc57,BetOnline.ag,2025-11-26 17:51:22.915776+00:00,-525.0,400.0,-10.0,150.5,2025-11-26 20:00:00+00:00,Valparaiso Beacons,Southern Indiana Screaming Eagles
1d0c9b91c5af10f1b21aefff7b2edc57,LowVig.ag,2025-11-26 17:51:22.915776+00:00,-525.0,400.0,-10.0,150.5,2025-11-26 20:00:00+00:00,Valparaiso Beacons,Southern Indiana Screaming Eagles
1d0c9b91c5af10f1b21aefff7b2edc57,Fanatics,2025-11-26 17:51:22.915776+00:00,-550.0,400.0,-10.0,150.0,2025-11-26 20:00:00+00:00,Valparaiso Beacons,Southern Indiana Screaming Eagles
1d0c9b91c5af10f1b21aefff7b2edc57,FanDuel,2025-11-26 17:51:22.915776+00:00,-610.0,440.0,-9.5,150.5,2025-11-26 20:00:00+00:00,Valparaiso Beacons,Southern Indiana Screaming Eagles
1d0c9b91c5af10f1b21aefff7b2edc57,Bovada,2025-11-26 17:51:22.915776+00:00,-585.0,410.0,-10.0,150.0,2025-11-26 20:00:00+00:00,Valparaiso Beacons,Southern Indiana Screaming Eagles
1d0c9b91c5af10f1b21aefff7b2edc57,BetRivers,2025-11-26 17:51:22.915776+00:00,-625.0,420.0,-10.5,150.0,2025-11-26 20:00:00+00:00,Valparaiso Beacons,Southern Indiana Screaming Eagles
1d0c9b91c5af10f1b21aefff7b2edc57,BetUS,2025-11-26 17:51:22.915776+00:00,-525.0,405.0,-10.0,150.0,2025-11-26 20:00:00+00:00,Valparaiso Beacons,Southern Indiana Screaming Eagles
1d0c9b91c5af10f1b21aefff7b2edc57,BetMGM,2025-11-26 17:51:22.915776+00:00,-550.0,400.0,-10.5,150.5,2025-11-26 20:00:00+00:00,Valparaiso Beacons,Southern Indiana Screaming Eagles
1d0c9b91c5af10f1b21aefff7b2edc57,Caesars,2025-11-26 17:51:22.915776+00:00,-550.0,400.0,-10.0,150.0,2025-11-26 20:00:00+00:00,Valparaiso Beacons,Southern Indiana Screaming Eagles
4f00ec0729b1cc4c7d3b698c824c99fe,FanDuel,2025-11-26 17:51:22.915776+00:00,150.0,-182.0,3.5,142.5,2025-11-26 20:00:43+00:00,Jacksonville St Gamecocks,North Dakota St Bison
4f00ec0729b1cc4c7d3b698c824c99fe,LowVig.ag,2025-11-26 17:51:22.915776+00:00,138.0,-158.0,3.0,142.5,2025-11-26 20:00:43+00:00,Jacksonville St Gamecocks,North Dakota St Bison
4f00ec0729b1cc4c7d3b698c824c99fe,Fanatics,2025-11-26 17:51:22.915776+00:00,140.0,-170.0,3.5,143.0,2025-11-26 20:00:43+00:00,Jacksonville St Gamecocks,North Dakota St Bison
4f00ec0729b1cc4c7d3b698c824c99fe,BetOnline.ag,2025-11-26 17:51:22.915776+00:00,138.0,-158.0,3.0,142.5,2025-11-26 20:00:43+00:00,Jacksonville St Gamecocks,North Dakota St Bison
4f00ec0729b1cc4c7d3b698c824c99fe,Bovada,2025-11-26 17:51:22.915776+00:00,140.0,-165.0,3.0,143.0,2025-11-26 20:00:43+00:00,Jacksonville St Gamecocks,North Dakota St Bison
4f00ec0729b1cc4c7d3b698c824c99fe,DraftKings,2025-11-26 17:51:22.915776+00:00,145.0,-175.0,3.5,142.5,2025-11-26 20:00:43+00:00,Jacksonville St Gamecocks,North Dakota St Bison
4f00ec0729b1cc4c7d3b698c824c99fe,BetRivers,2025-11-26 17:51:22.915776+00:00,140.0,-175.0,3.5,143.0,2025-11-26 20:00:43+00:00,Jacksonville St Gamecocks,North Dakota St Bison
4f00ec0729b1cc4c7d3b698c824c99fe,BetUS,2025-11-26 17:51:22.915776+00:00,138.0,-160.0,3.0,142.5,2025-11-26 20:00:43+00:00,Jacksonville St Gamecocks,North Dakota St Bison
4f00ec0729b1cc4c7d3b698c824c99fe,BetMGM,2025-11-26 17:51:22.915776+00:00,140.0,-170.0,3.5,142.5,2025-11-26 20:00:43+00:00,Jacksonville St Gamecocks,North Dakota St Bison
4f00ec0729b1cc4c7d3b698c824c99fe,Caesars,2025-11-26 17:51:22.915776+00:00,140.0,-165.0,3.0,142.5,2025-11-26 20:00:43+00:00,Jacksonville St Gamecocks,North Dakota St Bison
7c3723c2f7383104c9096a0e80c949bd,DraftKings,2025-11-26 17:51:22.915776+00:00,-800.0,550.0,-11.5,132.5,2025-11-26 20:30:00+00:00,Houston Cougars,Notre Dame Fighting Irish
7c3723c2f7383104c9096a0e80c949bd,LowVig.ag,2025-11-26 17:51:22.915776+00:00,-890.0,607.0,-11.5,132.5,2025-11-26 20:30:00+00:00,Houston Cougars,Notre Dame Fighting Irish
7c3723c2f7383104c9096a0e80c949bd,BetOnline.ag,2025-11-26 17:51:22.915776+00:00,-890.0,607.0,-11.5,132.5,2025-11-26 20:30:00+00:00,Houston Cougars,Notre Dame Fighting Irish
7c3723c2f7383104c9096a0e80c949bd,Caesars,2025-11-26 17:51:22.915776+00:00,-900.0,600.0,-12.0,132.5,2025-11-26 20:30:00+00:00,Houston Cougars,Notre Dame Fighting Irish
7c3723c2f7383104c9096a0e80c949bd,BetRivers,2025-11-26 17:51:22.915776+00:00,-910.0,540.0,-11.5,133.0,2025-11-26 20:30:00+00:00,Houston Cougars,Notre Dame Fighting Irish
7c3723c2f7383104c9096a0e80c949bd,BetUS,2025-11-26 17:51:22.915776+00:00,-890.0,600.0,-12.0,132.5,2025-11-26 20:30:00+00:00,Houston Cougars,Notre Dame Fighting Irish
7c3723c2f7383104c9096a0e80c949bd,Fanatics,2025-11-26 17:51:22.915776+00:00,-900.0,600.0,-12.0,133.5,2025-11-26 20:30:00+00:00,Houston Cougars,Notre Dame Fighting Irish
7c3723c2f7383104c9096a0e80c949bd,FanDuel,2025-11-26 17:51:22.915776+00:00,-880.0,580.0,-11.5,132.5,2025-11-26 20:30:00+00:00,Houston Cougars,Notre Dame Fighting Irish
7c3723c2f7383104c9096a0e80c949bd,Bovada,2025-11-26 17:51:22.915776+00:00,-900.0,575.0,-12.0,133.5,2025-11-26 20:30:00+00:00,Houston Cougars,Notre Dame Fighting Irish
7c3723c2f7383104c9096a0e80c949bd,BetMGM,2025-11-26 17:51:22.915776+00:00,-900.0,600.0,-11.5,132.5,2025-11-26 20:30:00+00:00,Houston Cougars,Notre Dame Fighting Irish
589bae3f265adab48b75ac42652fdbfb,DraftKings,2025-11-26 17:51:22.915776+00:00,-310.0,250.0,-6.5,136.5,2025-11-26 21:00:00+00:00,Boston College Eagles,Harvard Crimson
589bae3f265adab48b75ac42652fdbfb,BetOnline.ag,2025-11-26 17:51:22.915776+00:00,-300.0,245.0,-7.0,137.0,2025-11-26 21:00:00+00:00,Boston College Eagles,Harvard Crimson
589bae3f265adab48b75ac42652fdbfb,LowVig.ag,2025-11-26 17:51:22.915776+00:00,-300.0,245.0,-7.0,137.0,2025-11-26 21:00:00+00:00,Boston College Eagles,Harvard Crimson
589bae3f265adab48b75ac42652fdbfb,Fanatics,2025-11-26 17:51:22.915776+00:00,-300.0,240.0,-7.0,137.0,2025-11-26 21:00:00+00:00,Boston College Eagles,Harvard Crimson
589bae3f265adab48b75ac42652fdbfb,FanDuel,2025-11-26 17:51:22.915776+00:00,-330.0,260.0,-6.5,136.5,2025-11-26 21:00:00+00:00,Boston College Eagles,Harvard Crimson
589bae3f265adab48b75ac42652fdbfb,Bovada,2025-11-26 17:51:22.915776+00:00,-300.0,250.0,-7.0,137.5,2025-11-26 21:00:00+00:00,Boston College Eagles,Harvard Crimson
589bae3f265adab48b75ac42652fdbfb,BetRivers,2025-11-26 17:51:22.915776+00:00,-335.0,245.0,-7.0,137.5,2025-11-26 21:00:00+00:00,Boston College Eagles,Harvard Crimson
589bae3f265adab48b75ac42652fdbfb,BetUS,2025-11-26 17:51:22.915776+00:00,-300.0,250.0,-7.0,138.0,2025-11-26 21:00:00+00:00,Boston College Eagles,Harvard Crimson
589bae3f265adab48b75ac42652fdbfb,BetMGM,2025-11-26 17:51:22.915776+00:00,-325.0,260.0,-7.5,137.5,2025-11-26 21:00:00+00:00,Boston College Eagles,Harvard Crimson
589bae3f265adab48b75ac42652fdbfb,Caesars,2025-11-26 17:51:22.915776+00:00,-320.0,250.0,-7.0,136.5,2025-11-26 21:00:00+00:00,Boston College Eagles,Harvard Crimson
76873b0dc529c3dc31de5f2e28a4b55c,FanDuel,2025-11-26 17:51:22.915776+00:00,-420.0,320.0,-7.5,156.5,2025-11-26 21:00:00+00:00,Marshall Thundering Herd,Lipscomb Bisons
76873b0dc529c3dc31de5f2e28a4b55c,Fanatics,2025-11-26 17:51:22.915776+00:00,-350.0,280.0,-8.0,157.0,2025-11-26 21:00:00+00:00,Marshall Thundering Herd,Lipscomb Bisons
76873b0dc529c3dc31de5f2e28a4b55c,LowVig.ag,2025-11-26 17:51:22.915776+00:00,,,-8.0,157.0,2025-11-26 21:00:00+00:00,Marshall Thundering Herd,Lipscomb Bisons
76873b0dc529c3dc31de5f2e28a4b55c,BetOnline.ag,2025-11-26 17:51:22.915776+00:00,,,-8.0,157.0,2025-11-26 21:00:00+00:00,Marshall Thundering Herd,Lipscomb Bisons
76873b0dc529c3dc31de5f2e28a4b55c,DraftKings,2025-11-26 17:51:22.915776+00:00,-360.0,285.0,-8.5,157.5,2025-11-26 21:00:00+00:00,Marshall Thundering Herd,Lipscomb Bisons
76873b0dc529c3dc31de5f2e28a4b55c,BetRivers,2025-11-26 17:51:22.915776+00:00,-420.0,290.0,-8.5,157.0,2025-11-26 21:00:00+00:00,Marshall Thundering Herd,Lipscomb Bisons
76873b0dc529c3dc31de5f2e28a4b55c,Bovada,2025-11-26 17:51:22.915776+00:00,-370.0,285.0,-8.0,157.0,2025-11-26 21:00:00+00:00,Marshall Thundering Herd,Lipscomb Bisons
76873b0dc529c3dc31de5f2e28a4b55c,BetMGM,2025-11-26 17:51:22.915776+00:00,-375.0,290.0,-8.5,157.5,2025-11-26 21:00:00+00:00,Marshall Thundering Herd,Lipscomb Bisons
76873b0dc529c3dc31de5f2e28a4b55c,Caesars,2025-11-26 17:51:22.915776+00:00,-400.0,310.0,-8.0,157.0,2025-11-26 21:00:00+00:00,Marshall Thundering Herd,Lipscomb Bisons
ba8e3ab9ebfcc8aa0c486092f5fda41b,FanDuel,2025-11-26 17:51:22.915776+00:00,-690.0,480.0,-10.5,154.5,2025-11-26 21:00:54+00:00,Navy Midshipmen,Gardner-Webb Bulldogs
ba8e3ab9ebfcc8aa0c486092f5fda41b,Fanatics,2025-11-26 17:51:22.915776+00:00,-700.0,475.0,-10.5,154.0,2025-11-26 21:00:54+00:00,Navy Midshipmen,Gardner-Webb Bulldogs
ba8e3ab9ebfcc8aa0c486092f5fda41b,BetOnline.ag,2025-11-26 17:51:22.915776+00:00,,,-10.0,153.5,2025-11-26 21:00:54+00:00,Navy Midshipmen,Gardner-Webb Bulldogs
ba8e3ab9ebfcc8aa0c486092f5fda41b,LowVig.ag,2025-11-26 17:51:22.915776+00:00,,,-10.0,153.5,2025-11-26 21:00:54+00:00,Navy Midshipmen,Gardner-Webb Bulldogs
ba8e3ab9ebfcc8aa0c486092f5fda41b,DraftKings,2025-11-26 17:51:22.915776+00:00,-750.0,525.0,-10.5,155.5,2025-11-26 21:00:54+00:00,Navy Midshipmen,Gardner-Webb Bulldogs
ba8e3ab9ebfcc8aa0c486092f5fda41b,BetRivers,2025-11-26 17:51:22.915776+00:00,-625.0,425.0,-10.5,153.0,2025-11-26 21:00:54+00:00,Navy Midshipmen,Gardner-Webb Bulldogs
ba8e3ab9ebfcc8aa0c486092f5fda41b,Bovada,2025-11-26 17:51:22.915776+00:00,-850.0,550.0,-10.5,154.5,2025-11-26 21:00:54+00:00,Navy Midshipmen,Gardner-Webb Bulldogs
ba8e3ab9ebfcc8aa0c486092f5fda41b,BetMGM,2025-11-26 17:51:22.915776+00:00,-550.0,400.0,-10.5,153.5,2025-11-26 21:00:54+00:00,Navy Midshipmen,Gardner-Webb Bulldogs
ba8e3ab9ebfcc8aa0c486092f5fda41b,Caesars,2025-11-26 17:51:22.915776+00:00,-700.0,500.0,-10.0,153.5,2025-11-26 21:00:54+00:00,Navy Midshipmen,Gardner-Webb Bulldogs
72469aab63abc45d1140a5e92e8e600d,FanDuel,2025-11-26 17:51:22.915776+00:00,205.0,-260.0,5.5,152.5,2025-11-26 21:30:00+00:00,Oral Roberts Golden Eagles,Rice Owls
72469aab63abc45d1140a5e92e8e600d,BetRivers,2025-11-26 17:51:22.915776+00:00,175.0,-225.0,5.5,152.5,2025-11-26 21:30:00+00:00,Oral Roberts Golden Eagles,Rice Owls
72469aab63abc45d1140a5e92e8e600d,Caesars,2025-11-26 17:51:22.915776+00:00,185.0,-225.0,5.0,151.0,2025-11-26 21:30:00+00:00,Oral Roberts Golden Eagles,Rice Owls
72469aab63abc45d1140a5e92e8e600d,BetOnline.ag,2025-11-26 17:51:22.915776+00:00,189.0,-225.0,5.0,153.0,2025-11-26 21:30:00+00:00,Oral Roberts Golden Eagles,Rice Owls
72469aab63abc45d1140a5e92e8e600d,Fanatics,2025-11-26 17:51:22.915776+00:00,185.0,-225.0,5.0,153.0,2025-11-26 21:30:00+00:00,Oral Roberts Golden Eagles,Rice Owls
72469aab63abc45d1140a5e92e8e600d,Bovada,2025-11-26 17:51:22.915776+00:00,185.0,-225.0,5.5,152.5,2025-11-26 21:30:00+00:00,Oral Roberts Golden Eagles,Rice Owls
72469aab63abc45d1140a5e92e8e600d,BetUS,2025-11-26 17:51:22.915776+00:00,190.0,-225.0,4.5,153.0,2025-11-26 21:30:00+00:00,Oral Roberts Golden Eagles,Rice Owls
72469aab63abc45d1140a5e92e8e600d,BetMGM,2025-11-26 17:51:22.915776+00:00,180.0,-220.0,4.5,152.5,2025-11-26 21:30:00+00:00,Oral Roberts Golden Eagles,Rice Owls
72469aab63abc45d1140a5e92e8e600d,LowVig.ag,2025-11-26 17:51:22.915776+00:00,189.0,-225.0,5.0,153.0,2025-11-26 21:30:00+00:00,Oral Roberts Golden Eagles,Rice Owls
72469aab63abc45d1140a5e92e8e600d,DraftKings,2025-11-26 17:51:22.915776+00:00,190.0,-230.0,5.5,152.5,2025-11-26 21:30:00+00:00,Oral Roberts Golden Eagles,Rice Owls
80f6ab325f6b30b96b5c4b2d764c4a1d,FanDuel,2025-11-26 17:51:22.915776+00:00,118.0,-142.0,2.5,136.5,2025-11-26 21:30:08+00:00,Tulsa Golden Hurricane,Northern Iowa Panthers
80f6ab325f6b30b96b5c4b2d764c4a1d,Bovada,2025-11-26 17:51:22.915776+00:00,110.0,-130.0,1.5,136.5,2025-11-26 21:30:08+00:00,Tulsa Golden Hurricane,Northern Iowa Panthers
80f6ab325f6b30b96b5c4b2d764c4a1d,LowVig.ag,2025-11-26 17:51:22.915776+00:00,110.0,-130.0,2.0,136.5,2025-11-26 21:30:08+00:00,Tulsa Golden Hurricane,Northern Iowa Panthers
80f6ab325f6b30b96b5c4b2d764c4a1d,BetUS,2025-11-26 17:51:22.915776+00:00,110.0,-130.0,2.0,136.5,2025-11-26 21:30:08+00:00,Tulsa Golden Hurricane,Northern Iowa Panthers
80f6ab325f6b30b96b5c4b2d764c4a1d,BetOnline.ag,2025-11-26 17:51:22.915776+00:00,110.0,-130.0,2.0,136.5,2025-11-26 21:30:08+00:00,Tulsa Golden Hurricane,Northern Iowa Panthers
80f6ab325f6b30b96b5c4b2d764c4a1d,BetRivers,2025-11-26 17:51:22.915776+00:00,100.0,-122.0,1.5,136.5,2025-11-26 21:30:08+00:00,Tulsa Golden Hurricane,Northern Iowa Panthers
80f6ab325f6b30b96b5c4b2d764c4a1d,Fanatics,2025-11-26 17:51:22.915776+00:00,105.0,-125.0,2.0,136.5,2025-11-26 21:30:08+00:00,Tulsa Golden Hurricane,Northern Iowa Panthers
80f6ab325f6b30b96b5c4b2d764c4a1d,BetMGM,2025-11-26 17:51:22.915776+00:00,110.0,-135.0,2.5,136.5,2025-11-26 21:30:08+00:00,Tulsa Golden Hurricane,Northern Iowa Panthers
80f6ab325f6b30b96b5c4b2d764c4a1d,Caesars,2025-11-26 17:51:22.915776+00:00,110.0,-130.0,2.0,136.5,2025-11-26 21:30:08+00:00,Tulsa Golden Hurricane,Northern Iowa Panthers
80f6ab325f6b30b96b5c4b2d764c4a1d,DraftKings,2025-11-26 17:51:22.915776+00:00,110.0,-130.0,1.5,136.5,2025-11-26 21:30:08+00:00,Tulsa Golden Hurricane,Northern Iowa Panthers
518273ed685ae877e8ef8dfc597968c0,DraftKings,2025-11-26 17:51:22.915776+00:00,-250.0,205.0,-5.5,154.5,2025-11-26 22:00:00+00:00,Virginia Tech Hokies,Colorado St Rams
518273ed685ae877e8ef8dfc597968c0,BetOnline.ag,2025-11-26 17:51:22.915776+00:00,-225.0,189.0,-5.0,154.5,2025-11-26 22:00:00+00:00,Virginia Tech Hokies,Colorado St Rams
518273ed685ae877e8ef8dfc597968c0,LowVig.ag,2025-11-26 17:51:22.915776+00:00,-225.0,189.0,-5.0,154.5,2025-11-26 22:00:00+00:00,Virginia Tech Hokies,Colorado St Rams
518273ed685ae877e8ef8dfc597968c0,FanDuel,2025-11-26 17:51:22.915776+00:00,-250.0,202.0,-4.5,155.5,2025-11-26 22:00:00+00:00,Virginia Tech Hokies,Colorado St Rams
518273ed685ae877e8ef8dfc597968c0,Bovada,2025-11-26 17:51:22.915776+00:00,-225.0,185.0,-5.0,154.0,2025-11-26 22:00:00+00:00,Virginia Tech Hokies,Colorado St Rams
518273ed685ae877e8ef8dfc597968c0,BetRivers,2025-11-26 17:51:22.915776+00:00,-240.0,180.0,-5.0,155.0,2025-11-26 22:00:00+00:00,Virginia Tech Hokies,Colorado St Rams
518273ed685ae877e8ef8dfc597968c0,BetUS,2025-11-26 17:51:22.915776+00:00,-235.0,200.0,-5.0,154.5,2025-11-26 22:00:00+00:00,Virginia Tech Hokies,Colorado St Rams
518273ed685ae877e8ef8dfc597968c0,BetMGM,2025-11-26 17:51:22.915776+00:00,-225.0,185.0,-5.5,154.5,2025-11-26 22:00:00+00:00,Virginia Tech Hokies,Colorado St Rams
518273ed685ae877e8ef8dfc597968c0,Caesars,2025-11-26 17:51:22.915776+00:00,-225.0,185.0,-5.0,154.5,2025-11-26 22:00:00+00:00,Virginia Tech Hokies,Colorado St Rams
518273ed685ae877e8ef8dfc597968c0,Fanatics,2025-11-26 17:51:22.915776+00:00,-240.0,190.0,-5.5,154.0,2025-11-26 22:00:00+00:00,Virginia Tech Hokies,Colorado St Rams
8a31f0bd2ae1ab230bd81eba5609ed4e,DraftKings,2025-11-26 17:51:22.915776+00:00,-205.0,170.0,-4.5,144.5,2025-11-26 22:00:00+00:00,Manhattan Jaspers,Wagner Seahawks
8a31f0bd2ae1ab230bd81eba5609ed4e,LowVig.ag,2025-11-26 17:51:22.915776+00:00,,,-4.0,144.0,2025-11-26 22:00:00+00:00,Manhattan Jaspers,Wagner Seahawks
8a31f0bd2ae1ab230bd81eba5609ed4e,BetOnline.ag,2025-11-26 17:51:22.915776+00:00,,,-4.0,144.0,2025-11-26 22:00:00+00:00,Manhattan Jaspers,Wagner Seahawks
8a31f0bd2ae1ab230bd81eba5609ed4e,Fanatics,2025-11-26 17:51:22.915776+00:00,-190.0,160.0,-4.0,145.0,2025-11-26 22:00:00+00:00,Manhattan Jaspers,Wagner Seahawks
8a31f0bd2ae1ab230bd81eba5609ed4e,BetRivers,2025-11-26 17:51:22.915776+00:00,-195.0,145.0,-4.0,144.0,2025-11-26 22:00:00+00:00,Manhattan Jaspers,Wagner Seahawks
8a31f0bd2ae1ab230bd81eba5609ed4e,FanDuel,2025-11-26 17:51:22.915776+00:00,-210.0,168.0,-4.5,144.5,2025-11-26 22:00:00+00:00,Manhattan Jaspers,Wagner Seahawks
8a31f0bd2ae1ab230bd81eba5609ed4e,Bovada,2025-11-26 17:51:22.915776+00:00,-195.0,165.0,-4.0,145.0,2025-11-26 22:00:00+00:00,Manhattan Jaspers,Wagner Seahawks
8a31f0bd2ae1ab230bd81eba5609ed4e,BetMGM,2025-11-26 17:51:22.915776+00:00,-200.0,165.0,-4.5,144.5,2025-11-26 22:00:00+00:00,Manhattan Jaspers,Wagner Seahawks
8a31f0bd2ae1ab230bd81eba5609ed4e,Caesars,2025-11-26 17:51:22.915776+00:00,-195.0,162.0,-4.5,144.5,2025-11-26 22:00:00+00:00,Manhattan Jaspers,Wagner Seahawks
ef05071689d00ecf2d94511f44e069d4,FanDuel,2025-11-26 17:51:22.915776+00:00,210.0,-260.0,5.5,141.5,2025-11-26 22:00:00+00:00,Princeton Tigers,Vermont Catamounts
ef05071689d00ecf2d94511f44e069d4,LowVig.ag,2025-11-26 17:51:22.915776+00:00,219.0,-265.0,5.5,142.0,2025-11-26 22:00:00+00:00,Princeton Tigers,Vermont Catamounts
ef05071689d00ecf2d94511f44e069d4,BetMGM,2025-11-26 17:51:22.915776+00:00,200.0,-250.0,5.5,141.5,2025-11-26 22:00:00+00:00,Princeton Tigers,Vermont Catamounts
ef05071689d00ecf2d94511f44e069d4,Bovada,2025-11-26 17:51:22.915776+00:00,205.0,-245.0,5.5,142.0,2025-11-26 22:00:00+00:00,Princeton Tigers,Vermont Catamounts
ef05071689d00ecf2d94511f44e069d4,BetOnline.ag,2025-11-26 17:51:22.915776+00:00,219.0,-265.0,6.0,142.0,2025-11-26 22:00:00+00:00,Princeton Tigers,Vermont Catamounts
ef05071689d00ecf2d94511f44e069d4,Fanatics,2025-11-26 17:51:22.915776+00:00,200.0,-250.0,5.5,142.0,2025-11-26 22:00:00+00:00,Princeton Tigers,Vermont Catamounts
ef05071689d00ecf2d94511f44e069d4,BetUS,2025-11-26 17:51:22.915776+00:00,210.0,-250.0,6.0,141.5,2025-11-26 22:00:00+00:00,Princeton Tigers,Vermont Catamounts
ef05071689d00ecf2d94511f44e069d4,BetRivers,2025-11-26 17:51:22.915776+00:00,180.0,-235.0,5.5,142.0,2025-11-26 22:00:00+00:00,Princeton Tigers,Vermont Catamounts
ef05071689d00ecf2d94511f44e069d4,Caesars,2025-11-26 17:51:22.915776+00:00,210.0,-260.0,5.5,141.5,2025-11-26 22:00:00+00:00,Princeton Tigers,Vermont Catamounts
ef05071689d00ecf2d94511f44e069d4,DraftKings,2025-11-26 17:51:22.915776+00:00,200.0,-245.0,5.5,141.5,2025-11-26 22:00:00+00:00,Princeton Tigers,Vermont Catamounts
1aa4ba78cb61d4c59dae242c688ac3da,DraftKings,2025-11-26 17:51:22.915776+00:00,370.0,-485.0,9.5,148.5,2025-11-26 22:30:00+00:00,Washington St Cougars,Seton Hall Pirates
1aa4ba78cb61d4c59dae242c688ac3da,LowVig.ag,2025-11-26 17:51:22.915776+00:00,383.0,-500.0,9.5,150.5,2025-11-26 22:30:00+00:00,Washington St Cougars,Seton Hall Pirates
1aa4ba78cb61d4c59dae242c688ac3da,BetOnline.ag,2025-11-26 17:51:22.915776+00:00,383.0,-500.0,9.5,150.5,2025-11-26 22:30:00+00:00,Washington St Cougars,Seton Hall Pirates
1aa4ba78cb61d4c59dae242c688ac3da,Fanatics,2025-11-26 17:51:22.915776+00:00,375.0,-500.0,9.5,149.0,2025-11-26 22:30:00+00:00,Washington St Cougars,Seton Hall Pirates
1aa4ba78cb61d4c59dae242c688ac3da,BetRivers,2025-11-26 17:51:22.915776+00:00,310.0,-455.0,9.5,148.5,2025-11-26 22:30:00+00:00,Washington St Cougars,Seton Hall Pirates
1aa4ba78cb61d4c59dae242c688ac3da,BetUS,2025-11-26 17:51:22.915776+00:00,390.0,-500.0,9.5,149.5,2025-11-26 22:30:00+00:00,Washington St Cougars,Seton Hall Pirates
1aa4ba78cb61d4c59dae242c688ac3da,BetMGM,2025-11-26 17:51:22.915776+00:00,375.0,-500.0,9.5,149.5,2025-11-26 22:30:00+00:00,Washington St Cougars,Seton Hall Pirates
1aa4ba78cb61d4c59dae242c688ac3da,FanDuel,2025-11-26 17:51:22.915776+00:00,400.0,-550.0,9.5,149.5,2025-11-26 22:30:00+00:00,Washington St Cougars,Seton Hall Pirates
1aa4ba78cb61d4c59dae242c688ac3da,Bovada,2025-11-26 17:51:22.915776+00:00,370.0,-510.0,9.5,149.0,2025-11-26 22:30:00+00:00,Washington St Cougars,Seton Hall Pirates
1aa4ba78cb61d4c59dae242c688ac3da,Caesars,2025-11-26 17:51:22.915776+00:00,360.0,-480.0,8.5,148.0,2025-11-26 22:30:00+00:00,Washington St Cougars,Seton Hall Pirates
a2fb201b5eaec9cbfd14fa186755cb66,DraftKings,2025-11-26 17:51:22.915776+00:00,160.0,-192.0,4.5,144.5,2025-11-26 23:00:00+00:00,Air Force Falcons,N Colorado Bears
a2fb201b5eaec9cbfd14fa186755cb66,LowVig.ag,2025-11-26 17:51:22.915776+00:00,165.0,-190.0,4.5,144.5,2025-11-26 23:00:00+00:00,Air Force Falcons,N Colorado Bears
a2fb201b5eaec9cbfd14fa186755cb66,BetOnline.ag,2025-11-26 17:51:22.915776+00:00,170.0,-195.0,4.5,144.5,2025-11-26 23:00:00+00:00,Air Force Falcons,N Colorado Bears
a2fb201b5eaec9cbfd14fa186755cb66,FanDuel,2025-11-26 17:51:22.915776+00:00,168.0,-205.0,4.5,145.5,2025-11-26 23:00:00+00:00,Air Force Falcons,N Colorado Bears
a2fb201b5eaec9cbfd14fa186755cb66,Fanatics,2025-11-26 17:51:22.915776+00:00,165.0,-200.0,4.5,145.0,2025-11-26 23:00:00+00:00,Air Force Falcons,N Colorado Bears
a2fb201b5eaec9cbfd14fa186755cb66,Bovada,2025-11-26 17:51:22.915776+00:00,175.0,-210.0,5.0,145.0,2025-11-26 23:00:00+00:00,Air Force Falcons,N Colorado Bears
a2fb201b5eaec9cbfd14fa186755cb66,BetRivers,2025-11-26 17:51:22.915776+00:00,170.0,-215.0,4.5,144.5,2025-11-26 23:00:00+00:00,Air Force Falcons,N Colorado Bears
a2fb201b5eaec9cbfd14fa186755cb66,BetUS,2025-11-26 17:51:22.915776+00:00,163.0,-190.0,5.0,144.5,2025-11-26 23:00:00+00:00,Air Force Falcons,N Colorado Bears
a2fb201b5eaec9cbfd14fa186755cb66,BetMGM,2025-11-26 17:51:22.915776+00:00,165.0,-200.0,4.5,144.5,2025-11-26 23:00:00+00:00,Air Force Falcons,N Colorado Bears
a2fb201b5eaec9cbfd14fa186755cb66,Caesars,2025-11-26 17:51:22.915776+00:00,170.0,-205.0,4.5,144.5,2025-11-26 23:00:00+00:00,Air Force Falcons,N Colorado Bears
887d3b26c1df453a9f8f455f474d3b58,FanDuel,2025-11-26 17:51:22.915776+00:00,-330.0,260.0,-6.5,149.5,2025-11-26 23:00:00+00:00,Utah Valley Wolverines,Samford Bulldogs
887d3b26c1df453a9f8f455f474d3b58,BetMGM,2025-11-26 17:51:22.915776+00:00,-300.0,240.0,-7.5,149.5,2025-11-26 23:00:00+00:00,Utah Valley Wolverines,Samford Bulldogs
887d3b26c1df453a9f8f455f474d3b58,LowVig.ag,2025-11-26 17:51:22.915776+00:00,-325.0,263.0,-7.0,149.5,2025-11-26 23:00:00+00:00,Utah Valley Wolverines,Samford Bulldogs
887d3b26c1df453a9f8f455f474d3b58,BetOnline.ag,2025-11-26 17:51:22.915776+00:00,-325.0,263.0,-7.0,149.5,2025-11-26 23:00:00+00:00,Utah Valley Wolverines,Samford Bulldogs
887d3b26c1df453a9f8f455f474d3b58,Bovada,2025-11-26 17:51:22.915776+00:00,-310.0,255.0,-7.0,149.5,2025-11-26 23:00:00+00:00,Utah Valley Wolverines,Samford Bulldogs
887d3b26c1df453a9f8f455f474d3b58,BetUS,2025-11-26 17:51:22.915776+00:00,-310.0,255.0,-7.0,149.5,2025-11-26 23:00:00+00:00,Utah Valley Wolverines,Samford Bulldogs
887d3b26c1df453a9f8f455f474d3b58,Caesars,2025-11-26 17:51:22.915776+00:00,-320.0,250.0,-7.0,149.5,2025-11-26 23:00:00+00:00,Utah Valley Wolverines,Samford Bulldogs
887d3b26c1df453a9f8f455f474d3b58,BetRivers,2025-11-26 17:51:22.915776+00:00,-295.0,225.0,-7.0,149.5,2025-11-26 23:00:00+00:00,Utah Valley Wolverines,Samford Bulldogs
887d3b26c1df453a9f8f455f474d3b58,DraftKings,2025-11-26 17:51:22.915776+00:00,-305.0,245.0,-6.5,149.5,2025-11-26 23:00:00+00:00,Utah Valley Wolverines,Samford Bulldogs
887d3b26c1df453a9f8f455f474d3b58,Fanatics,2025-11-26 17:51:22.915776+00:00,-300.0,240.0,-7.0,149.5,2025-11-26 23:00:00+00:00,Utah Valley Wolverines,Samford Bulldogs
1a91bdd315cd67a0d163f09bb24ae0ae,DraftKings,2025-11-26 17:51:22.915776+00:00,124.0,-148.0,2.5,142.5,2025-11-26 23:30:00+00:00,Idaho State Bengals,Sam Houston St Bearkats
1a91bdd315cd67a0d163f09bb24ae0ae,LowVig.ag,2025-11-26 17:51:22.915776+00:00,120.0,-140.0,2.5,141.5,2025-11-26 23:30:00+00:00,Idaho State Bengals,Sam Houston St Bearkats
1a91bdd315cd67a0d163f09bb24ae0ae,BetOnline.ag,2025-11-26 17:51:22.915776+00:00,120.0,-140.0,2.5,141.5,2025-11-26 23:30:00+00:00,Idaho State Bengals,Sam Houston St Bearkats
1a91bdd315cd67a0d163f09bb24ae0ae,Fanatics,2025-11-26 17:51:22.915776+00:00,120.0,-145.0,2.5,142.5,2025-11-26 23:30:00+00:00,Idaho State Bengals,Sam Houston St Bearkats
1a91bdd315cd67a0d163f09bb24ae0ae,Bovada,2025-11-26 17:51:22.915776+00:00,120.0,-140.0,2.5,142.5,2025-11-26 23:30:00+00:00,Idaho State Bengals,Sam Houston St Bearkats
1a91bdd315cd67a0d163f09bb24ae0ae,BetRivers,2025-11-26 17:51:22.915776+00:00,123.0,-152.0,2.5,142.5,2025-11-26 23:30:00+00:00,Idaho State Bengals,Sam Houston St Bearkats
1a91bdd315cd67a0d163f09bb24ae0ae,BetUS,2025-11-26 17:51:22.915776+00:00,120.0,-140.0,2.5,141.5,2025-11-26 23:30:00+00:00,Idaho State Bengals,Sam Houston St Bearkats
1a91bdd315cd67a0d163f09bb24ae0ae,BetMGM,2025-11-26 17:51:22.915776+00:00,118.0,-145.0,2.5,141.5,2025-11-26 23:30:00+00:00,Idaho State Bengals,Sam Houston St Bearkats
1a91bdd315cd67a0d163f09bb24ae0ae,Caesars,2025-11-26 17:51:22.915776+00:00,118.0,-140.0,2.0,142.0,2025-11-26 23:30:00+00:00,Idaho State Bengals,Sam Houston St Bearkats
1a91bdd315cd67a0d163f09bb24ae0ae,FanDuel,2025-11-26 17:51:22.915776+00:00,126.0,-154.0,2.5,142.5,2025-11-26 23:30:00+00:00,Idaho State Bengals,Sam Houston St Bearkats
