game_id,book,fetched_at,moneyline_home,moneyline_away,spread,total,commence_time,home_team_name,away_team_name
727d266b5023243b5473f4adb6171172,BetOnline.ag,2026-03-01 16:36:35.613415+00:00,-825.0,574.0,-11.5,133.0,2026-03-01 17:00:00+00:00,Davidson Wildcats,La Salle Explorers
727d266b5023243b5473f4adb6171172,LowVig.ag,2026-03-01 16:36:35.613415+00:00,-825.0,574.0,-11.5,133.0,2026-03-01 17:00:00+00:00,Davidson Wildcats,La Salle Explorers
727d266b5023243b5473f4adb6171172,DraftKings,2026-03-01 16:36:35.613415+00:00,-800.0,550.0,-11.5,133.5,2026-03-01 17:00:00+00:00,Davidson Wildcats,La Salle Explorers
727d266b5023243b5473f4adb6171172,Caesars,2026-03-01 16:36:35.613415+00:00,-900.0,600.0,-11.5,133.0,2026-03-01 17:00:00+00:00,Davidson Wildcats,La Salle Explorers
727d266b5023243b5473f4adb6171172,BetMGM,2026-03-01 16:36:35.613415+00:00,-750.0,525.0,-11.5,133.5,2026-03-01 17:00:00+00:00,Davidson Wildcats,La Salle Explorers
727d266b5023243b5473f4adb6171172,BetRivers,2026-03-01 16:36:35.613415+00:00,-910.0,550.0,-11.5,133.5,2026-03-01 17:00:00+00:00,Davidson Wildcats,La Salle Explorers
727d266b5023243b5473f4adb6171172,BetUS,2026-03-01 16:36:35.613415+00:00,-825.0,565.0,-11.0,133.5,2026-03-01 17:00:00+00:00,Davidson Wildcats,La Salle Explorers
727d266b5023243b5473f4adb6171172,Bovada,2026-03-01 16:36:35.613415+00:00,-700.0,475.0,-11.0,133.5,2026-03-01 17:00:00+00:00,Davidson Wildcats,La Salle Explorers
727d266b5023243b5473f4adb6171172,FanDuel,2026-03-01 16:36:35.613415+00:00,-800.0,540.0,-11.5,133.5,2026-03-01 17:00:00+00:00,Davidson Wildcats,La Salle Explorers
727d266b5023243b5473f4adb6171172,Fanatics,2026-03-01 16:36:35.613415+00:00,-750.0,500.0,-11.0,133.5,2026-03-01 17:00:00+00:00,Davidson Wildcats,La Salle Explorers
7ee8cab6db50bfa0f97ac6fb9ca42508,BetOnline.ag,2026-03-01 16:36:35.613415+00:00,-225.0,189.0,-4.5,143.0,2026-03-01 17:00:00+00:00,Maryland Terrapins,Rutgers Scarlet Knights
7ee8cab6db50bfa0f97ac6fb9ca42508,LowVig.ag,2026-03-01 16:36:35.613415+00:00,-225.0,189.0,-5.0,143.0,2026-03-01 17:00:00+00:00,Maryland Terrapins,Rutgers Scarlet Knights
7ee8cab6db50bfa0f97ac6fb9ca42508,DraftKings,2026-03-01 16:36:35.613415+00:00,-238.0,195.0,-5.5,143.5,2026-03-01 17:00:00+00:00,Maryland Terrapins,Rutgers Scarlet Knights
7ee8cab6db50bfa0f97ac6fb9ca42508,Caesars,2026-03-01 16:36:35.613415+00:00,-225.0,185.0,-5.0,143.0,2026-03-01 17:00:00+00:00,Maryland Terrapins,Rutgers Scarlet Knights
7ee8cab6db50bfa0f97ac6fb9ca42508,FanDuel,2026-03-01 16:36:35.613415+00:00,-255.0,205.0,-4.5,142.5,2026-03-01 17:00:00+00:00,Maryland Terrapins,Rutgers Scarlet Knights
7ee8cab6db50bfa0f97ac6fb9ca42508,BetMGM,2026-03-01 16:36:35.613415+00:00,-225.0,185.0,-5.5,143.5,2026-03-01 17:00:00+00:00,Maryland Terrapins,Rutgers Scarlet Knights
7ee8cab6db50bfa0f97ac6fb9ca42508,BetRivers,2026-03-01 16:36:35.613415+00:00,-250.0,195.0,-5.5,142.5,2026-03-01 17:00:00+00:00,Maryland Terrapins,Rutgers Scarlet Knights
7ee8cab6db50bfa0f97ac6fb9ca42508,BetUS,2026-03-01 16:36:35.613415+00:00,-225.0,190.0,-5.0,143.0,2026-03-01 17:00:00+00:00,Maryland Terrapins,Rutgers Scarlet Knights
7ee8cab6db50bfa0f97ac6fb9ca42508,Bovada,2026-03-01 16:36:35.613415+00:00,-235.0,195.0,-5.5,143.0,2026-03-01 17:00:00+00:00,Maryland Terrapins,Rutgers Scarlet Knights
7ee8cab6db50bfa0f97ac6fb9ca42508,Fanatics,2026-03-01 16:36:35.613415+00:00,-210.0,175.0,-5.0,,2026-03-01 17:00:00+00:00,Maryland Terrapins,Rutgers Scarlet Knights
c3dc0cb74d79c8a1cbbdee09b68bc06e,BetOnline.ag,2026-03-01 16:36:35.613415+00:00,-210.0,180.0,-4.5,142.0,2026-03-01 17:00:00+00:00,UAB Blazers,North Texas Mean Green
c3dc0cb74d79c8a1cbbdee09b68bc06e,LowVig.ag,2026-03-01 16:36:35.613415+00:00,-210.0,180.0,-4.5,142.0,2026-03-01 17:00:00+00:00,UAB Blazers,North Texas Mean Green
c3dc0cb74d79c8a1cbbdee09b68bc06e,BetMGM,2026-03-01 16:36:35.613415+00:00,-210.0,170.0,-4.5,142.5,2026-03-01 17:00:00+00:00,UAB Blazers,North Texas Mean Green
c3dc0cb74d79c8a1cbbdee09b68bc06e,BetUS,2026-03-01 16:36:35.613415+00:00,-210.0,180.0,-4.5,142.5,2026-03-01 17:00:00+00:00,UAB Blazers,North Texas Mean Green
c3dc0cb74d79c8a1cbbdee09b68bc06e,Bovada,2026-03-01 16:36:35.613415+00:00,-200.0,170.0,-4.5,142.0,2026-03-01 17:00:00+00:00,UAB Blazers,North Texas Mean Green
c3dc0cb74d79c8a1cbbdee09b68bc06e,BetRivers,2026-03-01 16:36:35.613415+00:00,-210.0,163.0,-4.5,142.5,2026-03-01 17:00:00+00:00,UAB Blazers,North Texas Mean Green
c3dc0cb74d79c8a1cbbdee09b68bc06e,FanDuel,2026-03-01 16:36:35.613415+00:00,-230.0,188.0,-4.5,142.5,2026-03-01 17:00:00+00:00,UAB Blazers,North Texas Mean Green
c3dc0cb74d79c8a1cbbdee09b68bc06e,Caesars,2026-03-01 16:36:35.613415+00:00,-225.0,185.0,-4.5,142.5,2026-03-01 17:00:00+00:00,UAB Blazers,North Texas Mean Green
c3dc0cb74d79c8a1cbbdee09b68bc06e,Fanatics,2026-03-01 16:36:35.613415+00:00,-210.0,175.0,,142.5,2026-03-01 17:00:00+00:00,UAB Blazers,North Texas Mean Green
c3dc0cb74d79c8a1cbbdee09b68bc06e,DraftKings,2026-03-01 16:36:35.613415+00:00,-205.0,170.0,-4.5,142.5,2026-03-01 17:00:00+00:00,UAB Blazers,North Texas Mean Green
5997c08b8bc9bda09d34110008196f3d,BetOnline.ag,2026-03-01 16:36:35.613415+00:00,-1500.0,874.0,-16.0,155.5,2026-03-01 17:00:00+00:00,South Florida Bulls,Tulane Green Wave
5997c08b8bc9bda09d34110008196f3d,LowVig.ag,2026-03-01 16:36:35.613415+00:00,-1500.0,874.0,-16.0,155.5,2026-03-01 17:00:00+00:00,South Florida Bulls,Tulane Green Wave
5997c08b8bc9bda09d34110008196f3d,DraftKings,2026-03-01 16:36:35.613415+00:00,-1450.0,850.0,-15.5,155.5,2026-03-01 17:00:00+00:00,South Florida Bulls,Tulane Green Wave
5997c08b8bc9bda09d34110008196f3d,Caesars,2026-03-01 16:36:35.613415+00:00,-1600.0,900.0,-15.5,155.5,2026-03-01 17:00:00+00:00,South Florida Bulls,Tulane Green Wave
5997c08b8bc9bda09d34110008196f3d,BetMGM,2026-03-01 16:36:35.613415+00:00,-1600.0,850.0,-15.5,155.5,2026-03-01 17:00:00+00:00,South Florida Bulls,Tulane Green Wave
5997c08b8bc9bda09d34110008196f3d,BetRivers,2026-03-01 16:36:35.613415+00:00,-2000.0,800.0,-15.5,155.5,2026-03-01 17:00:00+00:00,South Florida Bulls,Tulane Green Wave
5997c08b8bc9bda09d34110008196f3d,BetUS,2026-03-01 16:36:35.613415+00:00,-1500.0,850.0,-15.5,155.5,2026-03-01 17:00:00+00:00,South Florida Bulls,Tulane Green Wave
5997c08b8bc9bda09d34110008196f3d,Bovada,2026-03-01 16:36:35.613415+00:00,-1900.0,900.0,-15.5,155.0,2026-03-01 17:00:00+00:00,South Florida Bulls,Tulane Green Wave
5997c08b8bc9bda09d34110008196f3d,FanDuel,2026-03-01 16:36:35.613415+00:00,-2000.0,980.0,-15.5,155.5,2026-03-01 17:00:00+00:00,South Florida Bulls,Tulane Green Wave
5997c08b8bc9bda09d34110008196f3d,Fanatics,2026-03-01 16:36:35.613415+00:00,-1600.0,900.0,-15.5,155.0,2026-03-01 17:00:00+00:00,South Florida Bulls,Tulane Green Wave
069de5e9ea7f11e2b6dde84fec234c26,BetOnline.ag,2026-03-01 16:36:35.613415+00:00,289.0,-360.0,8.0,137.0,2026-03-01 18:00:00+00:00,Canisius Golden Griffins,Quinnipiac Bobcats
069de5e9ea7f11e2b6dde84fec234c26,LowVig.ag,2026-03-01 16:36:35.613415+00:00,289.0,-360.0,8.0,137.0,2026-03-01 18:00:00+00:00,Canisius Golden Griffins,Quinnipiac Bobcats
069de5e9ea7f11e2b6dde84fec234c26,Caesars,2026-03-01 16:36:35.613415+00:00,278.0,-355.0,7.5,137.0,2026-03-01 18:00:00+00:00,Canisius Golden Griffins,Quinnipiac Bobcats
069de5e9ea7f11e2b6dde84fec234c26,BetMGM,2026-03-01 16:36:35.613415+00:00,275.0,-350.0,7.5,136.5,2026-03-01 18:00:00+00:00,Canisius Golden Griffins,Quinnipiac Bobcats
069de5e9ea7f11e2b6dde84fec234c26,BetUS,2026-03-01 16:36:35.613415+00:00,290.0,-360.0,7.5,137.0,2026-03-01 18:00:00+00:00,Canisius Golden Griffins,Quinnipiac Bobcats
069de5e9ea7f11e2b6dde84fec234c26,Bovada,2026-03-01 16:36:35.613415+00:00,285.0,-370.0,7.5,137.5,2026-03-01 18:00:00+00:00,Canisius Golden Griffins,Quinnipiac Bobcats
069de5e9ea7f11e2b6dde84fec234c26,FanDuel,2026-03-01 16:36:35.613415+00:00,290.0,-385.0,7.5,138.5,2026-03-01 18:00:00+00:00,Canisius Golden Griffins,Quinnipiac Bobcats
069de5e9ea7f11e2b6dde84fec234c26,BetRivers,2026-03-01 16:36:35.613415+00:00,270.0,-375.0,7.5,138.5,2026-03-01 18:00:00+00:00,Canisius Golden Griffins,Quinnipiac Bobcats
069de5e9ea7f11e2b6dde84fec234c26,Fanatics,2026-03-01 16:36:35.613415+00:00,280.0,-350.0,8.0,138.0,2026-03-01 18:00:00+00:00,Canisius Golden Griffins,Quinnipiac Bobcats
122cf6a631bbeb6dff238312f0939b5d,BetOnline.ag,2026-03-01 16:36:35.613415+00:00,161.0,-185.0,4.0,143.5,2026-03-01 18:00:00+00:00,Indiana St Sycamores,UIC Flames
122cf6a631bbeb6dff238312f0939b5d,LowVig.ag,2026-03-01 16:36:35.613415+00:00,161.0,-185.0,4.0,143.5,2026-03-01 18:00:00+00:00,Indiana St Sycamores,UIC Flames
122cf6a631bbeb6dff238312f0939b5d,DraftKings,2026-03-01 16:36:35.613415+00:00,154.0,-185.0,3.5,143.5,2026-03-01 18:00:00+00:00,Indiana St Sycamores,UIC Flames
122cf6a631bbeb6dff238312f0939b5d,BetMGM,2026-03-01 16:36:35.613415+00:00,155.0,-190.0,3.5,143.5,2026-03-01 18:00:00+00:00,Indiana St Sycamores,UIC Flames
122cf6a631bbeb6dff238312f0939b5d,BetUS,2026-03-01 16:36:35.613415+00:00,159.0,-185.0,4.0,143.5,2026-03-01 18:00:00+00:00,Indiana St Sycamores,UIC Flames
122cf6a631bbeb6dff238312f0939b5d,Bovada,2026-03-01 16:36:35.613415+00:00,155.0,-180.0,4.0,144.0,2026-03-01 18:00:00+00:00,Indiana St Sycamores,UIC Flames
122cf6a631bbeb6dff238312f0939b5d,FanDuel,2026-03-01 16:36:35.613415+00:00,160.0,-194.0,3.5,143.5,2026-03-01 18:00:00+00:00,Indiana St Sycamores,UIC Flames
122cf6a631bbeb6dff238312f0939b5d,BetRivers,2026-03-01 16:36:35.613415+00:00,150.0,-190.0,3.5,143.5,2026-03-01 18:00:00+00:00,Indiana St Sycamores,UIC Flames
122cf6a631bbeb6dff238312f0939b5d,Fanatics,2026-03-01 16:36:35.613415+00:00,150.0,-180.0,4.0,144.0,2026-03-01 18:00:00+00:00,Indiana St Sycamores,UIC Flames
8b33c975c44f4ea2985e67ce72cfa3c6,BetOnline.ag,2026-03-01 16:36:35.613415+00:00,211.0,-255.0,5.5,150.0,2026-03-01 18:30:00+00:00,Ohio State Buckeyes,Purdue Boilermakers
8b33c975c44f4ea2985e67ce72cfa3c6,LowVig.ag,2026-03-01 16:36:35.613415+00:00,211.0,-255.0,5.5,150.0,2026-03-01 18:30:00+00:00,Ohio State Buckeyes,Purdue Boilermakers
8b33c975c44f4ea2985e67ce72cfa3c6,DraftKings,2026-03-01 16:36:35.613415+00:00,210.0,-258.0,5.5,150.5,2026-03-01 18:30:00+00:00,Ohio State Buckeyes,Purdue Boilermakers
8b33c975c44f4ea2985e67ce72cfa3c6,Caesars,2026-03-01 16:36:35.613415+00:00,210.0,-260.0,5.5,149.5,2026-03-01 18:30:00+00:00,Ohio State Buckeyes,Purdue Boilermakers
8b33c975c44f4ea2985e67ce72cfa3c6,FanDuel,2026-03-01 16:36:35.613415+00:00,225.0,-280.0,5.5,149.5,2026-03-01 18:30:00+00:00,Ohio State Buckeyes,Purdue Boilermakers
8b33c975c44f4ea2985e67ce72cfa3c6,BetMGM,2026-03-01 16:36:35.613415+00:00,200.0,-250.0,,150.5,2026-03-01 18:30:00+00:00,Ohio State Buckeyes,Purdue Boilermakers
8b33c975c44f4ea2985e67ce72cfa3c6,BetUS,2026-03-01 16:36:35.613415+00:00,215.0,-255.0,5.5,150.0,2026-03-01 18:30:00+00:00,Ohio State Buckeyes,Purdue Boilermakers
8b33c975c44f4ea2985e67ce72cfa3c6,Bovada,2026-03-01 16:36:35.613415+00:00,215.0,-260.0,6.0,149.5,2026-03-01 18:30:00+00:00,Ohio State Buckeyes,Purdue Boilermakers
8b33c975c44f4ea2985e67ce72cfa3c6,BetRivers,2026-03-01 16:36:35.613415+00:00,205.0,-265.0,6.5,150.5,2026-03-01 18:30:00+00:00,Ohio State Buckeyes,Purdue Boilermakers
8b33c975c44f4ea2985e67ce72cfa3c6,Fanatics,2026-03-01 16:36:35.613415+00:00,210.0,-260.0,6.0,149.5,2026-03-01 18:30:00+00:00,Ohio State Buckeyes,Purdue Boilermakers
048fc4fcf5a6d5f315c0313ea752c931,BetOnline.ag,2026-03-01 16:36:35.613415+00:00,-175.0,153.0,-3.5,158.5,2026-03-01 19:00:00+00:00,Bradley Braves,Murray St Racers
048fc4fcf5a6d5f315c0313ea752c931,LowVig.ag,2026-03-01 16:36:35.613415+00:00,-175.0,153.0,-3.5,158.5,2026-03-01 19:00:00+00:00,Bradley Braves,Murray St Racers
048fc4fcf5a6d5f315c0313ea752c931,DraftKings,2026-03-01 16:36:35.613415+00:00,-185.0,154.0,-4.5,158.5,2026-03-01 19:00:00+00:00,Bradley Braves,Murray St Racers
048fc4fcf5a6d5f315c0313ea752c931,BetMGM,2026-03-01 16:36:35.613415+00:00,-185.0,150.0,-3.5,158.5,2026-03-01 19:00:00+00:00,Bradley Braves,Murray St Racers
048fc4fcf5a6d5f315c0313ea752c931,BetUS,2026-03-01 16:36:35.613415+00:00,-175.0,150.0,-4.0,158.5,2026-03-01 19:00:00+00:00,Bradley Braves,Murray St Racers
048fc4fcf5a6d5f315c0313ea752c931,Bovada,2026-03-01 16:36:35.613415+00:00,-175.0,150.0,-4.0,159.0,2026-03-01 19:00:00+00:00,Bradley Braves,Murray St Racers
048fc4fcf5a6d5f315c0313ea752c931,FanDuel,2026-03-01 16:36:35.613415+00:00,-200.0,164.0,-4.5,157.5,2026-03-01 19:00:00+00:00,Bradley Braves,Murray St Racers
048fc4fcf5a6d5f315c0313ea752c931,BetRivers,2026-03-01 16:36:35.613415+00:00,-180.0,143.0,-4.5,157.5,2026-03-01 19:00:00+00:00,Bradley Braves,Murray St Racers
048fc4fcf5a6d5f315c0313ea752c931,Fanatics,2026-03-01 16:36:35.613415+00:00,-180.0,150.0,-4.0,158.5,2026-03-01 19:00:00+00:00,Bradley Braves,Murray St Racers
618fb552dd512ab869c74edc002a5613,BetOnline.ag,2026-03-01 16:36:35.613415+00:00,-325.0,263.0,-7.5,147.5,2026-03-01 19:00:00+00:00,Florida Atlantic Owls,Charlotte 49ers
618fb552dd512ab869c74edc002a5613,LowVig.ag,2026-03-01 16:36:35.613415+00:00,-325.0,263.0,-7.5,147.5,2026-03-01 19:00:00+00:00,Florida Atlantic Owls,Charlotte 49ers
618fb552dd512ab869c74edc002a5613,DraftKings,2026-03-01 16:36:35.613415+00:00,-340.0,270.0,-7.5,147.5,2026-03-01 19:00:00+00:00,Florida Atlantic Owls,Charlotte 49ers
618fb552dd512ab869c74edc002a5613,Caesars,2026-03-01 16:36:35.613415+00:00,-345.0,270.0,-7.5,147.5,2026-03-01 19:00:00+00:00,Florida Atlantic Owls,Charlotte 49ers
618fb552dd512ab869c74edc002a5613,BetMGM,2026-03-01 16:36:35.613415+00:00,-325.0,260.0,-7.5,147.5,2026-03-01 19:00:00+00:00,Florida Atlantic Owls,Charlotte 49ers
618fb552dd512ab869c74edc002a5613,BetUS,2026-03-01 16:36:35.613415+00:00,-325.0,265.0,-7.5,147.5,2026-03-01 19:00:00+00:00,Florida Atlantic Owls,Charlotte 49ers
618fb552dd512ab869c74edc002a5613,Bovada,2026-03-01 16:36:35.613415+00:00,-330.0,265.0,-7.5,148.0,2026-03-01 19:00:00+00:00,Florida Atlantic Owls,Charlotte 49ers
618fb552dd512ab869c74edc002a5613,FanDuel,2026-03-01 16:36:35.613415+00:00,-360.0,280.0,-7.5,148.5,2026-03-01 19:00:00+00:00,Florida Atlantic Owls,Charlotte 49ers
618fb552dd512ab869c74edc002a5613,BetRivers,2026-03-01 16:36:35.613415+00:00,-315.0,240.0,-7.5,148.5,2026-03-01 19:00:00+00:00,Florida Atlantic Owls,Charlotte 49ers
618fb552dd512ab869c74edc002a5613,Fanatics,2026-03-01 16:36:35.613415+00:00,-325.0,250.0,-7.5,147.5,2026-03-01 19:00:00+00:00,Florida Atlantic Owls,Charlotte 49ers
805d7efd32e359a3926b43dee552c496,BetOnline.ag,2026-03-01 16:36:35.613415+00:00,177.0,-205.0,5.0,151.5,2026-03-01 19:00:00+00:00,East Carolina Pirates,Memphis Tigers
805d7efd32e359a3926b43dee552c496,LowVig.ag,2026-03-01 16:36:35.613415+00:00,177.0,-205.0,5.0,151.5,2026-03-01 19:00:00+00:00,East Carolina Pirates,Memphis Tigers
805d7efd32e359a3926b43dee552c496,DraftKings,2026-03-01 16:36:35.613415+00:00,185.0,-225.0,5.5,151.5,2026-03-01 19:00:00+00:00,East Carolina Pirates,Memphis Tigers
805d7efd32e359a3926b43dee552c496,Caesars,2026-03-01 16:36:35.613415+00:00,175.0,-210.0,5.0,151.0,2026-03-01 19:00:00+00:00,East Carolina Pirates,Memphis Tigers
805d7efd32e359a3926b43dee552c496,BetMGM,2026-03-01 16:36:35.613415+00:00,180.0,-220.0,5.5,151.5,2026-03-01 19:00:00+00:00,East Carolina Pirates,Memphis Tigers
805d7efd32e359a3926b43dee552c496,BetUS,2026-03-01 16:36:35.613415+00:00,175.0,-205.0,5.0,152.0,2026-03-01 19:00:00+00:00,East Carolina Pirates,Memphis Tigers
805d7efd32e359a3926b43dee552c496,Bovada,2026-03-01 16:36:35.613415+00:00,170.0,-200.0,4.5,152.0,2026-03-01 19:00:00+00:00,East Carolina Pirates,Memphis Tigers
805d7efd32e359a3926b43dee552c496,FanDuel,2026-03-01 16:36:35.613415+00:00,188.0,-230.0,4.5,151.5,2026-03-01 19:00:00+00:00,East Carolina Pirates,Memphis Tigers
805d7efd32e359a3926b43dee552c496,BetRivers,2026-03-01 16:36:35.613415+00:00,163.0,-205.0,5.5,151.5,2026-03-01 19:00:00+00:00,East Carolina Pirates,Memphis Tigers
805d7efd32e359a3926b43dee552c496,Fanatics,2026-03-01 16:36:35.613415+00:00,175.0,-210.0,5.0,152.0,2026-03-01 19:00:00+00:00,East Carolina Pirates,Memphis Tigers
85fb38a9d32c4060ba8411667bee81fa,BetOnline.ag,2026-03-01 16:36:35.613415+00:00,-170.0,149.0,-3.5,144.5,2026-03-01 19:00:00+00:00,Fairfield Stags,Mt. St. Mary's Mountaineers
85fb38a9d32c4060ba8411667bee81fa,LowVig.ag,2026-03-01 16:36:35.613415+00:00,-170.0,149.0,-3.5,144.5,2026-03-01 19:00:00+00:00,Fairfield Stags,Mt. St. Mary's Mountaineers
85fb38a9d32c4060ba8411667bee81fa,DraftKings,2026-03-01 16:36:35.613415+00:00,-185.0,154.0,-3.5,144.5,2026-03-01 19:00:00+00:00,Fairfield Stags,Mt. St. Mary's Mountaineers
85fb38a9d32c4060ba8411667bee81fa,Caesars,2026-03-01 16:36:35.613415+00:00,-170.0,143.0,-3.5,144.5,2026-03-01 19:00:00+00:00,Fairfield Stags,Mt. St. Mary's Mountaineers
85fb38a9d32c4060ba8411667bee81fa,BetMGM,2026-03-01 16:36:35.613415+00:00,-180.0,145.0,-3.5,144.5,2026-03-01 19:00:00+00:00,Fairfield Stags,Mt. St. Mary's Mountaineers
85fb38a9d32c4060ba8411667bee81fa,BetUS,2026-03-01 16:36:35.613415+00:00,-170.0,146.0,-3.5,144.5,2026-03-01 19:00:00+00:00,Fairfield Stags,Mt. St. Mary's Mountaineers
85fb38a9d32c4060ba8411667bee81fa,Bovada,2026-03-01 16:36:35.613415+00:00,-160.0,135.0,-3.5,143.5,2026-03-01 19:00:00+00:00,Fairfield Stags,Mt. St. Mary's Mountaineers
85fb38a9d32c4060ba8411667bee81fa,FanDuel,2026-03-01 16:36:35.613415+00:00,-184.0,152.0,-3.5,144.5,2026-03-01 19:00:00+00:00,Fairfield Stags,Mt. St. Mary's Mountaineers
85fb38a9d32c4060ba8411667bee81fa,BetRivers,2026-03-01 16:36:35.613415+00:00,-190.0,148.0,-3.5,144.5,2026-03-01 19:00:00+00:00,Fairfield Stags,Mt. St. Mary's Mountaineers
85fb38a9d32c4060ba8411667bee81fa,Fanatics,2026-03-01 16:36:35.613415+00:00,-170.0,140.0,-3.5,144.0,2026-03-01 19:00:00+00:00,Fairfield Stags,Mt. St. Mary's Mountaineers
7b3de2cf6175e85d251f48b501b0e157,BetOnline.ag,2026-03-01 16:36:35.613415+00:00,120.0,-140.0,2.5,150.0,2026-03-01 19:00:00+00:00,Manhattan Jaspers,Iona Gaels
7b3de2cf6175e85d251f48b501b0e157,LowVig.ag,2026-03-01 16:36:35.613415+00:00,120.0,-140.0,2.5,150.0,2026-03-01 19:00:00+00:00,Manhattan Jaspers,Iona Gaels
7b3de2cf6175e85d251f48b501b0e157,Caesars,2026-03-01 16:36:35.613415+00:00,118.0,-140.0,2.5,150.0,2026-03-01 19:00:00+00:00,Manhattan Jaspers,Iona Gaels
7b3de2cf6175e85d251f48b501b0e157,BetMGM,2026-03-01 16:36:35.613415+00:00,120.0,-145.0,2.5,150.5,2026-03-01 19:00:00+00:00,Manhattan Jaspers,Iona Gaels
7b3de2cf6175e85d251f48b501b0e157,BetUS,2026-03-01 16:36:35.613415+00:00,120.0,-140.0,2.5,150.0,2026-03-01 19:00:00+00:00,Manhattan Jaspers,Iona Gaels
7b3de2cf6175e85d251f48b501b0e157,Bovada,2026-03-01 16:36:35.613415+00:00,125.0,-145.0,2.5,150.0,2026-03-01 19:00:00+00:00,Manhattan Jaspers,Iona Gaels
7b3de2cf6175e85d251f48b501b0e157,FanDuel,2026-03-01 16:36:35.613415+00:00,130.0,-156.0,2.5,149.5,2026-03-01 19:00:00+00:00,Manhattan Jaspers,Iona Gaels
7b3de2cf6175e85d251f48b501b0e157,BetRivers,2026-03-01 16:36:35.613415+00:00,123.0,-152.0,2.5,149.5,2026-03-01 19:00:00+00:00,Manhattan Jaspers,Iona Gaels
7b3de2cf6175e85d251f48b501b0e157,Fanatics,2026-03-01 16:36:35.613415+00:00,120.0,-145.0,2.5,150.5,2026-03-01 19:00:00+00:00,Manhattan Jaspers,Iona Gaels
974c5a1d9e803ee972980141fd3b8867,BetOnline.ag,2026-03-01 16:36:35.613415+00:00,-195.0,170.0,-4.5,134.0,2026-03-01 19:00:00+00:00,Marist Red Foxes,Saint Peter's Peacocks
974c5a1d9e803ee972980141fd3b8867,LowVig.ag,2026-03-01 16:36:35.613415+00:00,-195.0,170.0,-4.5,134.0,2026-03-01 19:00:00+00:00,Marist Red Foxes,Saint Peter's Peacocks
974c5a1d9e803ee972980141fd3b8867,Caesars,2026-03-01 16:36:35.613415+00:00,-205.0,170.0,-4.5,134.0,2026-03-01 19:00:00+00:00,Marist Red Foxes,Saint Peter's Peacocks
974c5a1d9e803ee972980141fd3b8867,BetMGM,2026-03-01 16:36:35.613415+00:00,-210.0,170.0,-4.5,134.5,2026-03-01 19:00:00+00:00,Marist Red Foxes,Saint Peter's Peacocks
974c5a1d9e803ee972980141fd3b8867,BetUS,2026-03-01 16:36:35.613415+00:00,-195.0,167.0,-4.5,134.0,2026-03-01 19:00:00+00:00,Marist Red Foxes,Saint Peter's Peacocks
974c5a1d9e803ee972980141fd3b8867,Bovada,2026-03-01 16:36:35.613415+00:00,-185.0,160.0,-4.0,134.5,2026-03-01 19:00:00+00:00,Marist Red Foxes,Saint Peter's Peacocks
974c5a1d9e803ee972980141fd3b8867,FanDuel,2026-03-01 16:36:35.613415+00:00,-230.0,188.0,-4.5,133.5,2026-03-01 19:00:00+00:00,Marist Red Foxes,Saint Peter's Peacocks
974c5a1d9e803ee972980141fd3b8867,BetRivers,2026-03-01 16:36:35.613415+00:00,-215.0,160.0,-4.5,133.5,2026-03-01 19:00:00+00:00,Marist Red Foxes,Saint Peter's Peacocks
974c5a1d9e803ee972980141fd3b8867,Fanatics,2026-03-01 16:36:35.613415+00:00,-200.0,165.0,-4.5,134.0,2026-03-01 19:00:00+00:00,Marist Red Foxes,Saint Peter's Peacocks
6a9fa674fa379e7897e7d505b21ba562,BetOnline.ag,2026-03-01 16:36:35.613415+00:00,316.0,-400.0,8.0,127.0,2026-03-01 19:00:00+00:00,Niagara Purple Eagles,Merrimack Warriors
6a9fa674fa379e7897e7d505b21ba562,LowVig.ag,2026-03-01 16:36:35.613415+00:00,316.0,-400.0,8.0,127.0,2026-03-01 19:00:00+00:00,Niagara Purple Eagles,Merrimack Warriors
6a9fa674fa379e7897e7d505b21ba562,Caesars,2026-03-01 16:36:35.613415+00:00,328.0,-430.0,8.0,127.0,2026-03-01 19:00:00+00:00,Niagara Purple Eagles,Merrimack Warriors
6a9fa674fa379e7897e7d505b21ba562,BetMGM,2026-03-01 16:36:35.613415+00:00,300.0,-400.0,7.5,127.5,2026-03-01 19:00:00+00:00,Niagara Purple Eagles,Merrimack Warriors
6a9fa674fa379e7897e7d505b21ba562,BetUS,2026-03-01 16:36:35.613415+00:00,320.0,-400.0,8.0,127.0,2026-03-01 19:00:00+00:00,Niagara Purple Eagles,Merrimack Warriors
6a9fa674fa379e7897e7d505b21ba562,Bovada,2026-03-01 16:36:35.613415+00:00,295.0,-390.0,8.0,127.0,2026-03-01 19:00:00+00:00,Niagara Purple Eagles,Merrimack Warriors
6a9fa674fa379e7897e7d505b21ba562,FanDuel,2026-03-01 16:36:35.613415+00:00,330.0,-430.0,8.5,127.5,2026-03-01 19:00:00+00:00,Niagara Purple Eagles,Merrimack Warriors
6a9fa674fa379e7897e7d505b21ba562,BetRivers,2026-03-01 16:36:35.613415+00:00,310.0,-435.0,8.5,127.5,2026-03-01 19:00:00+00:00,Niagara Purple Eagles,Merrimack Warriors
6a9fa674fa379e7897e7d505b21ba562,Fanatics,2026-03-01 16:36:35.613415+00:00,310.0,-400.0,8.0,127.0,2026-03-01 19:00:00+00:00,Niagara Purple Eagles,Merrimack Warriors
645c655ce68499ecb9e38c81cfacfaa8,BetOnline.ag,2026-03-01 16:36:35.613415+00:00,-270.0,222.0,-6.0,141.0,2026-03-01 19:00:00+00:00,Temple Owls,Rice Owls
645c655ce68499ecb9e38c81cfacfaa8,LowVig.ag,2026-03-01 16:36:35.613415+00:00,-270.0,222.0,-6.0,141.0,2026-03-01 19:00:00+00:00,Temple Owls,Rice Owls
645c655ce68499ecb9e38c81cfacfaa8,DraftKings,2026-03-01 16:36:35.613415+00:00,-285.0,230.0,-6.5,141.5,2026-03-01 19:00:00+00:00,Temple Owls,Rice Owls
645c655ce68499ecb9e38c81cfacfaa8,Caesars,2026-03-01 16:36:35.613415+00:00,-278.0,222.0,-6.0,141.0,2026-03-01 19:00:00+00:00,Temple Owls,Rice Owls
645c655ce68499ecb9e38c81cfacfaa8,BetMGM,2026-03-01 16:36:35.613415+00:00,-275.0,220.0,-6.5,140.5,2026-03-01 19:00:00+00:00,Temple Owls,Rice Owls
645c655ce68499ecb9e38c81cfacfaa8,BetUS,2026-03-01 16:36:35.613415+00:00,-270.0,225.0,-6.0,141.0,2026-03-01 19:00:00+00:00,Temple Owls,Rice Owls
645c655ce68499ecb9e38c81cfacfaa8,Bovada,2026-03-01 16:36:35.613415+00:00,-290.0,240.0,-6.5,141.5,2026-03-01 19:00:00+00:00,Temple Owls,Rice Owls
645c655ce68499ecb9e38c81cfacfaa8,FanDuel,2026-03-01 16:36:35.613415+00:00,-295.0,235.0,-5.5,140.5,2026-03-01 19:00:00+00:00,Temple Owls,Rice Owls
645c655ce68499ecb9e38c81cfacfaa8,BetRivers,2026-03-01 16:36:35.613415+00:00,-278.0,215.0,-6.5,141.5,2026-03-01 19:00:00+00:00,Temple Owls,Rice Owls
645c655ce68499ecb9e38c81cfacfaa8,Fanatics,2026-03-01 16:36:35.613415+00:00,-285.0,230.0,-6.5,141.5,2026-03-01 19:00:00+00:00,Temple Owls,Rice Owls
3f83ad0acdb189fc69f3615b376d0b53,BetOnline.ag,2026-03-01 16:36:35.613415+00:00,-1400.0,836.0,-14.0,138.0,2026-03-01 19:00:00+00:00,Siena Saints,Rider Broncs
3f83ad0acdb189fc69f3615b376d0b53,LowVig.ag,2026-03-01 16:36:35.613415+00:00,-1400.0,836.0,-14.0,138.0,2026-03-01 19:00:00+00:00,Siena Saints,Rider Broncs
3f83ad0acdb189fc69f3615b376d0b53,Caesars,2026-03-01 16:36:35.613415+00:00,-1400.0,800.0,-14.5,138.5,2026-03-01 19:00:00+00:00,Siena Saints,Rider Broncs
3f83ad0acdb189fc69f3615b376d0b53,BetMGM,2026-03-01 16:36:35.613415+00:00,-1600.0,850.0,-14.5,138.5,2026-03-01 19:00:00+00:00,Siena Saints,Rider Broncs
3f83ad0acdb189fc69f3615b376d0b53,BetUS,2026-03-01 16:36:35.613415+00:00,-1400.0,825.0,-14.5,138.5,2026-03-01 19:00:00+00:00,Siena Saints,Rider Broncs
3f83ad0acdb189fc69f3615b376d0b53,Bovada,2026-03-01 16:36:35.613415+00:00,-1600.0,800.0,-14.5,138.0,2026-03-01 19:00:00+00:00,Siena Saints,Rider Broncs
3f83ad0acdb189fc69f3615b376d0b53,FanDuel,2026-03-01 16:36:35.613415+00:00,-1600.0,860.0,-14.5,137.5,2026-03-01 19:00:00+00:00,Siena Saints,Rider Broncs
3f83ad0acdb189fc69f3615b376d0b53,BetRivers,2026-03-01 16:36:35.613415+00:00,-1667.0,750.0,-14.5,137.5,2026-03-01 19:00:00+00:00,Siena Saints,Rider Broncs
3f83ad0acdb189fc69f3615b376d0b53,Fanatics,2026-03-01 16:36:35.613415+00:00,-1600.0,900.0,-14.5,138.0,2026-03-01 19:00:00+00:00,Siena Saints,Rider Broncs
9d66000724539fda0404eb160d1eb8d3,BetOnline.ag,2026-03-01 16:36:35.613415+00:00,161.0,-185.0,4.0,138.5,2026-03-01 20:00:00+00:00,Drake Bulldogs,Northern Iowa Panthers
9d66000724539fda0404eb160d1eb8d3,LowVig.ag,2026-03-01 16:36:35.613415+00:00,161.0,-185.0,4.0,138.5,2026-03-01 20:00:00+00:00,Drake Bulldogs,Northern Iowa Panthers
9d66000724539fda0404eb160d1eb8d3,DraftKings,2026-03-01 16:36:35.613415+00:00,154.0,-185.0,4.5,138.5,2026-03-01 20:00:00+00:00,Drake Bulldogs,Northern Iowa Panthers
9d66000724539fda0404eb160d1eb8d3,Caesars,2026-03-01 16:36:35.613415+00:00,158.0,-190.0,4.0,138.5,2026-03-01 20:00:00+00:00,Drake Bulldogs,Northern Iowa Panthers
9d66000724539fda0404eb160d1eb8d3,BetMGM,2026-03-01 16:36:35.613415+00:00,154.0,-190.0,4.5,138.5,2026-03-01 20:00:00+00:00,Drake Bulldogs,Northern Iowa Panthers
9d66000724539fda0404eb160d1eb8d3,BetUS,2026-03-01 16:36:35.613415+00:00,159.0,-185.0,4.0,138.5,2026-03-01 20:00:00+00:00,Drake Bulldogs,Northern Iowa Panthers
9d66000724539fda0404eb160d1eb8d3,Bovada,2026-03-01 16:36:35.613415+00:00,155.0,-180.0,4.0,139.0,2026-03-01 20:00:00+00:00,Drake Bulldogs,Northern Iowa Panthers
9d66000724539fda0404eb160d1eb8d3,FanDuel,2026-03-01 16:36:35.613415+00:00,168.0,-205.0,4.5,138.5,2026-03-01 20:00:00+00:00,Drake Bulldogs,Northern Iowa Panthers
9d66000724539fda0404eb160d1eb8d3,BetRivers,2026-03-01 16:36:35.613415+00:00,160.0,-200.0,4.5,138.5,2026-03-01 20:00:00+00:00,Drake Bulldogs,Northern Iowa Panthers
9d66000724539fda0404eb160d1eb8d3,Fanatics,2026-03-01 16:36:35.613415+00:00,160.0,-190.0,4.5,139.0,2026-03-01 20:00:00+00:00,Drake Bulldogs,Northern Iowa Panthers
0906ad39e4817298cf460daa70cb0dfd,BetOnline.ag,2026-03-01 16:36:35.613415+00:00,130.0,-150.0,2.5,144.0,2026-03-01 20:45:00+00:00,Indiana Hoosiers,Michigan St Spartans
0906ad39e4817298cf460daa70cb0dfd,LowVig.ag,2026-03-01 16:36:35.613415+00:00,130.0,-150.0,2.5,144.0,2026-03-01 20:45:00+00:00,Indiana Hoosiers,Michigan St Spartans
0906ad39e4817298cf460daa70cb0dfd,DraftKings,2026-03-01 16:36:35.613415+00:00,124.0,-148.0,2.5,144.5,2026-03-01 20:45:00+00:00,Indiana Hoosiers,Michigan St Spartans
0906ad39e4817298cf460daa70cb0dfd,Caesars,2026-03-01 16:36:35.613415+00:00,130.0,-155.0,2.5,144.5,2026-03-01 20:45:00+00:00,Indiana Hoosiers,Michigan St Spartans
0906ad39e4817298cf460daa70cb0dfd,FanDuel,2026-03-01 16:36:35.613415+00:00,120.0,-144.0,2.5,144.5,2026-03-01 20:45:00+00:00,Indiana Hoosiers,Michigan St Spartans
0906ad39e4817298cf460daa70cb0dfd,BetMGM,2026-03-01 16:36:35.613415+00:00,125.0,-150.0,2.5,144.5,2026-03-01 20:45:00+00:00,Indiana Hoosiers,Michigan St Spartans
0906ad39e4817298cf460daa70cb0dfd,BetUS,2026-03-01 16:36:35.613415+00:00,129.0,-150.0,2.5,144.0,2026-03-01 20:45:00+00:00,Indiana Hoosiers,Michigan St Spartans
0906ad39e4817298cf460daa70cb0dfd,Bovada,2026-03-01 16:36:35.613415+00:00,115.0,-135.0,2.0,143.5,2026-03-01 20:45:00+00:00,Indiana Hoosiers,Michigan St Spartans
0906ad39e4817298cf460daa70cb0dfd,BetRivers,2026-03-01 16:36:35.613415+00:00,115.0,-143.0,2.5,144.5,2026-03-01 20:45:00+00:00,Indiana Hoosiers,Michigan St Spartans
0906ad39e4817298cf460daa70cb0dfd,Fanatics,2026-03-01 16:36:35.613415+00:00,120.0,-145.0,2.5,144.0,2026-03-01 20:45:00+00:00,Indiana Hoosiers,Michigan St Spartans
21290158d4158b60465d5ed989ac46e6,BetOnline.ag,2026-03-01 16:36:35.613415+00:00,-180.0,157.0,-4.5,142.5,2026-03-01 21:00:00+00:00,Marquette Golden Eagles,DePaul Blue Demons
21290158d4158b60465d5ed989ac46e6,LowVig.ag,2026-03-01 16:36:35.613415+00:00,-180.0,157.0,-4.5,142.5,2026-03-01 21:00:00+00:00,Marquette Golden Eagles,DePaul Blue Demons
21290158d4158b60465d5ed989ac46e6,DraftKings,2026-03-01 16:36:35.613415+00:00,-192.0,160.0,-4.5,142.5,2026-03-01 21:00:00+00:00,Marquette Golden Eagles,DePaul Blue Demons
21290158d4158b60465d5ed989ac46e6,BetMGM,2026-03-01 16:36:35.613415+00:00,-190.0,154.0,-4.5,142.5,2026-03-01 21:00:00+00:00,Marquette Golden Eagles,DePaul Blue Demons
21290158d4158b60465d5ed989ac46e6,BetUS,2026-03-01 16:36:35.613415+00:00,-180.0,155.0,-4.5,142.5,2026-03-01 21:00:00+00:00,Marquette Golden Eagles,DePaul Blue Demons
21290158d4158b60465d5ed989ac46e6,Bovada,2026-03-01 16:36:35.613415+00:00,-180.0,155.0,-4.0,142.5,2026-03-01 21:00:00+00:00,Marquette Golden Eagles,DePaul Blue Demons
21290158d4158b60465d5ed989ac46e6,FanDuel,2026-03-01 16:36:35.613415+00:00,-210.0,172.0,-4.5,142.5,2026-03-01 21:00:00+00:00,Marquette Golden Eagles,DePaul Blue Demons
21290158d4158b60465d5ed989ac46e6,BetRivers,2026-03-01 16:36:35.613415+00:00,-195.0,155.0,-4.5,141.5,2026-03-01 21:00:00+00:00,Marquette Golden Eagles,DePaul Blue Demons
21290158d4158b60465d5ed989ac46e6,Fanatics,2026-03-01 16:36:35.613415+00:00,-180.0,150.0,-4.0,142.5,2026-03-01 21:00:00+00:00,Marquette Golden Eagles,DePaul Blue Demons
3e9c9dee119a2c08c21e2c5a16621e62,DraftKings,2026-03-01 16:36:35.613415+00:00,310.0,-395.0,9.5,138.5,2026-03-01 21:00:00+00:00,Evansville Purple Aces,Southern Illinois Salukis
3e9c9dee119a2c08c21e2c5a16621e62,Fanatics,2026-03-01 16:36:35.613415+00:00,350.0,-450.0,9.5,138.0,2026-03-01 21:00:00+00:00,Evansville Purple Aces,Southern Illinois Salukis
3e9c9dee119a2c08c21e2c5a16621e62,BetRivers,2026-03-01 16:36:35.613415+00:00,350.0,-500.0,9.5,138.5,2026-03-01 21:00:00+00:00,Evansville Purple Aces,Southern Illinois Salukis
3e9c9dee119a2c08c21e2c5a16621e62,FanDuel,2026-03-01 16:36:35.613415+00:00,365.0,-490.0,8.5,138.5,2026-03-01 21:00:00+00:00,Evansville Purple Aces,Southern Illinois Salukis
3e9c9dee119a2c08c21e2c5a16621e62,LowVig.ag,2026-03-01 16:36:35.613415+00:00,350.0,-450.0,9.5,138.0,2026-03-01 21:00:00+00:00,Evansville Purple Aces,Southern Illinois Salukis
3e9c9dee119a2c08c21e2c5a16621e62,BetOnline.ag,2026-03-01 16:36:35.613415+00:00,350.0,-450.0,9.5,138.0,2026-03-01 21:00:00+00:00,Evansville Purple Aces,Southern Illinois Salukis
3e9c9dee119a2c08c21e2c5a16621e62,BetUS,2026-03-01 16:36:35.613415+00:00,355.0,-450.0,9.5,138.0,2026-03-01 21:00:00+00:00,Evansville Purple Aces,Southern Illinois Salukis
3e9c9dee119a2c08c21e2c5a16621e62,Bovada,2026-03-01 16:36:35.613415+00:00,345.0,-470.0,9.5,137.5,2026-03-01 21:00:00+00:00,Evansville Purple Aces,Southern Illinois Salukis
3e9c9dee119a2c08c21e2c5a16621e62,BetMGM,2026-03-01 16:36:35.613415+00:00,340.0,-450.0,9.5,138.5,2026-03-01 21:00:00+00:00,Evansville Purple Aces,Southern Illinois Salukis
72956adb311374c8fa2dadcc3f8f28b7,BetOnline.ag,2026-03-01 16:36:35.613415+00:00,-119.0,-101.0,-1.0,150.5,2026-03-01 22:00:00+00:00,Illinois St Redbirds,Belmont Bruins
72956adb311374c8fa2dadcc3f8f28b7,LowVig.ag,2026-03-01 16:36:35.613415+00:00,-119.0,-101.0,-1.0,150.5,2026-03-01 22:00:00+00:00,Illinois St Redbirds,Belmont Bruins
72956adb311374c8fa2dadcc3f8f28b7,DraftKings,2026-03-01 16:36:35.613415+00:00,-118.0,-102.0,-1.5,150.5,2026-03-01 22:00:00+00:00,Illinois St Redbirds,Belmont Bruins
72956adb311374c8fa2dadcc3f8f28b7,BetMGM,2026-03-01 16:36:35.613415+00:00,-118.0,-102.0,-1.5,150.5,2026-03-01 22:00:00+00:00,Illinois St Redbirds,Belmont Bruins
72956adb311374c8fa2dadcc3f8f28b7,BetUS,2026-03-01 16:36:35.613415+00:00,-115.0,-105.0,-1.0,151.0,2026-03-01 22:00:00+00:00,Illinois St Redbirds,Belmont Bruins
72956adb311374c8fa2dadcc3f8f28b7,Bovada,2026-03-01 16:36:35.613415+00:00,-115.0,-105.0,-1.0,151.0,2026-03-01 22:00:00+00:00,Illinois St Redbirds,Belmont Bruins
72956adb311374c8fa2dadcc3f8f28b7,FanDuel,2026-03-01 16:36:35.613415+00:00,-114.0,-105.0,-1.5,150.5,2026-03-01 22:00:00+00:00,Illinois St Redbirds,Belmont Bruins
72956adb311374c8fa2dadcc3f8f28b7,BetRivers,2026-03-01 16:36:35.613415+00:00,-120.0,-105.0,-1.5,150.5,2026-03-01 22:00:00+00:00,Illinois St Redbirds,Belmont Bruins
72956adb311374c8fa2dadcc3f8f28b7,Fanatics,2026-03-01 16:36:35.613415+00:00,-120.0,100.0,-1.0,151.0,2026-03-01 22:00:00+00:00,Illinois St Redbirds,Belmont Bruins
