date,home_team,away_team,pred_total,pred_margin,pred_total_raw,derived_total,pred_total_adjusted,derived_total_available_rows,derived_total_missing_rows,pred_total_1h,pred_total_2h,pred_margin_1h,pred_margin_2h,tuning_totals_bias,tuning_applied,preseason_weight,preseason_applied,model_used,pred_total_base,pred_margin_base,pred_total_seg,pred_margin_seg,seg_n_rows,blend_weight,pred_total_blend,pred_margin_blend,blend_applied,game_id,display_date,start_time_iso,start_time_local,start_time_local_venue,start_tz_abbr,start_tz_abbr_venue,_market_total_from_odds_fallback,market_total,_pair_key,_market_total_pair_med,start_time,venue,neutral_site,_start_dt,_home_norm,_away_norm,closing_total,closing_spread_home,spread_home,kelly_frac_spread,kelly_side_spread,proj_home,proj_away,commence_time_odds,_commence,edge_total,market_basis,edge_closing,pred_total_model,pred_margin_model,pred_total_calibrated,pred_margin_calibrated,pred_total_model_basis,edge_total_model,edge_closing_model,edge_margin_model,edge_ats,pred_total_sigma_bootstrap,pred_total_model_raw,pred_total_model_unified,pred_margin_sigma_bootstrap,pred_margin_basis,favored_side,favored_by,edge_total_agg,edge_margin,kelly_fraction_total,kelly_fraction_ml_home,kelly_fraction_ml_away,pred_total_blend_w_model,pred_total_blend_w_derived,pred_total_blend_severe,pred_total_basis,proj_home_1h,proj_away_1h,pred_winner_1h,proj_home_2h,proj_away_2h,pred_winner_2h,coverage_status,home_score_proj,away_score_proj,possessions_home_est,possessions_away_est,possessions_game_est,pace_game_est,pred_total_sigma,pred_margin_sigma,kelly_fraction_total_adj,pred_total_market_blend,blend_market_w_total,pred_margin_market_blend,blend_market_w_margin,flag_market_total_mismatch,flag_market_margin_mismatch,kelly_fraction_total_guarded,kelly_frac_spread_guarded
2026-02-07,Rutgers Scarlet Knights,Nebraska Cornhuskers,139.67731105934368,2.862063870886452,,,,,,,,,,,,,,,,,,,,,,,,401825499,2026-02-07,2026-02-07T17:00:00Z,,,CST,,,,,,2026-02-07 17:00:00+00:00,Jersey Mike’s Arena,False,2026-02-07T17:00:00Z,,,,,,,,,,,,,,,,,,,,,,,,,,,,marquee_force,Home,2.862063870886452,,,,,,,,,,,,,,,,no_odds,71.26968746511507,68.40762359422861,,,,,12.0,10.0,,,0.8,,0.7,False,False,,
2026-02-07,Virginia Cavaliers,Syracuse Orange,142.01878050087876,1.870464953431836,,,,,,,,,,,,,,,,,,,,,,,,401820728,2026-02-07,2026-02-07T17:00:00Z,,,CST,,,,,,2026-02-07 17:00:00+00:00,John Paul Jones Arena,False,2026-02-07T17:00:00Z,,,,,,,,,,,,,,,,,,,,,,,,,,,,marquee_force,Home,1.870464953431836,,,,,,,,,,,,,,,,no_odds,71.9446227271553,70.07415777372346,,,,,12.0,10.0,,,0.8,,0.7,False,False,,
2026-02-07,Mississippi State Bulldogs,Arkansas Razorbacks,140.17301513916672,3.51439324381062,,,,,,,,,,,,,,,,,,,,,,,,401808222,2026-02-07,2026-02-07T17:00:00Z,,,CST,,,,,,2026-02-07 17:00:00+00:00,Humphrey Coliseum,False,2026-02-07T17:00:00Z,,,,,,,,,,,,,,,,,,,,,,,,,,,,marquee_force,Home,3.51439324381062,,,,,,,,,,,,,,,,no_odds,71.84370419148867,68.32931094767805,,,,,12.0,10.0,,,0.8,,0.7,False,False,,
2026-02-07,Wake Forest Demon Deacons,Louisville Cardinals,141.33580910434685,3.3464153304443296,,,,,,,,,,,,,,,,,,,,,,,,401820729,2026-02-07,2026-02-07T17:00:00Z,,,CST,,,,,,2026-02-07 17:00:00+00:00,LJVM Coliseum,False,2026-02-07T17:00:00Z,,,,,,,,,,,,,,,,,,,,,,,,,,,,marquee_force,Home,3.3464153304443296,,,,,,,,,,,,,,,,no_odds,72.34111221739559,68.99469688695126,,,,,12.0,10.0,,,0.8,,0.7,False,False,,
2026-02-07,East Carolina Pirates,Temple Owls,139.36894684868926,4.488696662850914,,,,,,,,,,,,,,,,,,,,,,,,401828214,2026-02-07,2026-02-07T17:00:00Z,,,CST,,,,,,2026-02-07 17:00:00+00:00,Minges Coliseum,False,2026-02-07T17:00:00Z,,,,,,,,,,,,,,,,,,,,,,,,,,,,marquee_force,Home,4.488696662850914,,,,,,,,,,,,,,,,no_odds,71.92882175577009,67.44012509291917,,,,,12.0,10.0,,,0.8,,0.7,False,False,,
2026-02-07,Army Black Knights,Lafayette Leopards,143.88186130440394,4.780295542804434,,,,,,,,,,,,,,,,,,,,,,,,401826822,2026-02-07,2026-02-07T17:00:00Z,,,CST,,,,,,2026-02-07 17:00:00+00:00,Christl Arena,False,2026-02-07T17:00:00Z,,,,,,,,,,,,,,,,,,,,,,,,,,,,marquee_force,Home,4.780295542804434,,,,,,,,,,,,,,,,no_odds,74.33107842360418,69.55078288079976,,,,,12.0,10.0,,,0.8,,0.7,False,False,,
2026-02-07,Indiana Hoosiers,Wisconsin Badgers,142.72600519600283,4.459020818143749,,,,,,,,,,,,,,,,,,,,,,,,401825497,2026-02-07,2026-02-07T17:00:00Z,,,CST,,,,,,2026-02-07 17:00:00+00:00,Simon Skjodt Assembly Hall,False,2026-02-07T17:00:00Z,,,,,,,,,,,,,,,,,,,,,,,,,,,,marquee_force,Home,4.459020818143749,,,,,,,,,,,,,,,,no_odds,73.5925130070733,69.13349218892954,,,,,12.0,10.0,,,0.8,,0.7,False,False,,
2026-02-07,Georgetown Hoyas,Villanova Wildcats,142.347416241126,4.455092491569782,,,,,,,,,,,,,,,,,,,,,,,,401822934,2026-02-07,2026-02-07T17:00:00Z,,,CST,,,,,,2026-02-07 17:00:00+00:00,Capital One Arena,False,2026-02-07T17:00:00Z,,,,,,,,,,,,,,,,,,,,,,,,,,,,marquee_force,Home,4.455092491569782,,,,,,,,,,,,,,,,no_odds,73.4012543663479,68.94616187477811,,,,,12.0,10.0,,,0.8,,0.7,False,False,,
2026-02-07,NC State Wolfpack,Virginia Tech Hokies,140.42789895969247,4.950615856470312,,,,,,,,,,,,,,,,,,,,,,,,401820723,2026-02-07,2026-02-07T17:00:00Z,,,CST,,,,,,2026-02-07 17:00:00+00:00,Lenovo Center,False,2026-02-07T17:00:00Z,,,,,,,,,,,,,,,,,,,,,,,,,,,,marquee_force,Home,4.950615856470312,,,,,,,,,,,,,,,,no_odds,72.68925740808139,67.73864155161108,,,,,12.0,10.0,,,0.8,,0.7,False,False,,
2026-02-07,Elon Phoenix,Drexel Dragons,142.15740024082433,1.938120715789232,,,,,,,,,,,,,,,,,,,,,,,,401812055,2026-02-07,2026-02-07T17:00:00Z,,,CST,,,,,,2026-02-07 17:00:00+00:00,Schar Center,False,2026-02-07T17:00:00Z,,,,,,,,,,,,,,,,,,,,,,,,,,,,marquee_force,Home,1.938120715789232,,,,,,,,,,,,,,,,no_odds,72.04776047830678,70.10963976251755,,,,,12.0,10.0,,,0.8,,0.7,False,False,,
2026-02-07,Purdue Boilermakers,Oregon Ducks,139.92423240403616,2.8885095376255743,,,,,,,,,,,,,,,,,,,,,,,,401825498,2026-02-07,2026-02-07T18:00:00Z,,,CST,,,,,,2026-02-07 18:00:00+00:00,Mackey Arena,False,2026-02-07T18:00:00Z,,,,,,,,,,,,,,,,,,,,,,,,,,,,marquee_force,Home,2.8885095376255743,,,,,,,,,,,,,,,,no_odds,71.40637097083086,68.5178614332053,,,,,12.0,10.0,,,0.8,,0.7,False,False,,
2026-02-07,Coastal Carolina Chanticleers,Massachusetts Minutemen,143.77615920795202,5.024575215452534,,,,,,,,,,,,,,,,,,,,,,,,401845838,2026-02-07,2026-02-07T18:00:00Z,,,CST,,,,,,2026-02-07 18:00:00+00:00,The HTC Center,False,2026-02-07T18:00:00Z,,,,,,,,,,,,,,,,,,,,,,,,,,,,marquee_force,Home,5.024575215452534,,,,,,,,,,,,,,,,no_odds,74.40036721170227,69.37579199624975,,,,,12.0,10.0,,,0.8,,0.7,False,False,,
2026-02-07,App State Mountaineers,Eastern Michigan Eagles,140.75309832304185,5.603962742389352,,,,,,,,,,,,,,,,,,,,,,,,401845836,2026-02-07,2026-02-07T18:00:00Z,,,CST,,,,,,2026-02-07 18:00:00+00:00,Holmes Convocation Center,False,2026-02-07T18:00:00Z,,,,,,,,,,,,,,,,,,,,,,,,,,,,marquee_force,Home,5.603962742389352,,,,,,,,,,,,,,,,no_odds,73.17853053271558,67.57456779032624,,,,,12.0,10.0,,,0.8,,0.7,False,False,,
2026-02-07,New Haven Chargers,Chicago State Cougars,142.76763484195573,3.381818452092767,,,,,,,,,,,,,,,,,,,,,,,,401822349,2026-02-07,2026-02-07T18:00:00Z,,,CST,,,,,,2026-02-07 18:00:00+00:00,Jeffery P. Hazell Athletics Center,False,2026-02-07T18:00:00Z,,,,,,,,,,,,,,,,,,,,,,,,,,,,marquee_force,Home,3.381818452092767,,,,,,,,,,,,,,,,no_odds,73.07472664702425,69.69290819493148,,,,,12.0,10.0,,,0.8,,0.7,False,False,,
2026-02-07,Boston University Terriers,Loyola Maryland Greyhounds,143.01385513243784,4.552860284957191,,,,,,,,,,,,,,,,,,,,,,,,401820203,2026-02-07,2026-02-07T18:00:00Z,,,CST,,,,,,2026-02-07 18:00:00+00:00,Case Gym,False,2026-02-07T18:00:00Z,,,,,,,,,,,,,,,,,,,,,,,,,,,,marquee_force,Home,4.552860284957191,,,,,,,,,,,,,,,,no_odds,73.78335770869751,69.23049742374033,,,,,12.0,10.0,,,0.8,,0.7,False,False,,
2026-02-07,Central Connecticut Blue Devils,Wagner Seahawks,141.99222844658635,5.514481351616573,,,,,,,,,,,,,,,,,,,,,,,,401812415,2026-02-07,2026-02-07T18:00:00Z,,,CST,,,,,,2026-02-07 18:00:00+00:00,Detrick Gymnasium,False,2026-02-07T18:00:00Z,,,,,,,,,,,,,,,,,,,,,,,,,,,,marquee_force,Home,5.514481351616573,,,,,,,,,,,,,,,,no_odds,73.75335489910147,68.23887354748489,,,,,12.0,10.0,,,0.8,,0.7,False,False,,
2026-02-07,Le Moyne Dolphins,Saint Francis Red Flash,139.82411961724418,4.879077342048082,,,,,,,,,,,,,,,,,,,,,,,,401812344,2026-02-07,2026-02-07T18:00:00Z,,,CST,,,,,,2026-02-07 18:00:00+00:00,Ted Grant Court,False,2026-02-07T18:00:00Z,,,,,,,,,,,,,,,,,,,,,,,,,,,,marquee_force,Home,4.879077342048082,,,,,,,,,,,,,,,,no_odds,72.35159847964613,67.47252113759805,,,,,12.0,10.0,,,0.8,,0.7,False,False,,
2026-02-07,VMI Keydets,East Tennessee State Buccaneers,140.81780875747612,1.931174602317153,,,,,,,,,,,,,,,,,,,,,,,,401809361,2026-02-07,2026-02-07T18:00:00Z,,,CST,,,,,,2026-02-07 18:00:00+00:00,Cameron Hall,False,2026-02-07T18:00:00Z,,,,,,,,,,,,,,,,,,,,,,,,,,,,marquee_force,Home,1.931174602317153,,,,,,,,,,,,,,,,no_odds,71.37449167989664,69.44331707757948,,,,,12.0,10.0,,,0.8,,0.7,False,False,,
2026-02-07,South Carolina Gamecocks,Missouri Tigers,142.85112138286237,3.05622420993024,,,,,,,,,,,,,,,,,,,,,,,,401808223,2026-02-07,2026-02-07T18:00:00Z,,,CST,,,,,,2026-02-07 18:00:00+00:00,Colonial Life Arena,False,2026-02-07T18:00:00Z,,,,,,,,,,,,,,,,,,,,,,,,,,,,marquee_force,Home,3.05622420993024,,,,,,,,,,,,,,,,no_odds,72.9536727963963,69.89744858646607,,,,,12.0,10.0,,,0.8,,0.7,False,False,,
2026-02-07,Delaware Blue Hens,Middle Tennessee Blue Raiders,143.33157414653098,5.618525159243585,,,,,,,,,,,,,,,,,,,,,,,,401804920,2026-02-07,2026-02-07T18:00:00Z,,,CST,,,,,,2026-02-07 18:00:00+00:00,Bob Carpenter Center,False,2026-02-07T18:00:00Z,,,,,,,,,,,,,,,,,,,,,,,,,,,,marquee_force,Home,5.618525159243585,,,,,,,,,,,,,,,,no_odds,74.47504965288728,68.8565244936437,,,,,12.0,10.0,,,0.8,,0.7,False,False,,
2026-02-07,Vermont Catamounts,New Hampshire Wildcats,140.86871555216857,2.161307907594649,,,,,,,,,,,,,,,,,,,,,,,,401812149,2026-02-07,2026-02-07T18:30:00Z,,,CST,,,,,,2026-02-07 18:30:00+00:00,Patrick Gymnasium,False,2026-02-07T18:30:00Z,,,,,,,,,,,,,,,,,,,,,,,,,,,,marquee_force,Home,2.161307907594649,,,,,,,,,,,,,,,,no_odds,71.5150117298816,69.35370382228696,,,,,12.0,10.0,,,0.8,,0.7,False,False,,
2026-02-07,Iowa State Cyclones,Baylor Bears,143.58590273525104,2.7710946714366544,,,,,,,,,,,,,,,,,,,,,,,,401827668,2026-02-07,2026-02-07T19:00:00Z,,,CST,,,,,,2026-02-07 19:00:00+00:00,Hilton Coliseum,False,2026-02-07T19:00:00Z,,,,,,,,,,,,,,,,,,,,,,,,,,,,marquee_force,Home,2.7710946714366544,,,,,,,,,,,,,,,,no_odds,73.17849870334385,70.40740403190719,,,,,12.0,10.0,,,0.8,,0.7,False,False,,
2026-02-07,Georgia State Panthers,Northern Illinois Huskies,141.87297444729555,5.086013370748888,,,,,,,,,,,,,,,,,,,,,,,,401845839,2026-02-07,2026-02-07T19:00:00Z,,,CST,,,,,,2026-02-07 19:00:00+00:00,GSU Convocation Center,False,2026-02-07T19:00:00Z,,,,,,,,,,,,,,,,,,,,,,,,,,,,marquee_force,Home,5.086013370748888,,,,,,,,,,,,,,,,no_odds,73.47949390902222,68.39348053827332,,,,,12.0,10.0,,,0.8,,0.7,False,False,,
2026-02-07,Rhode Island Rams,Richmond Spiders,141.08060417901467,4.152442129542028,,,,,,,,,,,,,,,,,,,,,,,,401828419,2026-02-07,2026-02-07T19:00:00Z,,,CST,,,,,,2026-02-07 19:00:00+00:00,Thomas M. Ryan Center,False,2026-02-07T19:00:00Z,,,,,,,,,,,,,,,,,,,,,,,,,,,,marquee_force,Home,4.152442129542028,,,,,,,,,,,,,,,,no_odds,72.61652315427835,68.46408102473632,,,,,12.0,10.0,,,0.8,,0.7,False,False,,
2026-02-07,Duquesne Dukes,George Washington Revolutionaries,142.6725286206735,5.406819859800031,,,,,,,,,,,,,,,,,,,,,,,,401828417,2026-02-07,2026-02-07T19:00:00Z,,,CST,,,,,,2026-02-07 19:00:00+00:00,UPMC Cooper Fieldhouse,False,2026-02-07T19:00:00Z,,,,,,,,,,,,,,,,,,,,,,,,,,,,marquee_force,Home,5.406819859800031,,,,,,,,,,,,,,,,no_odds,74.03967424023676,68.63285438043673,,,,,12.0,10.0,,,0.8,,0.7,False,False,,
2026-02-07,Fordham Rams,St. Bonaventure Bonnies,139.77349598126116,4.827548925689516,,,,,,,,,,,,,,,,,,,,,,,,401828415,2026-02-07,2026-02-07T19:00:00Z,,,CST,,,,,,2026-02-07 19:00:00+00:00,Rose Hill Gym,False,2026-02-07T19:00:00Z,,,,,,,,,,,,,,,,,,,,,,,,,,,,marquee_force,Home,4.827548925689516,,,,,,,,,,,,,,,,no_odds,72.30052245347534,67.47297352778583,,,,,12.0,10.0,,,0.8,,0.7,False,False,,
2026-02-07,UTSA Roadrunners,North Texas Mean Green,142.89694128502768,2.1716990469757294,,,,,,,,,,,,,,,,,,,,,,,,401828215,2026-02-07,2026-02-07T19:00:00Z,,,CST,,,,,,2026-02-07 19:00:00+00:00,UTSA Convocation Center,False,2026-02-07T19:00:00Z,,,,,,,,,,,,,,,,,,,,,,,,,,,,marquee_force,Home,2.1716990469757294,,,,,,,,,,,,,,,,no_odds,72.5343201660017,70.36262111902597,,,,,12.0,10.0,,,0.8,,0.7,False,False,,
2026-02-07,TCU Horned Frogs,Kansas State Wildcats,141.83471804652518,3.161103224410987,,,,,,,,,,,,,,,,,,,,,,,,401827670,2026-02-07,2026-02-07T19:00:00Z,,,CST,,,,,,2026-02-07 19:00:00+00:00,Schollmaier Arena,False,2026-02-07T19:00:00Z,,,,,,,,,,,,,,,,,,,,,,,,,,,,marquee_force,Home,3.161103224410987,,,,,,,,,,,,,,,,no_odds,72.49791063546809,69.3368074110571,,,,,12.0,10.0,,,0.8,,0.7,False,False,,
2026-02-07,Holy Cross Crusaders,Lehigh Mountain Hawks,139.3229704450661,5.147241291394203,,,,,,,,,,,,,,,,,,,,,,,,401824392,2026-02-07,2026-02-07T19:00:00Z,,,CST,,,,,,2026-02-07 19:00:00+00:00,Hart Center,False,2026-02-07T19:00:00Z,,,,,,,,,,,,,,,,,,,,,,,,,,,,marquee_force,Home,5.147241291394203,,,,,,,,,,,,,,,,no_odds,72.23510586823015,67.08786457683594,,,,,12.0,10.0,,,0.8,,0.7,False,False,,
2026-02-07,Winthrop Eagles,Longwood Lancers,142.54063429157398,2.519926767994184,,,,,,,,,,,,,,,,,,,,,,,,401823940,2026-02-07,2026-02-07T19:00:00Z,,,CST,,,,,,2026-02-07 19:00:00+00:00,Winthrop Coliseum,False,2026-02-07T19:00:00Z,,,,,,,,,,,,,,,,,,,,,,,,,,,,marquee_force,Home,2.519926767994184,,,,,,,,,,,,,,,,no_odds,72.53028052978408,70.0103537617899,,,,,12.0,10.0,,,0.8,,0.7,False,False,,
2026-02-07,Presbyterian Blue Hose,Gardner-Webb Runnin' Bulldogs,143.6972686267129,2.538622334493905,,,,,,,,,,,,,,,,,,,,,,,,401823939,2026-02-07,2026-02-07T19:00:00Z,,,CST,,,,,,2026-02-07 19:00:00+00:00,Templeton Center,False,2026-02-07T19:00:00Z,,,,,,,,,,,,,,,,,,,,,,,,,,,,marquee_force,Home,2.538622334493905,,,,,,,,,,,,,,,,no_odds,73.11794548060341,70.5793231461095,,,,,12.0,10.0,,,0.8,,0.7,False,False,,
2026-02-07,South Carolina Upstate Spartans,Charleston Southern Buccaneers,140.37837480473135,2.961153212293393,,,,,,,,,,,,,,,,,,,,,,,,401823938,2026-02-07,2026-02-07T19:00:00Z,,,CST,,,,,,2026-02-07 19:00:00+00:00,G.B. Hodge Center,False,2026-02-07T19:00:00Z,,,,,,,,,,,,,,,,,,,,,,,,,,,,marquee_force,Home,2.961153212293393,,,,,,,,,,,,,,,,no_odds,71.66976400851237,68.70861079621898,,,,,12.0,10.0,,,0.8,,0.7,False,False,,
2026-02-07,Marquette Golden Eagles,Butler Bulldogs,143.52038955914136,3.421553521363034,,,,,,,,,,,,,,,,,,,,,,,,401822935,2026-02-07,2026-02-07T19:00:00Z,,,CST,,,,,,2026-02-07 19:00:00+00:00,Fiserv Forum,False,2026-02-07T19:00:00Z,,,,,,,,,,,,,,,,,,,,,,,,,,,,marquee_force,Home,3.421553521363034,,,,,,,,,,,,,,,,no_odds,73.4709715402522,70.04941801888917,,,,,12.0,10.0,,,0.8,,0.7,False,False,,
2026-02-07,Pittsburgh Panthers,SMU Mustangs,143.42521041841323,4.655110850622388,,,,,,,,,,,,,,,,,,,,,,,,401820726,2026-02-07,2026-02-07T19:00:00Z,,,CST,,,,,,2026-02-07 19:00:00+00:00,Petersen Events Center,False,2026-02-07T19:00:00Z,,,,,,,,,,,,,,,,,,,,,,,,,,,,marquee_force,Home,4.655110850622388,,,,,,,,,,,,,,,,no_odds,74.0401606345178,69.38504978389543,,,,,12.0,10.0,,,0.8,,0.7,False,False,,
2026-02-07,Boston College Eagles,Miami Hurricanes,141.96621168674974,5.173571403200828,,,,,,,,,,,,,,,,,,,,,,,,401820721,2026-02-07,2026-02-07T19:00:00Z,,,CST,,,,,,2026-02-07 19:00:00+00:00,Conte Forum,False,2026-02-07T19:00:00Z,,,,,,,,,,,,,,,,,,,,,,,,,,,,marquee_force,Home,5.173571403200828,,,,,,,,,,,,,,,,no_odds,73.56989154497529,68.39632014177445,,,,,12.0,10.0,,,0.8,,0.7,False,False,,
2026-02-07,Columbia Lions,Cornell Big Red,141.7284952317707,5.37589500055777,,,,,,,,,,,,,,,,,,,,,,,,401818543,2026-02-07,2026-02-07T19:00:00Z,,,CST,,,,,,2026-02-07 19:00:00+00:00,Levien Gymnasium,False,2026-02-07T19:00:00Z,,,,,,,,,,,,,,,,,,,,,,,,,,,,marquee_force,Home,5.37589500055777,,,,,,,,,,,,,,,,no_odds,73.55219511616421,68.17630011560645,,,,,12.0,10.0,,,0.8,,0.7,False,False,,
2026-02-07,North Dakota Fighting Hawks,Denver Pioneers,141.8697012818328,2.389192124825315,,,,,,,,,,,,,,,,,,,,,,,,401818415,2026-02-07,2026-02-07T19:00:00Z,,,CST,,,,,,2026-02-07 19:00:00+00:00,Betty Engelstad Sioux Center,False,2026-02-07T19:00:00Z,,,,,,,,,,,,,,,,,,,,,,,,,,,,marquee_force,Home,2.389192124825315,,,,,,,,,,,,,,,,no_odds,72.12944670332905,69.74025457850374,,,,,12.0,10.0,,,0.8,,0.7,False,False,,
2026-02-07,North Dakota State Bison,Omaha Mavericks,139.6989049349042,5.049020288116792,,,,,,,,,,,,,,,,,,,,,,,,401818413,2026-02-07,2026-02-07T19:00:00Z,,,CST,,,,,,2026-02-07 19:00:00+00:00,Scheels Center,False,2026-02-07T19:00:00Z,,,,,,,,,,,,,,,,,,,,,,,,,,,,marquee_force,Home,5.049020288116792,,,,,,,,,,,,,,,,no_odds,72.37396261151049,67.3249423233937,,,,,12.0,10.0,,,0.8,,0.7,False,False,,
2026-02-07,IU Indianapolis Jaguars,Cleveland State Vikings,143.65621831611426,3.1632299996091526,,,,,,,,,,,,,,,,,,,,,,,,401817659,2026-02-07,2026-02-07T19:00:00Z,,,CST,,,,,,2026-02-07 19:00:00+00:00,The Jungle,False,2026-02-07T19:00:00Z,,,,,,,,,,,,,,,,,,,,,,,,,,,,marquee_force,Home,3.1632299996091526,,,,,,,,,,,,,,,,no_odds,73.4097241578617,70.24649415825256,,,,,12.0,10.0,,,0.8,,0.7,False,False,,
2026-02-07,Green Bay Phoenix,Detroit Mercy Titans,142.79066502087653,1.9081954097066287,,,,,,,,,,,,,,,,,,,,,,,,401817658,2026-02-07,2026-02-07T19:00:00Z,,,CST,,,,,,2026-02-07 19:00:00+00:00,Resch Center,False,2026-02-07T19:00:00Z,,,,,,,,,,,,,,,,,,,,,,,,,,,,marquee_force,Home,1.9081954097066287,,,,,,,,,,,,,,,,no_odds,72.34943021529158,70.44123480558495,,,,,12.0,10.0,,,0.8,,0.7,False,False,,
2026-02-07,Saint Peter's Peacocks,Siena Saints,141.95660125173112,5.297246648918953,,,,,,,,,,,,,,,,,,,,,,,,401813428,2026-02-07,2026-02-07T19:00:00Z,,,CST,,,,,,2026-02-07 19:00:00+00:00,Yanitelli Center,False,2026-02-07T19:00:00Z,,,,,,,,,,,,,,,,,,,,,,,,,,,,marquee_force,Home,5.297246648918953,,,,,,,,,,,,,,,,no_odds,73.62692395032504,68.32967730140608,,,,,12.0,10.0,,,0.8,,0.7,False,False,,
2026-02-07,Quinnipiac Bobcats,Niagara Purple Eagles,139.69169034192478,2.215290518116664,,,,,,,,,,,,,,,,,,,,,,,,401813391,2026-02-07,2026-02-07T19:00:00Z,,,CST,,,,,,2026-02-07 19:00:00+00:00,M&T Bank Arena,False,2026-02-07T19:00:00Z,,,,,,,,,,,,,,,,,,,,,,,,,,,,marquee_force,Home,2.215290518116664,,,,,,,,,,,,,,,,no_odds,70.95349043002072,68.73819991190406,,,,,12.0,10.0,,,0.8,,0.7,False,False,,
2026-02-07,Manhattan Jaspers,Sacred Heart Pioneers,142.11188588279762,4.124654551788389,,,,,,,,,,,,,,,,,,,,,,,,401813306,2026-02-07,2026-02-07T19:00:00Z,,,CST,,,,,,2026-02-07 19:00:00+00:00,Draddy Gymnasium,False,2026-02-07T19:00:00Z,,,,,,,,,,,,,,,,,,,,,,,,,,,,marquee_force,Home,4.124654551788389,,,,,,,,,,,,,,,,no_odds,73.118270217293,68.99361566550462,,,,,12.0,10.0,,,0.8,,0.7,False,False,,
2026-02-07,Pennsylvania Quakers,Princeton Tigers,141.7697623561988,5.454836913407035,,,,,,,,,,,,,,,,,,,,,,,,401812592,2026-02-07,2026-02-07T19:00:00Z,,,CST,,,,,,2026-02-07 19:00:00+00:00,The Palestra,False,2026-02-07T19:00:00Z,,,,,,,,,,,,,,,,,,,,,,,,,,,,marquee_force,Home,5.454836913407035,,,,,,,,,,,,,,,,no_odds,73.61229963480292,68.15746272139589,,,,,12.0,10.0,,,0.8,,0.7,False,False,,
2026-02-07,North Carolina A&T Aggies,Campbell Fighting Camels,142.5370450908173,3.1969071226363224,,,,,,,,,,,,,,,,,,,,,,,,401812058,2026-02-07,2026-02-07T19:00:00Z,,,CST,,,,,,2026-02-07 19:00:00+00:00,Corbett Sports Center,False,2026-02-07T19:00:00Z,,,,,,,,,,,,,,,,,,,,,,,,,,,,marquee_force,Home,3.1969071226363224,,,,,,,,,,,,,,,,no_odds,72.86697610672681,69.67006898409048,,,,,12.0,10.0,,,0.8,,0.7,False,False,,
2026-02-07,Chattanooga Mocs,The Citadel Bulldogs,141.86907141566977,4.534735815989387,,,,,,,,,,,,,,,,,,,,,,,,401809358,2026-02-07,2026-02-07T19:00:00Z,,,CST,,,,,,2026-02-07 19:00:00+00:00,McKenzie Arena,False,2026-02-07T19:00:00Z,,,,,,,,,,,,,,,,,,,,,,,,,,,,marquee_force,Home,4.534735815989387,,,,,,,,,,,,,,,,no_odds,73.20190361582958,68.66716779984019,,,,,12.0,10.0,,,0.8,,0.7,False,False,,
2026-02-07,Texas Longhorns,Ole Miss Rebels,142.79023353647278,3.1373899484096297,,,,,,,,,,,,,,,,,,,,,,,,401808226,2026-02-07,2026-02-07T19:00:00Z,,,CST,,,,,,2026-02-07 19:00:00+00:00,Moody Center,False,2026-02-07T19:00:00Z,,,,,,,,,,,,,,,,,,,,,,,,,,,,marquee_force,Home,3.1373899484096297,,,,,,,,,,,,,,,,no_odds,72.96381174244121,69.82642179403157,,,,,12.0,10.0,,,0.8,,0.7,False,False,,
2026-02-07,West Georgia Wolves,Jacksonville Dolphins,141.28699809084037,3.5100335980102004,,,,,,,,,,,,,,,,,,,,,,,,401807729,2026-02-07,2026-02-07T19:00:00Z,,,CST,,,,,,2026-02-07 19:00:00+00:00,The Coliseum,False,2026-02-07T19:00:00Z,,,,,,,,,,,,,,,,,,,,,,,,,,,,marquee_force,Home,3.5100335980102004,,,,,,,,,,,,,,,,no_odds,72.39851584442529,68.88848224641508,,,,,12.0,10.0,,,0.8,,0.7,False,False,,
2026-02-07,Bellarmine Knights,Florida Gulf Coast Eagles,140.58328351896006,4.3570338713898185,,,,,,,,,,,,,,,,,,,,,,,,401807728,2026-02-07,2026-02-07T19:00:00Z,,,CST,,,,,,2026-02-07 19:00:00+00:00,Knights Hall,False,2026-02-07T19:00:00Z,,,,,,,,,,,,,,,,,,,,,,,,,,,,marquee_force,Home,4.3570338713898185,,,,,,,,,,,,,,,,no_odds,72.47015869517494,68.11312482378511,,,,,12.0,10.0,,,0.8,,0.7,False,False,,
2026-02-07,Liberty Flames,Missouri State Bears,139.29607036253327,5.006714506957719,,,,,,,,,,,,,,,,,,,,,,,,401804922,2026-02-07,2026-02-07T19:00:00Z,,,CST,,,,,,2026-02-07 19:00:00+00:00,Liberty Arena (VA),False,2026-02-07T19:00:00Z,,,,,,,,,,,,,,,,,,,,,,,,,,,,marquee_force,Home,5.006714506957719,,,,,,,,,,,,,,,,no_odds,72.15139243474549,67.14467792778778,,,,,12.0,10.0,,,0.8,,0.7,False,False,,
2026-02-07,Kansas Jayhawks,Utah Utes,140.75228059416906,5.734329721374859,,,,,,,,,,,,,,,,,,,,,,,,401827669,2026-02-07,2026-02-07T19:30:00Z,,,CST,,,,,,2026-02-07 19:30:00+00:00,Allen Fieldhouse,False,2026-02-07T19:30:00Z,,,,,,,,,,,,,,,,,,,,,,,,,,,,marquee_force,Home,5.734329721374859,,,,,,,,,,,,,,,,no_odds,73.24330515777196,67.50897543639711,,,,,12.0,10.0,,,0.8,,0.7,False,False,,
2026-02-07,Hampton Pirates,William & Mary Tribe,142.32207199781394,4.053837423386594,,,,,,,,,,,,,,,,,,,,,,,,401812057,2026-02-07,2026-02-07T19:30:00Z,,,CST,,,,,,2026-02-07 19:30:00+00:00,Convocation Center (VA),False,2026-02-07T19:30:00Z,,,,,,,,,,,,,,,,,,,,,,,,,,,,marquee_force,Home,4.053837423386594,,,,,,,,,,,,,,,,no_odds,73.18795471060027,69.13411728721367,,,,,12.0,10.0,,,0.8,,0.7,False,False,,
2026-02-07,Saint Louis Billikens,La Salle Explorers,142.1917744001058,2.3236420435166507,,,,,,,,,,,,,,,,,,,,,,,,401828418,2026-02-07,2026-02-07T20:00:00Z,,,CST,,,,,,2026-02-07 20:00:00+00:00,Chaifetz Arena,False,2026-02-07T20:00:00Z,,,,,,,,,,,,,,,,,,,,,,,,,,,,marquee_force,Home,2.3236420435166507,,,,,,,,,,,,,,,,no_odds,72.25770822181123,69.93406617829457,,,,,12.0,10.0,,,0.8,,0.7,False,False,,
2026-02-07,Texas State Bobcats,Western Michigan Broncos,143.38078278789644,5.729024665553542,,,,,,,,,,,,,,,,,,,,,,,,401845847,2026-02-07,2026-02-07T20:00:00Z,,,CST,,,,,,2026-02-07 20:00:00+00:00,Strahan Arena at the University Events Center,False,2026-02-07T20:00:00Z,,,,,,,,,,,,,,,,,,,,,,,,,,,,marquee_force,Home,5.729024665553542,,,,,,,,,,,,,,,,no_odds,74.55490372672499,68.82587906117145,,,,,12.0,10.0,,,0.8,,0.7,False,False,,
2026-02-07,Southern Miss Golden Eagles,Kent State Golden Flashes,139.9566756727891,2.3965114122481896,,,,,,,,,,,,,,,,,,,,,,,,401845846,2026-02-07,2026-02-07T20:00:00Z,,,CST,,,,,,2026-02-07 20:00:00+00:00,Reed Green Coliseum,False,2026-02-07T20:00:00Z,,,,,,,,,,,,,,,,,,,,,,,,,,,,marquee_force,Home,2.3965114122481896,,,,,,,,,,,,,,,,no_odds,71.17659354251865,68.78008213027044,,,,,12.0,10.0,,,0.8,,0.7,False,False,,
2026-02-07,UL Monroe Warhawks,Ball State Cardinals,143.83582695143627,3.278353186592909,,,,,,,,,,,,,,,,,,,,,,,,401845842,2026-02-07,2026-02-07T20:00:00Z,,,CST,,,,,,2026-02-07 20:00:00+00:00,Fant-Ewing Coliseum,False,2026-02-07T20:00:00Z,,,,,,,,,,,,,,,,,,,,,,,,,,,,marquee_force,Home,3.278353186592909,,,,,,,,,,,,,,,,no_odds,73.55709006901459,70.27873688242168,,,,,12.0,10.0,,,0.8,,0.7,False,False,,
2026-02-07,Arkansas State Red Wolves,Bowling Green Falcons,142.7306239085651,4.146530683158153,,,,,,,,,,,,,,,,,,,,,,,,401845837,2026-02-07,2026-02-07T20:00:00Z,,,CST,,,,,,2026-02-07 20:00:00+00:00,First National Bank Arena,False,2026-02-07T20:00:00Z,,,,,,,,,,,,,,,,,,,,,,,,,,,,marquee_force,Home,4.146530683158153,,,,,,,,,,,,,,,,no_odds,73.43857729586162,69.29204661270347,,,,,12.0,10.0,,,0.8,,0.7,False,False,,
2026-02-07,Western Kentucky Hilltoppers,Florida International Panthers,143.78012385379267,3.326532700155627,,,,,,,,,,,,,,,,,,,,,,,,401804921,2026-02-07,2026-02-07T20:00:00Z,,,CST,,,,,,2026-02-07 20:00:00+00:00,E.A. Diddle Arena,False,2026-02-07T20:00:00Z,,,,,,,,,,,,,,,,,,,,,,,,,,,,marquee_force,Home,3.326532700155627,,,,,,,,,,,,,,,,no_odds,73.55332827697416,70.22679557681852,,,,,12.0,10.0,,,0.8,,0.7,False,False,,
2026-02-07,Louisiana Tech Bulldogs,Sam Houston Bearkats,139.41119875616545,4.505304524621415,,,,,,,,,,,,,,,,,,,,,,,,401804918,2026-02-07,2026-02-07T20:00:00Z,,,CST,,,,,,2026-02-07 20:00:00+00:00,Thomas Assembly Center,False,2026-02-07T20:00:00Z,,,,,,,,,,,,,,,,,,,,,,,,,,,,marquee_force,Home,4.505304524621415,,,,,,,,,,,,,,,,no_odds,71.95825164039343,67.45294711577202,,,,,12.0,10.0,,,0.8,,0.7,False,False,,
2026-02-07,Vanderbilt Commodores,Oklahoma Sooners,140.10114214485696,2.13713788631782,,,,,,,,,,,,,,,,,,,,,,,,401808225,2026-02-07,2026-02-07T20:30:00Z,,,CST,,,,,,2026-02-07 20:30:00+00:00,Memorial Gymnasium (TN),False,2026-02-07T20:30:00Z,,,,,,,,,,,,,,,,,,,,,,,,,,,,marquee_force,Home,2.13713788631782,,,,,,,,,,,,,,,,no_odds,71.11914001558739,68.98200212926957,,,,,12.0,10.0,,,0.8,,0.7,False,False,,
2026-02-07,Fairleigh Dickinson Knights,Mercyhurst Lakers,141.0989333853973,5.4078598330358005,,,,,,,,,,,,,,,,,,,,,,,,401812326,2026-02-07,2026-02-07T20:30:00Z,,,CST,,,,,,2026-02-07 20:30:00+00:00,Bogota Savings Bank Center,False,2026-02-07T20:30:00Z,,,,,,,,,,,,,,,,,,,,,,,,,,,,marquee_force,Home,5.4078598330358005,,,,,,,,,,,,,,,,no_odds,73.25339660921654,67.84553677618075,,,,,12.0,10.0,,,0.8,,0.7,False,False,,
2026-02-07,Arizona Wildcats,Oklahoma State Cowboys,142.41368173596243,4.973685668877344,,,,,,,,,,,,,,,,,,,,,,,,401827665,2026-02-07,2026-02-07T21:00:00Z,,,CST,,,,,,2026-02-07 21:00:00+00:00,McKale Memorial Center,False,2026-02-07T21:00:00Z,,,,,,,,,,,,,,,,,,,,,,,,,,,,marquee_force,Home,4.973685668877344,,,,,,,,,,,,,,,,no_odds,73.69368370241989,68.71999803354254,,,,,12.0,10.0,,,0.8,,0.7,False,False,,
2026-02-07,Marshall Thundering Herd,Miami (OH) RedHawks,140.089954076979,4.3456856941005535,,,,,,,,,,,,,,,,,,,,,,,,401845843,2026-02-07,2026-02-07T21:00:00Z,,,CST,,,,,,2026-02-07 21:00:00+00:00,Cam Henderson Center,False,2026-02-07T21:00:00Z,,,,,,,,,,,,,,,,,,,,,,,,,,,,marquee_force,Home,4.3456856941005535,,,,,,,,,,,,,,,,no_odds,72.21781988553978,67.87213419143923,,,,,12.0,10.0,,,0.8,,0.7,False,False,,
2026-02-07,South Alabama Jaguars,Buffalo Bulls,142.0913403396641,3.1495766461889176,,,,,,,,,,,,,,,,,,,,,,,,401845845,2026-02-07,2026-02-07T21:00:00Z,,,CST,,,,,,2026-02-07 21:00:00+00:00,Mitchell Center,False,2026-02-07T21:00:00Z,,,,,,,,,,,,,,,,,,,,,,,,,,,,marquee_force,Home,3.1495766461889176,,,,,,,,,,,,,,,,no_odds,72.6204584929265,69.4708818467376,,,,,12.0,10.0,,,0.8,,0.7,False,False,,
2026-02-07,Louisiana Ragin' Cajuns,Central Michigan Chippewas,140.4821137415679,1.9418594888365528,,,,,,,,,,,,,,,,,,,,,,,,401845841,2026-02-07,2026-02-07T21:00:00Z,,,CST,,,,,,2026-02-07 21:00:00+00:00,Cajundome,False,2026-02-07T21:00:00Z,,,,,,,,,,,,,,,,,,,,,,,,,,,,marquee_force,Home,1.9418594888365528,,,,,,,,,,,,,,,,no_odds,71.21198661520222,69.27012712636568,,,,,12.0,10.0,,,0.8,,0.7,False,False,,
2026-02-07,James Madison Dukes,Toledo Rockets,142.22700333680243,4.163364811655435,,,,,,,,,,,,,,,,,,,,,,,,401845840,2026-02-07,2026-02-07T21:00:00Z,,,CST,,,,,,2026-02-07 21:00:00+00:00,Atlantic Union Bank Center,False,2026-02-07T21:00:00Z,,,,,,,,,,,,,,,,,,,,,,,,,,,,marquee_force,Home,4.163364811655435,,,,,,,,,,,,,,,,no_odds,73.19518407422893,69.03181926257349,,,,,12.0,10.0,,,0.8,,0.7,False,False,,
2026-02-07,George Mason Patriots,Saint Joseph's Hawks,139.90847403393786,5.198654246536282,,,,,,,,,,,,,,,,,,,,,,,,401828416,2026-02-07,2026-02-07T21:00:00Z,,,CST,,,,,,2026-02-07 21:00:00+00:00,EagleBank Arena,False,2026-02-07T21:00:00Z,,,,,,,,,,,,,,,,,,,,,,,,,,,,marquee_force,Home,5.198654246536282,,,,,,,,,,,,,,,,no_odds,72.55356414023707,67.35490989370079,,,,,12.0,10.0,,,0.8,,0.7,False,False,,
2026-02-07,Cal State Northridge Matadors,UC Riverside Highlanders,141.35176857658615,4.757764846530674,,,,,,,,,,,,,,,,,,,,,,,,401823267,2026-02-07,2026-02-07T21:00:00Z,,,CST,,,,,,2026-02-07 21:00:00+00:00,Premier America Credit Union Arena,False,2026-02-07T21:00:00Z,,,,,,,,,,,,,,,,,,,,,,,,,,,,marquee_force,Home,4.757764846530674,,,,,,,,,,,,,,,,no_odds,73.05476671155841,68.29700186502774,,,,,12.0,10.0,,,0.8,,0.7,False,False,,
2026-02-07,Morgan State Bears,Maryland Eastern Shore Hawks,141.48415677688564,3.455941443454489,,,,,,,,,,,,,,,,,,,,,,,,401823051,2026-02-07,2026-02-07T21:45:00Z,,,CST,,,,,,2026-02-07 21:00:00+00:00,Hill Field House,False,2026-02-07T21:45:00Z,,,,,,,,,,,,,,,,,,,,,,,,,,,,marquee_force,Home,3.455941443454489,,,,,,,,,,,,,,,,no_odds,72.47004911017007,69.01410766671557,,,,,12.0,10.0,,,0.8,,0.7,False,False,,
2026-02-07,Providence Friars,DePaul Blue Demons,140.87448497022166,2.8702178110065426,,,,,,,,,,,,,,,,,,,,,,,,401822936,2026-02-07,2026-02-07T21:00:00Z,,,CST,,,,,,2026-02-07 21:00:00+00:00,Amica Mutual Pavilion,False,2026-02-07T21:00:00Z,,,,,,,,,,,,,,,,,,,,,,,,,,,,marquee_force,Home,2.8702178110065426,,,,,,,,,,,,,,,,no_odds,71.8723513906141,69.00213357960756,,,,,12.0,10.0,,,0.8,,0.7,False,False,,
2026-02-07,Notre Dame Fighting Irish,Florida State Seminoles,139.41625771783893,2.4063093333315324,,,,,,,,,,,,,,,,,,,,,,,,401820725,2026-02-07,2026-02-07T21:00:00Z,,,CST,,,,,,2026-02-07 21:00:00+00:00,Purcell Pavilion,False,2026-02-07T21:00:00Z,,,,,,,,,,,,,,,,,,,,,,,,,,,,marquee_force,Home,2.4063093333315324,,,,,,,,,,,,,,,,no_odds,70.91128352558523,68.5049741922537,,,,,12.0,10.0,,,0.8,,0.7,False,False,,
2026-02-07,Navy Midshipmen,American University Eagles,141.6941950325716,1.9963089467083104,,,,,,,,,,,,,,,,,,,,,,,,401820171,2026-02-07,2026-02-07T21:00:00Z,,,CST,,,,,,2026-02-07 21:00:00+00:00,Alumni Hall (Navy),False,2026-02-07T21:00:00Z,,,,,,,,,,,,,,,,,,,,,,,,,,,,marquee_force,Home,1.9963089467083104,,,,,,,,,,,,,,,,no_odds,71.84525198963995,69.84894304293165,,,,,12.0,10.0,,,0.8,,0.7,False,False,,
2026-02-07,Long Island University Sharks,Stonehill Skyhawks,143.04524879412827,5.304998313624782,,,,,,,,,,,,,,,,,,,,,,,,401812373,2026-02-07,2026-02-07T21:00:00Z,,,CST,,,,,,2026-02-07 21:00:00+00:00,Steinberg Wellness Center,False,2026-02-07T21:00:00Z,,,,,,,,,,,,,,,,,,,,,,,,,,,,marquee_force,Home,5.304998313624782,,,,,,,,,,,,,,,,no_odds,74.17512355387653,68.87012524025174,,,,,12.0,10.0,,,0.8,,0.7,False,False,,
2026-02-07,Bryant Bulldogs,Maine Black Bears,142.9149275711298,5.284419425769945,,,,,,,,,,,,,,,,,,,,,,,,401812147,2026-02-07,2026-02-07T21:00:00Z,,,CST,,,,,,2026-02-07 21:00:00+00:00,Chace Athletic Center,False,2026-02-07T21:00:00Z,,,,,,,,,,,,,,,,,,,,,,,,,,,,marquee_force,Home,5.284419425769945,,,,,,,,,,,,,,,,no_odds,74.09967349844987,68.81525407267992,,,,,12.0,10.0,,,0.8,,0.7,False,False,,
2026-02-07,NJIT Highlanders,Binghamton Bearcats,143.24000339104785,3.0169846642645948,,,,,,,,,,,,,,,,,,,,,,,,401812146,2026-02-07,2026-02-07T21:00:00Z,,,CST,,,,,,2026-02-07 21:00:00+00:00,Joel & Diane Bloom Wellness and Events Center,False,2026-02-07T21:00:00Z,,,,,,,,,,,,,,,,,,,,,,,,,,,,marquee_force,Home,3.0169846642645948,,,,,,,,,,,,,,,,no_odds,73.12849402765622,70.11150936339163,,,,,12.0,10.0,,,0.8,,0.7,False,False,,
2026-02-07,Hofstra Pride,Towson Tigers,139.7138808575725,5.602265098525345,,,,,,,,,,,,,,,,,,,,,,,,401812056,2026-02-07,2026-02-07T21:00:00Z,,,CST,,,,,,2026-02-07 21:00:00+00:00,David S. Mack Sports and Exhibition Complex,False,2026-02-07T21:00:00Z,,,,,,,,,,,,,,,,,,,,,,,,,,,,marquee_force,Home,5.602265098525345,,,,,,,,,,,,,,,,no_odds,72.65807297804892,67.05580787952357,,,,,12.0,10.0,,,0.8,,0.7,False,False,,
2026-02-07,Stony Brook Seawolves,Northeastern Huskies,141.8636305792372,2.495213172077568,,,,,,,,,,,,,,,,,,,,,,,,401812054,2026-02-07,2026-02-07T21:00:00Z,,,CST,,,,,,2026-02-07 21:00:00+00:00,Stony Brook Arena,False,2026-02-07T21:00:00Z,,,,,,,,,,,,,,,,,,,,,,,,,,,,marquee_force,Home,2.495213172077568,,,,,,,,,,,,,,,,no_odds,72.17942187565738,69.68420870357981,,,,,12.0,10.0,,,0.8,,0.7,False,False,,
2026-02-07,Wofford Terriers,Western Carolina Catamounts,139.85025980522565,2.7179757152168027,,,,,,,,,,,,,,,,,,,,,,,,401809362,2026-02-07,2026-02-07T21:00:00Z,,,CST,,,,,,2026-02-07 21:00:00+00:00,Jerry Richardson Indoor Stadium,False,2026-02-07T21:00:00Z,,,,,,,,,,,,,,,,,,,,,,,,,,,,marquee_force,Home,2.7179757152168027,,,,,,,,,,,,,,,,no_odds,71.28411776022122,68.56614204500443,,,,,12.0,10.0,,,0.8,,0.7,False,False,,
2026-02-07,Nicholls Colonels,Texas A&M-Corpus Christi Islanders,139.88254467346744,5.461075406805494,,,,,,,,,,,,,,,,,,,,,,,,401808927,2026-02-07,2026-02-07T21:30:00Z,,,CST,,,,,,2026-02-07 21:00:00+00:00,David R. Stopher Gymnasium,False,2026-02-07T21:30:00Z,,,,,,,,,,,,,,,,,,,,,,,,,,,,marquee_force,Home,5.461075406805494,,,,,,,,,,,,,,,,no_odds,72.67181004013646,67.21073463333097,,,,,12.0,10.0,,,0.8,,0.7,False,False,,
2026-02-07,Auburn Tigers,Alabama Crimson Tide,141.3240135022351,2.8079542571125327,,,,,,,,,,,,,,,,,,,,,,,,401808219,2026-02-07,2026-02-07T21:00:00Z,,,CST,,,,,,2026-02-07 21:00:00+00:00,Neville Arena,False,2026-02-07T21:00:00Z,,,,,,,,,,,,,,,,,,,,,,,,,,,,marquee_force,Home,2.8079542571125327,,,,,,,,,,,,,,,,no_odds,72.06598387967381,69.25802962256128,,,,,12.0,10.0,,,0.8,,0.7,False,False,,
2026-02-07,Queens University Royals,North Florida Ospreys,141.76879745373577,2.2553379696397813,,,,,,,,,,,,,,,,,,,,,,,,401807731,2026-02-07,2026-02-07T21:00:00Z,,,CST,,,,,,2026-02-07 21:00:00+00:00,Curry Arena,False,2026-02-07T21:00:00Z,,,,,,,,,,,,,,,,,,,,,,,,,,,,marquee_force,Home,2.2553379696397813,,,,,,,,,,,,,,,,no_odds,72.01206771168778,69.756729742048,,,,,12.0,10.0,,,0.8,,0.7,False,False,,
2026-02-07,UT Martin Skyhawks,Morehead State Eagles,140.9658724259835,2.8766611662511634,,,,,,,,,,,,,,,,,,,,,,,,401806477,2026-02-07,2026-02-07T21:00:00Z,,,CST,,,,,,2026-02-07 21:00:00+00:00,Kathleen and Tom Elam Center,False,2026-02-07T21:00:00Z,,,,,,,,,,,,,,,,,,,,,,,,,,,,marquee_force,Home,2.8766611662511634,,,,,,,,,,,,,,,,no_odds,71.92126679611732,69.04460562986617,,,,,12.0,10.0,,,0.8,,0.7,False,False,,
2026-02-07,Little Rock Trojans,SIU Edwardsville Cougars,139.53998381354282,4.552177476877617,,,,,,,,,,,,,,,,,,,,,,,,401806476,2026-02-07,2026-02-07T21:00:00Z,,,CST,,,,,,2026-02-07 21:00:00+00:00,Jack Stephens Center,False,2026-02-07T21:00:00Z,,,,,,,,,,,,,,,,,,,,,,,,,,,,marquee_force,Home,4.552177476877617,,,,,,,,,,,,,,,,no_odds,72.04608064521022,67.4939031683326,,,,,12.0,10.0,,,0.8,,0.7,False,False,,
2026-02-07,Tennessee Tech Golden Eagles,Eastern Illinois Panthers,141.62872271659273,3.0679237382854248,,,,,,,,,,,,,,,,,,,,,,,,401806475,2026-02-07,2026-02-07T21:00:00Z,,,CST,,,,,,2026-02-07 21:00:00+00:00,Hooper Eblen Center,False,2026-02-07T21:00:00Z,,,,,,,,,,,,,,,,,,,,,,,,,,,,marquee_force,Home,3.0679237382854248,,,,,,,,,,,,,,,,no_odds,72.34832322743908,69.28039948915365,,,,,12.0,10.0,,,0.8,,0.7,False,False,,
2026-02-07,Utah Valley Wolverines,UT Arlington Mavericks,141.3046868836492,3.1587200223433127,,,,,,,,,,,,,,,,,,,,,,,,401805192,2026-02-07,2026-02-07T21:00:00Z,,,CST,,,,,,2026-02-07 21:00:00+00:00,UCCU Center,False,2026-02-07T21:00:00Z,,,,,,,,,,,,,,,,,,,,,,,,,,,,marquee_force,Home,3.1587200223433127,,,,,,,,,,,,,,,,no_odds,72.23170345299626,69.07298343065294,,,,,12.0,10.0,,,0.8,,0.7,False,False,,
2026-02-07,Howard Bison,South Carolina State Bulldogs,140.28825394004218,5.103359144124379,,,,,,,,,,,,,,,,,,,,,,,,401829288,2026-02-07,2026-02-07T21:30:00Z,,,CST,,,,,,2026-02-07 21:30:00+00:00,Burr Gymnasium,False,2026-02-07T21:30:00Z,,,,,,,,,,,,,,,,,,,,,,,,,,,,marquee_force,Home,5.103359144124379,,,,,,,,,,,,,,,,no_odds,72.69580654208328,67.5924473979589,,,,,12.0,10.0,,,0.8,,0.7,False,False,,
2026-02-07,Norfolk State Spartans,North Carolina Central Eagles,142.48672934802468,5.579468900638318,,,,,,,,,,,,,,,,,,,,,,,,401828729,2026-02-07,2026-02-07T21:30:00Z,,,CST,,,,,,2026-02-07 21:30:00+00:00,Joseph G. Echols Hall,False,2026-02-07T21:30:00Z,,,,,,,,,,,,,,,,,,,,,,,,,,,,marquee_force,Home,5.579468900638318,,,,,,,,,,,,,,,,no_odds,74.0330991243315,68.45363022369318,,,,,12.0,10.0,,,0.8,,0.7,False,False,,
2026-02-07,UNLV Rebels,Grand Canyon Lopes,142.368095938954,2.0766926358202538,,,,,,,,,,,,,,,,,,,,,,,,401823800,2026-02-07,2026-02-07T21:30:00Z,,,CST,,,,,,2026-02-07 21:30:00+00:00,Thomas & Mack Center,False,2026-02-07T21:30:00Z,,,,,,,,,,,,,,,,,,,,,,,,,,,,marquee_force,Home,2.0766926358202538,,,,,,,,,,,,,,,,no_odds,72.22239428738713,70.14570165156688,,,,,12.0,10.0,,,0.8,,0.7,False,False,,
2026-02-07,Coppin State Eagles,Delaware State Hornets,140.4176193332291,4.456560031996419,,,,,,,,,,,,,,,,,,,,,,,,401822774,2026-02-07,2026-02-07T22:30:00Z,,,CST,,,,,,2026-02-07 21:30:00+00:00,Physical Education Complex,False,2026-02-07T22:30:00Z,,,,,,,,,,,,,,,,,,,,,,,,,,,,marquee_force,Home,4.456560031996419,,,,,,,,,,,,,,,,no_odds,72.43708968261276,67.98052965061635,,,,,12.0,10.0,,,0.8,,0.7,False,False,,
2026-02-07,Youngstown State Penguins,Robert Morris Colonials,141.3207835794501,2.2522983201938818,,,,,,,,,,,,,,,,,,,,,,,,401817660,2026-02-07,2026-02-07T21:30:00Z,,,CST,,,,,,2026-02-07 21:30:00+00:00,Beeghly Center,False,2026-02-07T21:30:00Z,,,,,,,,,,,,,,,,,,,,,,,,,,,,marquee_force,Home,2.2522983201938818,,,,,,,,,,,,,,,,no_odds,71.786540949822,69.53424262962811,,,,,12.0,10.0,,,0.8,,0.7,False,False,,
2026-02-07,SE Louisiana Lions,Houston Christian Huskies,140.5810495123094,2.581551474643239,,,,,,,,,,,,,,,,,,,,,,,,401808962,2026-02-07,2026-02-07T21:30:00Z,,,CST,,,,,,2026-02-07 21:30:00+00:00,University Center,False,2026-02-07T21:30:00Z,,,,,,,,,,,,,,,,,,,,,,,,,,,,marquee_force,Home,2.581551474643239,,,,,,,,,,,,,,,,no_odds,71.58130049347632,68.99974901883307,,,,,12.0,10.0,,,0.8,,0.7,False,False,,
2026-02-07,Tennessee State Tigers,Western Illinois Leathernecks,140.33673955357906,4.469530357777817,,,,,,,,,,,,,,,,,,,,,,,,401806479,2026-02-07,2026-02-07T21:30:00Z,,,CST,,,,,,2026-02-07 21:30:00+00:00,Gentry Center,False,2026-02-07T21:30:00Z,,,,,,,,,,,,,,,,,,,,,,,,,,,,marquee_force,Home,4.469530357777817,,,,,,,,,,,,,,,,no_odds,72.40313495567844,67.93360459790063,,,,,12.0,10.0,,,0.8,,0.7,False,False,,
2026-02-07,Southeast Missouri State Redhawks,Southern Indiana Screaming Eagles,143.36076008721716,4.253944523889986,,,,,,,,,,,,,,,,,,,,,,,,401806478,2026-02-07,2026-02-07T21:45:00Z,,,CST,,,,,,2026-02-07 21:45:00+00:00,Show Me Center,False,2026-02-07T21:45:00Z,,,,,,,,,,,,,,,,,,,,,,,,,,,,marquee_force,Home,4.253944523889986,,,,,,,,,,,,,,,,no_odds,73.80735230555358,69.55340778166358,,,,,12.0,10.0,,,0.8,,0.7,False,False,,
2026-02-07,Bucknell Bison,Colgate Raiders,142.475357301934,5.709166312963307,,,,,,,,,,,,,,,,,,,,,,,,401829399,2026-02-07,2026-02-07T22:00:00Z,,,CST,,,,,,2026-02-07 22:00:00+00:00,Sojka Pavilion,False,2026-02-07T22:00:00Z,,,,,,,,,,,,,,,,,,,,,,,,,,,,marquee_force,Home,5.709166312963307,,,,,,,,,,,,,,,,no_odds,74.09226180744865,68.38309549448535,,,,,12.0,10.0,,,0.8,,0.7,False,False,,
2026-02-07,Grambling Tigers,Alabama State Hornets,141.11496228441126,1.9965249324432284,,,,,,,,,,,,,,,,,,,,,,,,401827102,2026-02-07,2026-02-07T22:30:00Z,,,CST,,,,,,2026-02-07 22:00:00+00:00,Fredrick C. Hobdy Assembly Center,False,2026-02-07T22:30:00Z,,,,,,,,,,,,,,,,,,,,,,,,,,,,marquee_force,Home,1.9965249324432284,,,,,,,,,,,,,,,,no_odds,71.55574360842725,69.55921867598401,,,,,12.0,10.0,,,0.8,,0.7,False,False,,
2026-02-07,Northern Kentucky Norse,Milwaukee Panthers,140.8207335634437,1.920022246267841,,,,,,,,,,,,,,,,,,,,,,,,401817656,2026-02-07,2026-02-07T22:00:00Z,,,CST,,,,,,2026-02-07 22:00:00+00:00,Truist Arena,False,2026-02-07T22:00:00Z,,,,,,,,,,,,,,,,,,,,,,,,,,,,marquee_force,Home,1.920022246267841,,,,,,,,,,,,,,,,no_odds,71.37037790485577,69.45035565858792,,,,,12.0,10.0,,,0.8,,0.7,False,False,,
2026-02-07,Dartmouth Big Green,Harvard Crimson,140.40706928717424,5.027270899556068,,,,,,,,,,,,,,,,,,,,,,,,401812619,2026-02-07,2026-02-07T22:00:00Z,,,CST,,,,,,2026-02-07 22:00:00+00:00,Leede Arena,False,2026-02-07T22:00:00Z,,,,,,,,,,,,,,,,,,,,,,,,,,,,marquee_force,Home,5.027270899556068,,,,,,,,,,,,,,,,no_odds,72.71717009336516,67.68989919380908,,,,,12.0,10.0,,,0.8,,0.7,False,False,,
2026-02-07,UC Davis Aggies,Cal Poly Mustangs,143.17065191797704,2.921627188331728,,,,,,,,,,,,,,,,,,,,,,,,401809133,2026-02-07,2026-02-07T22:00:00Z,,,CST,,,,,,2026-02-07 22:00:00+00:00,University Credit Union Center,False,2026-02-07T22:00:00Z,,,,,,,,,,,,,,,,,,,,,,,,,,,,marquee_force,Home,2.921627188331728,,,,,,,,,,,,,,,,no_odds,73.04613955315439,70.12451236482265,,,,,12.0,10.0,,,0.8,,0.7,False,False,,
2026-02-07,McNeese Cowboys,Incarnate Word Cardinals,141.01957823618002,3.177484127535427,,,,,,,,,,,,,,,,,,,,,,,,401808883,2026-02-07,2026-02-07T22:00:00Z,,,CST,,,,,,2026-02-07 22:00:00+00:00,Townsley Law Arena,False,2026-02-07T22:00:00Z,,,,,,,,,,,,,,,,,,,,,,,,,,,,marquee_force,Home,3.177484127535427,,,,,,,,,,,,,,,,no_odds,72.09853118185772,68.9210470543223,,,,,12.0,10.0,,,0.8,,0.7,False,False,,
2026-02-07,Eastern Kentucky Colonels,Stetson Hatters,142.50170777048984,4.945267366994649,,,,,,,,,,,,,,,,,,,,,,,,401807732,2026-02-07,2026-02-07T22:00:00Z,,,CST,,,,,,2026-02-07 22:00:00+00:00,Baptist Health Arena,False,2026-02-07T22:00:00Z,,,,,,,,,,,,,,,,,,,,,,,,,,,,marquee_force,Home,4.945267366994649,,,,,,,,,,,,,,,,no_odds,73.72348756874224,68.7782202017476,,,,,12.0,10.0,,,0.8,,0.7,False,False,,
2026-02-07,Austin Peay Governors,North Alabama Lions,141.69874101618143,4.443452372244427,,,,,,,,,,,,,,,,,,,,,,,,401807730,2026-02-07,2026-02-07T22:00:00Z,,,CST,,,,,,2026-02-07 22:00:00+00:00,F&M Bank Arena,False,2026-02-07T22:00:00Z,,,,,,,,,,,,,,,,,,,,,,,,,,,,marquee_force,Home,4.443452372244427,,,,,,,,,,,,,,,,no_odds,73.07109669421293,68.6276443219685,,,,,12.0,10.0,,,0.8,,0.7,False,False,,
2026-02-07,Lipscomb Bisons,Central Arkansas Bears,142.32858202767787,2.3946094864702108,,,,,,,,,,,,,,,,,,,,,,,,401807727,2026-02-07,2026-02-07T22:00:00Z,,,CST,,,,,,2026-02-07 22:00:00+00:00,Allen Arena,False,2026-02-07T22:00:00Z,,,,,,,,,,,,,,,,,,,,,,,,,,,,marquee_force,Home,2.3946094864702108,,,,,,,,,,,,,,,,no_odds,72.36159575707404,69.96698627060383,,,,,12.0,10.0,,,0.8,,0.7,False,False,,
2026-02-07,Bethune-Cookman Wildcats,Prairie View A&M Panthers,142.5770147693666,5.515502190208746,,,,,,,,,,,,,,,,,,,,,,,,401827075,2026-02-07,2026-02-07T22:30:00Z,,,CST,,,,,,2026-02-07 22:30:00+00:00,Moore Gymnasium (FL),False,2026-02-07T22:30:00Z,,,,,,,,,,,,,,,,,,,,,,,,,,,,marquee_force,Home,5.515502190208746,,,,,,,,,,,,,,,,no_odds,74.04625847978767,68.53075628957893,,,,,12.0,10.0,,,0.8,,0.7,False,False,,
2026-02-07,Oregon State Beavers,Gonzaga Bulldogs,142.55529501243544,1.9959897600854208,,,,,,,,,,,,,,,,,,,,,,,,401829233,2026-02-07,2026-02-07T23:00:00Z,,,CST,,,,,,2026-02-07 23:00:00+00:00,Gill Coliseum,False,2026-02-07T23:00:00Z,,,,,,,,,,,,,,,,,,,,,,,,,,,,marquee_force,Home,1.9959897600854208,,,,,,,,,,,,,,,,no_odds,72.27564238626043,70.27965262617501,,,,,12.0,10.0,,,0.8,,0.7,False,False,,
2026-02-07,Troy Trojans,Akron Zips,139.13583079166227,3.5413869683147823,,,,,,,,,,,,,,,,,,,,,,,,401845848,2026-02-07,2026-02-07T23:00:00Z,,,CST,,,,,,2026-02-07 23:00:00+00:00,Trojan Arena,False,2026-02-07T23:00:00Z,,,,,,,,,,,,,,,,,,,,,,,,,,,,marquee_force,Home,3.5413869683147823,,,,,,,,,,,,,,,,no_odds,71.33860887998853,67.79722191167374,,,,,12.0,10.0,,,0.8,,0.7,False,False,,
2026-02-07,Florida A&M Rattlers,Texas Southern Tigers,141.7017334816299,4.860495516301992,,,,,,,,,,,,,,,,,,,,,,,,401829502,2026-02-07,2026-02-07T23:00:00Z,,,CST,,,,,,2026-02-07 23:00:00+00:00,Al Lawson Center,False,2026-02-07T23:00:00Z,,,,,,,,,,,,,,,,,,,,,,,,,,,,marquee_force,Home,4.860495516301992,,,,,,,,,,,,,,,,no_odds,73.28111449896595,68.42061898266395,,,,,12.0,10.0,,,0.8,,0.7,False,False,,
2026-02-07,Washington State Cougars,Santa Clara Broncos,139.62848353562725,3.3351850897417474,,,,,,,,,,,,,,,,,,,,,,,,401829237,2026-02-07,2026-02-07T23:00:00Z,,,CST,,,,,,2026-02-07 23:00:00+00:00,Beasley Coliseum,False,2026-02-07T23:00:00Z,,,,,,,,,,,,,,,,,,,,,,,,,,,,marquee_force,Home,3.3351850897417474,,,,,,,,,,,,,,,,no_odds,71.4818343126845,68.14664922294276,,,,,12.0,10.0,,,0.8,,0.7,False,False,,
2026-02-07,Mississippi Valley State Delta Devils,Jackson State Tigers,142.19438130301597,3.0934697726527003,,,,,,,,,,,,,,,,,,,,,,,,401827146,2026-02-07,2026-02-07T23:25:00Z,,,CST,,,,,,2026-02-07 23:00:00+00:00,R.W. Harrison HPER Complex,False,2026-02-07T23:25:00Z,,,,,,,,,,,,,,,,,,,,,,,,,,,,marquee_force,Home,3.0934697726527003,,,,,,,,,,,,,,,,no_odds,72.64392553783433,69.55045576518164,,,,,12.0,10.0,,,0.8,,0.7,False,False,,
2026-02-07,Southern Jaguars,Alabama A&M Bulldogs,140.0068757245865,2.126684877569936,,,,,,,,,,,,,,,,,,,,,,,,401827030,2026-02-07,2026-02-07T23:00:00Z,,,CST,,,,,,2026-02-07 23:00:00+00:00,F.G. Clark Activity Center,False,2026-02-07T23:00:00Z,,,,,,,,,,,,,,,,,,,,,,,,,,,,marquee_force,Home,2.126684877569936,,,,,,,,,,,,,,,,no_odds,71.06678030107823,68.94009542350828,,,,,12.0,10.0,,,0.8,,0.7,False,False,,
2026-02-07,Creighton Bluejays,Seton Hall Pirates,140.12576074127432,5.377900544932456,,,,,,,,,,,,,,,,,,,,,,,,401822933,2026-02-07,2026-02-07T23:00:00Z,,,CST,,,,,,2026-02-07 23:00:00+00:00,CHI Health Center Omaha,False,2026-02-07T23:00:00Z,,,,,,,,,,,,,,,,,,,,,,,,,,,,marquee_force,Home,5.377900544932456,,,,,,,,,,,,,,,,no_odds,72.75183064310339,67.37393009817093,,,,,12.0,10.0,,,0.8,,0.7,False,False,,
2026-02-07,South Dakota State Jackrabbits,South Dakota Coyotes,139.76670689549397,3.1205746555811604,,,,,,,,,,,,,,,,,,,,,,,,401818412,2026-02-07,2026-02-07T23:00:00Z,,,CST,,,,,,2026-02-07 23:00:00+00:00,First Bank & Trust Arena,False,2026-02-07T23:00:00Z,,,,,,,,,,,,,,,,,,,,,,,,,,,,marquee_force,Home,3.1205746555811604,,,,,,,,,,,,,,,,no_odds,71.44364077553756,68.32306611995641,,,,,12.0,10.0,,,0.8,,0.7,False,False,,
2026-02-07,Samford Bulldogs,Mercer Bears,139.88995029110163,2.0166390204352145,,,,,,,,,,,,,,,,,,,,,,,,401809360,2026-02-07,2026-02-07T23:00:00Z,,,CST,,,,,,2026-02-07 23:00:00+00:00,Pete Hanna Center,False,2026-02-07T23:00:00Z,,,,,,,,,,,,,,,,,,,,,,,,,,,,marquee_force,Home,2.0166390204352145,,,,,,,,,,,,,,,,no_odds,70.95329465576842,68.93665563533321,,,,,12.0,10.0,,,0.8,,0.7,False,False,,
2026-02-07,Stephen F. Austin Lumberjacks,Lamar Cardinals,140.60996992845415,2.620988863154253,,,,,,,,,,,,,,,,,,,,,,,,401808971,2026-02-07,2026-02-07T23:00:00Z,,,CST,,,,,,2026-02-07 23:00:00+00:00,William R. Johnson Coliseum,False,2026-02-07T23:00:00Z,,,,,,,,,,,,,,,,,,,,,,,,,,,,marquee_force,Home,2.620988863154253,,,,,,,,,,,,,,,,no_odds,71.6154793958042,68.99449053264995,,,,,12.0,10.0,,,0.8,,0.7,False,False,,
2026-02-07,New Orleans Privateers,UT Rio Grande Valley Vaqueros,140.84912802586743,4.285726546536628,,,,,,,,,,,,,,,,,,,,,,,,401808911,2026-02-07,2026-02-07T23:00:00Z,,,CST,,,,,,2026-02-07 23:00:00+00:00,Lakefront Arena,False,2026-02-07T23:00:00Z,,,,,,,,,,,,,,,,,,,,,,,,,,,,marquee_force,Home,4.285726546536628,,,,,,,,,,,,,,,,no_odds,72.56742728620203,68.2817007396654,,,,,12.0,10.0,,,0.8,,0.7,False,False,,
2026-02-07,East Texas A&M Lions,Northwestern State Demons,140.83642194788456,4.561609461026261,,,,,,,,,,,,,,,,,,,,,,,,401808716,2026-02-07,2026-02-07T23:00:00Z,,,CST,,,,,,2026-02-07 23:00:00+00:00,The Field House,False,2026-02-07T23:00:00Z,,,,,,,,,,,,,,,,,,,,,,,,,,,,marquee_force,Home,4.561609461026261,,,,,,,,,,,,,,,,no_odds,72.6990157044554,68.13740624342915,,,,,12.0,10.0,,,0.8,,0.7,False,False,,
2026-02-07,Idaho State Bengals,Northern Colorado Bears,140.494936324362,4.300599802140103,,,,,,,,,,,,,,,,,,,,,,,,401808496,2026-02-07,2026-02-07T23:00:00Z,,,CST,,,,,,2026-02-07 23:00:00+00:00,Reed Gym,False,2026-02-07T23:00:00Z,,,,,,,,,,,,,,,,,,,,,,,,,,,,marquee_force,Home,4.300599802140103,,,,,,,,,,,,,,,,no_odds,72.39776806325105,68.09716826111094,,,,,12.0,10.0,,,0.8,,0.7,False,False,,
2026-02-07,Montana Grizzlies,Idaho Vandals,141.60209450492445,2.0168813633479576,,,,,,,,,,,,,,,,,,,,,,,,401808480,2026-02-07,2026-02-07T23:00:00Z,,,CST,,,,,,2026-02-07 23:00:00+00:00,Dahlberg Arena,False,2026-02-07T23:00:00Z,,,,,,,,,,,,,,,,,,,,,,,,,,,,marquee_force,Home,2.0168813633479576,,,,,,,,,,,,,,,,no_odds,71.8094879341362,69.79260657078825,,,,,12.0,10.0,,,0.8,,0.7,False,False,,
2026-02-07,LSU Tigers,Georgia Bulldogs,143.63396074532452,3.441050690911886,,,,,,,,,,,,,,,,,,,,,,,,401808221,2026-02-07,2026-02-07T23:00:00Z,,,CST,,,,,,2026-02-07 23:00:00+00:00,Pete Maravich Assembly Center,False,2026-02-07T23:00:00Z,,,,,,,,,,,,,,,,,,,,,,,,,,,,marquee_force,Home,3.441050690911886,,,,,,,,,,,,,,,,no_odds,73.5375057181182,70.09645502720632,,,,,12.0,10.0,,,0.8,,0.7,False,False,,
2026-02-07,North Carolina Tar Heels,Duke Blue Devils,141.94180542307038,1.896648898996948,,,,,,,,,,,,,,,,,,,,,,,,401820724,2026-02-07,2026-02-07T23:30:00Z,,,CST,,,,,,2026-02-07 23:30:00+00:00,Dean E. Smith Center,False,2026-02-07T23:30:00Z,,,,,,,,,,,,,,,,,,,,,,,,,,,,marquee_force,Home,1.896648898996948,,,,,,,,,,,,,,,,no_odds,71.91922716103366,70.02257826203672,,,,,12.0,10.0,,,0.8,,0.7,False,False,,
2026-02-07,Arkansas-Pine Bluff Golden Lions,Alcorn State Braves,142.61110105203454,2.648229264545164,,,,,,,,,,,,,,,,,,,,,,,,401829688,2026-02-07,2026-02-07T23:30:00Z,,,CST,,,,,,2026-02-07 23:30:00+00:00,H.O. Clemmons Arena,False,2026-02-07T23:30:00Z,,,,,,,,,,,,,,,,,,,,,,,,,,,,marquee_force,Home,2.648229264545164,,,,,,,,,,,,,,,,no_odds,72.62966515828985,69.98143589374469,,,,,12.0,10.0,,,0.8,,0.7,False,False,,
2026-02-07,Old Dominion Monarchs,Ohio Bobcats,142.35320138519342,2.335237890815545,,,,,,,,,,,,,,,,,,,,,,,,401845844,2026-02-07,2026-02-08T00:00:00Z,,,CST,,,,,,2026-02-08 00:00:00+00:00,Chartway Arena,False,2026-02-08T00:00:00Z,,,,,,,,,,,,,,,,,,,,,,,,,,,,marquee_force,Home,2.335237890815545,,,,,,,,,,,,,,,,no_odds,72.34421963800447,70.00898174718894,,,,,12.0,10.0,,,0.8,,0.7,False,False,,
2026-02-07,High Point Panthers,Radford Highlanders,142.24642778575372,5.215754333864686,,,,,,,,,,,,,,,,,,,,,,,,401823941,2026-02-07,2026-02-08T00:00:00Z,,,CST,,,,,,2026-02-08 00:00:00+00:00,Qubein Center,False,2026-02-08T00:00:00Z,,,,,,,,,,,,,,,,,,,,,,,,,,,,marquee_force,Home,5.215754333864686,,,,,,,,,,,,,,,,no_odds,73.7310910598092,68.51533672594452,,,,,12.0,10.0,,,0.8,,0.7,False,False,,
2026-02-07,Rider Broncs,Merrimack Warriors,143.16674363781783,3.580743533780365,,,,,,,,,,,,,,,,,,,,,,,,401823855,2026-02-07,2026-02-08T00:00:00Z,,,CST,,,,,,2026-02-08 00:00:00+00:00,Alumni Gymnasium (Rider),False,2026-02-08T00:00:00Z,,,,,,,,,,,,,,,,,,,,,,,,,,,,marquee_force,Home,3.580743533780365,,,,,,,,,,,,,,,,no_odds,73.3737435857991,69.79300005201873,,,,,12.0,10.0,,,0.8,,0.7,False,False,,
2026-02-07,Cal State Fullerton Titans,Cal State Bakersfield Roadrunners,142.9595960109751,3.141002607239088,,,,,,,,,,,,,,,,,,,,,,,,401823183,2026-02-07,2026-02-08T00:00:00Z,,,CST,,,,,,2026-02-08 00:00:00+00:00,Titan Gym,False,2026-02-08T00:00:00Z,,,,,,,,,,,,,,,,,,,,,,,,,,,,marquee_force,Home,3.141002607239088,,,,,,,,,,,,,,,,no_odds,73.05029930910709,69.90929670186802,,,,,12.0,10.0,,,0.8,,0.7,False,False,,
2026-02-07,Wright State Raiders,Purdue Fort Wayne Mastodons,142.44522336408622,2.248459059999925,,,,,,,,,,,,,,,,,,,,,,,,401817657,2026-02-07,2026-02-08T00:00:00Z,,,CST,,,,,,2026-02-08 00:00:00+00:00,Nutter Center,False,2026-02-08T00:00:00Z,,,,,,,,,,,,,,,,,,,,,,,,,,,,marquee_force,Home,2.248459059999925,,,,,,,,,,,,,,,,no_odds,72.34684121204307,70.09838215204314,,,,,12.0,10.0,,,0.8,,0.7,False,False,,
2026-02-07,Iona Gaels,Mount St. Mary's Mountaineers,139.42949558508798,4.770367794226793,,,,,,,,,,,,,,,,,,,,,,,,401813416,2026-02-07,2026-02-08T00:00:00Z,,,CST,,,,,,2026-02-08 00:00:00+00:00,Hynes Athletics Center,False,2026-02-08T00:00:00Z,,,,,,,,,,,,,,,,,,,,,,,,,,,,marquee_force,Home,4.770367794226793,,,,,,,,,,,,,,,,no_odds,72.09993168965738,67.3295638954306,,,,,12.0,10.0,,,0.8,,0.7,False,False,,
2026-02-07,Fairfield Stags,Marist Red Foxes,140.05036108540213,4.385991482112529,,,,,,,,,,,,,,,,,,,,,,,,401813340,2026-02-07,2026-02-08T00:00:00Z,,,CST,,,,,,2026-02-08 00:00:00+00:00,Leo D. Mahoney Arena,False,2026-02-08T00:00:00Z,,,,,,,,,,,,,,,,,,,,,,,,,,,,marquee_force,Home,4.385991482112529,,,,,,,,,,,,,,,,no_odds,72.21817628375733,67.8321848016448,,,,,12.0,10.0,,,0.8,,0.7,False,False,,
2026-02-07,UAlbany Great Danes,UMass Lowell River Hawks,141.87359680357824,5.18278150050514,,,,,,,,,,,,,,,,,,,,,,,,401812148,2026-02-07,2026-02-08T00:00:00Z,,,CST,,,,,,2026-02-08 00:00:00+00:00,Broadview Center,False,2026-02-08T00:00:00Z,,,,,,,,,,,,,,,,,,,,,,,,,,,,marquee_force,Home,5.18278150050514,,,,,,,,,,,,,,,,no_odds,73.52818915204169,68.34540765153655,,,,,12.0,10.0,,,0.8,,0.7,False,False,,
2026-02-07,Michigan State Spartans,Illinois Fighting Illini,140.56279076809832,3.2869396326109883,,,,,,,,,,,,,,,,,,,,,,,,401830778,2026-02-07,2026-02-08T01:00:00Z,,,CST,,,,,,2026-02-08 01:00:00+00:00,Breslin Center,False,2026-02-08T01:00:00Z,,,,,,,,,,,,,,,,,,,,,,,,,,,,marquee_force,Home,3.2869396326109883,,,,,,,,,,,,,,,,no_odds,71.92486520035466,68.63792556774366,,,,,12.0,10.0,,,0.8,,0.7,False,False,,
2026-02-07,California Golden Bears,Clemson Tigers,142.19567195570417,4.308400386258316,,,,,,,,,,,,,,,,,,,,,,,,401820722,2026-02-07,2026-02-08T01:00:00Z,,,CST,,,,,,2026-02-08 01:00:00+00:00,Haas Pavilion,False,2026-02-08T01:00:00Z,,,,,,,,,,,,,,,,,,,,,,,,,,,,marquee_force,Home,4.308400386258316,,,,,,,,,,,,,,,,no_odds,73.25203617098124,68.94363578472293,,,,,12.0,10.0,,,0.8,,0.7,False,False,,
2026-02-07,Wyoming Cowboys,Utah State Aggies,141.74161642512374,3.3988478653497647,,,,,,,,,,,,,,,,,,,,,,,,401829338,2026-02-07,2026-02-08T01:00:00Z,,,CST,,,,,,2026-02-08 01:00:00+00:00,Arena-Auditorium,False,2026-02-08T01:00:00Z,,,,,,,,,,,,,,,,,,,,,,,,,,,,marquee_force,Home,3.3988478653497647,,,,,,,,,,,,,,,,no_odds,72.57023214523674,69.171384279887,,,,,12.0,10.0,,,0.8,,0.7,False,False,,
2026-02-07,Portland Pilots,Seattle U Redhawks,143.34739882249852,4.372376180534383,,,,,,,,,,,,,,,,,,,,,,,,401829238,2026-02-07,2026-02-08T01:00:00Z,,,CST,,,,,,2026-02-08 01:00:00+00:00,Chiles Center,False,2026-02-08T01:00:00Z,,,,,,,,,,,,,,,,,,,,,,,,,,,,marquee_force,Home,4.372376180534383,,,,,,,,,,,,,,,,no_odds,73.85988750151645,69.48751132098207,,,,,12.0,10.0,,,0.8,,0.7,False,False,,
2026-02-07,Pepperdine Waves,Pacific Tigers,142.24874854822522,2.357952746656501,,,,,,,,,,,,,,,,,,,,,,,,401829234,2026-02-07,2026-02-08T01:00:00Z,,,CST,,,,,,2026-02-08 01:00:00+00:00,Firestone Fieldhouse,False,2026-02-08T01:00:00Z,,,,,,,,,,,,,,,,,,,,,,,,,,,,marquee_force,Home,2.357952746656501,,,,,,,,,,,,,,,,no_odds,72.30335064744087,69.94539790078436,,,,,12.0,10.0,,,0.8,,0.7,False,False,,
2026-02-07,Stanford Cardinal,Georgia Tech Yellow Jackets,141.07547426391076,2.923370840453845,,,,,,,,,,,,,,,,,,,,,,,,401820727,2026-02-07,2026-02-08T01:00:00Z,,,CST,,,,,,2026-02-08 01:00:00+00:00,Maples Pavilion,False,2026-02-08T01:00:00Z,,,,,,,,,,,,,,,,,,,,,,,,,,,,marquee_force,Home,2.923370840453845,,,,,,,,,,,,,,,,no_odds,71.99942255218231,69.07605171172845,,,,,12.0,10.0,,,0.8,,0.7,False,False,,
2026-02-07,Air Force Falcons,San Diego State Aztecs,139.80575624377224,5.351642643753924,,,,,,,,,,,,,,,,,,,,,,,,401820568,2026-02-07,2026-02-08T01:00:00Z,,,CST,,,,,,2026-02-08 01:00:00+00:00,Clune Arena,False,2026-02-08T01:00:00Z,,,,,,,,,,,,,,,,,,,,,,,,,,,,marquee_force,Home,5.351642643753924,,,,,,,,,,,,,,,,no_odds,72.57869944376309,67.22705680000915,,,,,12.0,10.0,,,0.8,,0.7,False,False,,
2026-02-07,St. Thomas-Minnesota Tommies,Oral Roberts Golden Eagles,139.61953367732602,3.4785712661722146,,,,,,,,,,,,,,,,,,,,,,,,401818414,2026-02-07,2026-02-08T01:00:00Z,,,CST,,,,,,2026-02-08 01:00:00+00:00,Lee & Penny Anderson Arena,False,2026-02-08T01:00:00Z,,,,,,,,,,,,,,,,,,,,,,,,,,,,marquee_force,Home,3.4785712661722146,,,,,,,,,,,,,,,,no_odds,71.54905247174912,68.0704812055769,,,,,12.0,10.0,,,0.8,,0.7,False,False,,
2026-02-07,Montana State Bobcats,Eastern Washington Eagles,142.5672163223501,3.2105339373445427,,,,,,,,,,,,,,,,,,,,,,,,401808463,2026-02-07,2026-02-08T01:00:00Z,,,CST,,,,,,2026-02-08 01:00:00+00:00,Worthington Arena,False,2026-02-08T01:00:00Z,,,,,,,,,,,,,,,,,,,,,,,,,,,,marquee_force,Home,3.2105339373445427,,,,,,,,,,,,,,,,no_odds,72.88887512984732,69.67834119250278,,,,,12.0,10.0,,,0.8,,0.7,False,False,,
2026-02-07,California Baptist Lancers,Abilene Christian Wildcats,141.8801928524883,2.6060368646081606,,,,,,,,,,,,,,,,,,,,,,,,401805190,2026-02-07,2026-02-08T01:00:00Z,,,CST,,,,,,2026-02-08 01:00:00+00:00,Dale E. and Sarah Ann Fowler Events Center,False,2026-02-08T01:00:00Z,,,,,,,,,,,,,,,,,,,,,,,,,,,,marquee_force,Home,2.6060368646081606,,,,,,,,,,,,,,,,no_odds,72.24311485854824,69.63707799394007,,,,,12.0,10.0,,,0.8,,0.7,False,False,,
2026-02-07,Jacksonville State Gamecocks,Kennesaw State Owls,141.85369521547642,5.570832078651285,,,,,,,,,,,,,,,,,,,,,,,,401804919,2026-02-07,2026-02-08T01:00:00Z,,,CST,,,,,,2026-02-08 01:00:00+00:00,Pete Mathews Coliseum,False,2026-02-08T01:00:00Z,,,,,,,,,,,,,,,,,,,,,,,,,,,,marquee_force,Home,5.570832078651285,,,,,,,,,,,,,,,,no_odds,73.71226364706385,68.14143156841257,,,,,12.0,10.0,,,0.8,,0.7,False,False,,
2026-02-07,Texas A&M Aggies,Florida Gators,143.6712984617001,2.265147215257508,,,,,,,,,,,,,,,,,,,,,,,,401808224,2026-02-07,2026-02-08T01:30:00Z,,,CST,,,,,,2026-02-08 01:30:00+00:00,Reed Arena,False,2026-02-08T01:30:00Z,,,,,,,,,,,,,,,,,,,,,,,,,,,,marquee_force,Home,2.265147215257508,,,,,,,,,,,,,,,,no_odds,72.96822283847881,70.7030756232213,,,,,12.0,10.0,,,0.8,,0.7,False,False,,
2026-02-07,Kentucky Wildcats,Tennessee Volunteers,139.6607791735332,4.401823203494166,,,,,,,,,,,,,,,,,,,,,,,,401808220,2026-02-07,2026-02-08T01:30:00Z,,,CST,,,,,,2026-02-08 01:30:00+00:00,Rupp Arena,False,2026-02-08T01:30:00Z,,,,,,,,,,,,,,,,,,,,,,,,,,,,marquee_force,Home,4.401823203494166,,,,,,,,,,,,,,,,no_odds,72.03130118851368,67.62947798501952,,,,,12.0,10.0,,,0.8,,0.7,False,False,,
2026-02-07,Southern Utah Thunderbirds,Tarleton State Texans,140.45355484028727,5.457935636786432,,,,,,,,,,,,,,,,,,,,,,,,401805191,2026-02-07,2026-02-08T01:30:00Z,,,CST,,,,,,2026-02-08 01:30:00+00:00,America First Events Center,False,2026-02-08T01:30:00Z,,,,,,,,,,,,,,,,,,,,,,,,,,,,marquee_force,Home,5.457935636786432,,,,,,,,,,,,,,,,no_odds,72.95574523853685,67.49780960175042,,,,,12.0,10.0,,,0.8,,0.7,False,False,,
2026-02-07,Colorado State Rams,San José State Spartans,139.6199245373772,4.04937498670211,,,,,,,,,,,,,,,,,,,,,,,,401829331,2026-02-07,2026-02-08T02:00:00Z,,,CST,,,,,,2026-02-08 02:00:00+00:00,Moby Arena,False,2026-02-08T02:00:00Z,,,,,,,,,,,,,,,,,,,,,,,,,,,,marquee_force,Home,4.04937498670211,,,,,,,,,,,,,,,,no_odds,71.83464976203965,67.78527477533754,,,,,12.0,10.0,,,0.8,,0.7,False,False,,
2026-02-07,Loyola Marymount Lions,San Diego Toreros,142.4770792579836,4.15282409851921,,,,,,,,,,,,,,,,,,,,,,,,401829235,2026-02-07,2026-02-08T02:00:00Z,,,CST,,,,,,2026-02-08 02:00:00+00:00,Gersten Pavilion,False,2026-02-08T02:00:00Z,,,,,,,,,,,,,,,,,,,,,,,,,,,,marquee_force,Home,4.15282409851921,,,,,,,,,,,,,,,,no_odds,73.3149516782514,69.1621275797322,,,,,12.0,10.0,,,0.8,,0.7,False,False,,
2026-02-07,Weber State Wildcats,Northern Arizona Lumberjacks,141.94167035822073,3.488463923940218,,,,,,,,,,,,,,,,,,,,,,,,401808527,2026-02-07,2026-02-08T02:00:00Z,,,CST,,,,,,2026-02-08 02:00:00+00:00,Dee Events Center,False,2026-02-08T02:00:00Z,,,,,,,,,,,,,,,,,,,,,,,,,,,,marquee_force,Home,3.488463923940218,,,,,,,,,,,,,,,,no_odds,72.71506714108048,69.22660321714025,,,,,12.0,10.0,,,0.8,,0.7,False,False,,
2026-02-07,UTEP Miners,New Mexico State Aggies,140.337288927268,2.488078463582781,,,,,,,,,,,,,,,,,,,,,,,,401804917,2026-02-07,2026-02-08T02:00:00Z,,,CST,,,,,,2026-02-08 02:00:00+00:00,Don Haskins Center,False,2026-02-08T02:00:00Z,,,,,,,,,,,,,,,,,,,,,,,,,,,,marquee_force,Home,2.488078463582781,,,,,,,,,,,,,,,,no_odds,71.41268369542539,68.9246052318426,,,,,12.0,10.0,,,0.8,,0.7,False,False,,
2026-02-07,Colorado Buffaloes,Arizona State Sun Devils,142.15338774563725,2.056728593268187,,,,,,,,,,,,,,,,,,,,,,,,401827667,2026-02-07,2026-02-08T02:30:00Z,,,CST,,,,,,2026-02-08 02:30:00+00:00,CU Events Center,False,2026-02-08T02:30:00Z,,,,,,,,,,,,,,,,,,,,,,,,,,,,marquee_force,Home,2.056728593268187,,,,,,,,,,,,,,,,no_odds,72.10505816945272,70.04832957618453,,,,,12.0,10.0,,,0.8,,0.7,False,False,,
2026-02-07,Nevada Wolf Pack,Fresno State Bulldogs,139.97255080178283,2.632974271727388,,,,,,,,,,,,,,,,,,,,,,,,401828931,2026-02-07,2026-02-08T03:00:00Z,,,CST,,,,,,2026-02-08 03:00:00+00:00,Lawlor Events Center,False,2026-02-08T03:00:00Z,,,,,,,,,,,,,,,,,,,,,,,,,,,,marquee_force,Home,2.632974271727388,,,,,,,,,,,,,,,,no_odds,71.30276253675511,68.66978826502772,,,,,12.0,10.0,,,0.8,,0.7,False,False,,
2026-02-07,UCLA Bruins,Washington Huskies,143.06611950929093,4.618192956480431,,,,,,,,,,,,,,,,,,,,,,,,401825500,2026-02-07,2026-02-08T03:00:00Z,,,CST,,,,,,2026-02-08 03:00:00+00:00,Pauley Pavilion,False,2026-02-08T03:00:00Z,,,,,,,,,,,,,,,,,,,,,,,,,,,,marquee_force,Home,4.618192956480431,,,,,,,,,,,,,,,,no_odds,73.84215623288569,69.22396327640524,,,,,12.0,10.0,,,0.8,,0.7,False,False,,
2026-02-07,New Mexico Lobos,Boise State Broncos,140.00315194846615,2.8643191886594703,,,,,,,,,,,,,,,,,,,,,,,,401823828,2026-02-07,2026-02-08T03:00:00Z,,,CST,,,,,,2026-02-08 03:00:00+00:00,The Pit,False,2026-02-08T03:00:00Z,,,,,,,,,,,,,,,,,,,,,,,,,,,,marquee_force,Home,2.8643191886594703,,,,,,,,,,,,,,,,no_odds,71.43373556856281,68.56941637990334,,,,,12.0,10.0,,,0.8,,0.7,False,False,,
2026-02-07,UC Santa Barbara Gauchos,UC Irvine Anteaters,143.74625298058925,3.523418173451424,,,,,,,,,,,,,,,,,,,,,,,,401809115,2026-02-07,2026-02-08T03:00:00Z,,,CST,,,,,,2026-02-08 03:00:00+00:00,The Thunderdome,False,2026-02-08T03:00:00Z,,,,,,,,,,,,,,,,,,,,,,,,,,,,marquee_force,Home,3.523418173451424,,,,,,,,,,,,,,,,no_odds,73.63483557702034,70.11141740356891,,,,,12.0,10.0,,,0.8,,0.7,False,False,,
2026-02-07,Sacramento State Hornets,Portland State Vikings,139.2769779090976,2.742482185919505,,,,,,,,,,,,,,,,,,,,,,,,401808539,2026-02-07,2026-02-08T03:00:00Z,,,CST,,,,,,2026-02-08 03:00:00+00:00,Hornet Pavilion,False,2026-02-08T03:00:00Z,,,,,,,,,,,,,,,,,,,,,,,,,,,,marquee_force,Home,2.742482185919505,,,,,,,,,,,,,,,,no_odds,71.00973004750855,68.26724786158906,,,,,12.0,10.0,,,0.8,,0.7,False,False,,
2026-02-07,BYU Cougars,Houston Cougars,143.6154892943247,5.487010256763684,,,,,,,,,,,,,,,,,,,,,,,,401827666,2026-02-07,2026-02-08T03:30:00Z,,,CST,,,,,,2026-02-08 03:30:00+00:00,Marriott Center,False,2026-02-08T03:30:00Z,,,,,,,,,,,,,,,,,,,,,,,,,,,,marquee_force,Home,5.487010256763684,,,,,,,,,,,,,,,,no_odds,74.55124977554419,69.06423951878051,,,,,12.0,10.0,,,0.8,,0.7,False,False,,
2026-02-07,Saint Mary's Gaels,San Francisco Dons,141.17627791883717,4.135427737464454,,,,,,,,,,,,,,,,,,,,,,,,401829236,2026-02-07,2026-02-08T04:30:00Z,,,CST,,,,,,2026-02-08 04:30:00+00:00,University Credit Union Pavilion,False,2026-02-08T04:30:00Z,,,,,,,,,,,,,,,,,,,,,,,,,,,,marquee_force,Home,4.135427737464454,,,,,,,,,,,,,,,,no_odds,72.65585282815081,68.52042509068636,,,,,12.0,10.0,,,0.8,,0.7,False,False,,
2026-02-07,Hawai'i Rainbow Warriors,UC San Diego Tritons,140.81853901952277,4.31054912677244,,,,,,,,,,,,,,,,,,,,,,,,401809097,2026-02-07,2026-02-08T04:59:00Z,,,CST,,,,,,2026-02-08 04:59:00+00:00,Stan Sheriff Center,False,2026-02-08T04:59:00Z,,,,,,,,,,,,,,,,,,,,,,,,,,,,marquee_force,Home,4.31054912677244,,,,,,,,,,,,,,,,no_odds,72.5645440731476,68.25399494637517,,,,,12.0,10.0,,,0.8,,0.7,False,False,,
