game_id,date,home_team,away_team,pred_total,pred_margin,model_used,tuning_totals_bias,tuning_applied,preseason_weight,preseason_applied,pred_total_raw,derived_total,pred_total_adjusted,derived_total_available_rows,derived_total_missing_rows,pred_total_base,pred_margin_base,pred_total_seg,pred_margin_seg,seg_n_rows,blend_weight,pred_total_blend,pred_margin_blend,blend_applied,pred_total_1h,pred_total_2h,pred_margin_1h,pred_margin_2h,date_g,home_score,away_score,home_score_1h,away_score_1h,start_time,neutral_site,venue,home_team_g,away_team_g,actual_total,ml_home,_market_total_from_odds,market_total,_odds_list,commence_time_odds,_pair_key,_start_dt,spread_home,_market_total_from_odds_fallback,_market_total_pair_med,start_time_normalized,_slate_date,_pair_unordered,_pair_slate_key,_row_score,_home_norm,_away_norm,closing_total,closing_spread_home,_closing_total_pair,_closing_spread_pair,kelly_frac_spread,kelly_side_spread,proj_home,proj_away,market_total_basis,spread_home_basis,_commence,sigma_total_adj,sigma_margin_adj,edge_conf_tag,start_time_iso,start_time_display,start_tz_abbr,market_basis,p_over_emp,p_home_cover_emp,p_over,p_home_cover,pred_total_p10,pred_total_p90,pred_margin_p10,pred_margin_p90,p_home_cover_dist,p_over_dist,p_home_cover_ensemble,p_over_ensemble,p_home_cover_final,p_over_final,confidence_total,edge_margin,confidence_margin,pred_total_model,pred_margin_model,pred_total_calibrated,pred_margin_calibrated,pred_total_model_basis,edge_ats,pred_total_sigma_bootstrap,pred_total_model_raw,pred_total_basis,pred_total_model_unified,edge_total_z,pred_margin_sigma_bootstrap,pred_margin_basis,favored_side,favored_by,edge_total_agg,edge_margin_agg,kelly_fraction_total,kelly_fraction_ml_home,kelly_fraction_ml_away,pred_total_blend_w_model,pred_total_blend_w_derived,pred_total_blend_severe,proj_home_1h,proj_away_1h,pred_winner_1h,proj_home_2h,proj_away_2h,pred_winner_2h,ml_prob_model,ml_prob_implied,ml_prob_edge,lean_ou_side,lean_ou_edge_abs,lean_ats_side,lean_ats_edge_abs,edge_closing_ats,_picks_list,season,pred_total_1h_basis,pred_total_2h_basis,pred_margin_1h_basis,pred_margin_2h_basis,pred_total_basis_detail,pred_margin_basis_detail,start_time_parse_mode,_start_display,start_time_local,actual_total_1h,actual_margin_1h,eval_winner_1h_ok,actual_margin,ats_result,ats_close_result,ml_result,ou_result_full,ou_close_result_full,eval_ou_ok,eval_ou_close_ok,eval_ats_ok,eval_ats_close_ok,eval_ml_ok,market_total_1h,spread_home_1h,ats_result_1h,spread_home_1h_basis,market_total_1h_basis,market_total_2h,spread_home_2h,ats_result_2h,actual_total_2h,home_score_2h,away_score_2h,spread_home_2h_basis,market_total_2h_basis,ml_home_1h,ml_away_1h,ml_home_2h,ml_away_2h,edge_total_1h,edge_total_2h,pred_total_sigma,pred_margin_sigma,kelly_fraction_total_adj
401823729,2025-12-19,Sacred Heart Pioneers,Dartmouth Big Green,140.871,9.361599762960738,team:dartmouthbiggreen,5.167791958512931,True,0.4,True,140.871,112.0,False,0.0,28.0,142.01393,4.882234,136.04457092285156,2.4645721912384038,1.0,0.0,142.01393127441406,4.8822340965271,True,68.322435,72.54856500000001,4.680799881480369,4.680799881480369,2025-12-19,46,40,35.0,26.0,2025-12-19 10:00,False,William H. Pitt Center,Sacred Heart Pioneers,Dartmouth Big Green,86.0,-196.0,,149.0,[],2025-12-19 16:00:00+00:00,dartmouthbiggreen::sacredheart,2025-12-19 16:00:00+00:00,-2.5,,,2025-12-19 10:00,2025-12-19,dartmouthbiggreen::sacredheart,dartmouthbiggreen::sacredheart@2025-12-19,8.2,sacredheart,dartmouthbiggreen,157.0,-1.0,157.0,-1.0,1.0,HOME,75.11629988148037,65.75470011851964,,,2025-12-19 16:00:00+00:00,12.0,7.0,light,2025-12-19T16:00:00Z,2025-12-19 10:00,,market,0.291502552199297,0.4255754350379236,0.291502552199297,0.4255754350379236,133.6543182779948,166.26997985839844,-41.983571001837156,11.04363753254395,0.6393885454346993,0.291502552199297,0.5324819902363114,0.291502552199297,0.5324819902363114,0.291502552199297,,7.3822340965271,,140.82475000000002,6.044055094962912,140.871,9.361599762960738,model_synthetic,11.861599762960738,24.89004264465285,140.82475000000002,cal,140.871,-0.3265964673526323,19.03573846690158,cal,Home,9.361599762960738,,,,,,1.0,0.0,False,36.50161744074018,31.820817559259815,Home,38.61468244074019,33.93388255925982,Home,0.7920573359062565,0.33783783783783783,0.45421949806841866,Under,8.12899999999999,Away ATS,6.861599762960738,10.361599762960738,[],,,,,,cal,cal,naive_local,2025-12-19 10:00:00-06:00,2025-12-19 10:00,61.0,9.0,1.0,6.0,Home Cover,Home Cover,Home Win,Under,Under,1.0,1.0,0.0,1.0,1.0,72.265,-1.25,Home Cover,derived2,derived,76.735,-1.25,Away Cover,,11.0,14.0,derived2,derived,,,,,-3.942565000000002,-4.186434999999989,12.0,8.0,
401829281,2025-12-19,South Carolina State Bulldogs,Brewton-Parker Wildcats,141.772,9.361599762960738,global,5.167791958512931,True,0.4,True,141.772,112.0,False,0.0,28.0,142.04105,5.2101164,137.33108520507812,5.664546012878418,0.0,0.0,142.04104614257812,5.210116386413574,True,68.75941999999999,73.01258,4.680799881480369,4.680799881480369,2025-12-19,14,7,14.0,7.0,2025-12-19 11:00,False,Smith-Hammond-Middleton Memorial Center,South Carolina State Bulldogs,Brewton-Parker Wildcats,21.0,,,142.04104614257812,[],2025-12-19 17:00:00+00:00,brewtonparker::southcarolinastate,2025-12-19 17:00:00+00:00,-5.210116386413574,,,2025-12-19 11:00,2025-12-19,brewtonparker::southcarolinastate,brewtonparker::southcarolinastate@2025-12-19,7.2,southcarolinastate,brewtonparker,,,,,,,75.56679988148036,66.20520011851963,synthetic_pred,synthetic_pred_margin,2025-12-19 17:00:00+00:00,12.0,7.0,light,2025-12-19T17:00:00Z,2025-12-19 11:00,,market,0.5,,0.5,,133.68143314615887,166.2970947265625,-41.65568871195068,11.371519822430425,0.6927528041405323,0.5,,0.5,,0.5,,10.420232772827148,,141.792,6.044055094962912,141.772,9.361599762960738,model_synthetic,14.571716149374312,24.89004264465285,141.792,cal,141.772,-0.010809388574347543,19.03573846690158,cal,Home,9.361599762960738,,,,,,1.0,0.0,False,36.72010994074018,32.03931005925981,Home,38.846689940740184,34.165890059259816,Home,0.7920573359062565,,,Under,0.26904614257813364,Away ATS,4.151483376547164,,[],,,,,,cal,cal,naive_local,2025-12-19 11:00:00-06:00,2025-12-19 11:00,21.0,7.0,1.0,7.0,Home Cover,Push,Home Win,Under,,1.0,0.0,0.0,,1.0,68.88990737915039,-2.605058193206787,Home Cover,derived2,derived,73.15113876342774,-2.605058193206787,Away Cover,,0.0,0.0,derived2,derived,,,,,-0.1304873791503951,-0.13855876342773854,12.0,8.0,
401813765,2025-12-19,UCLA Bruins,Cal Poly Mustangs,141.7958,9.361599762960738,global,5.167791958512931,True,0.4,True,141.7958,112.0,False,0.0,28.0,150.92279,41.680225,150.27195739746094,36.636695861816406,0.0,0.0,150.92279052734375,41.68022537231445,True,68.77096300000001,73.024837,4.680799881480369,4.680799881480369,2025-12-19,0,0,,,2025-12-19 21:00,False,Pauley Pavilion,UCLA Bruins,Cal Poly Mustangs,0.0,,,160.5,[],2025-12-20 03:00:00+00:00,calpoly::ucla,2025-12-20 03:00:00+00:00,-24.5,,,2025-12-19 21:00,2025-12-20,calpoly::ucla,calpoly::ucla@2025-12-20,7.2,ucla,calpoly,160.5,-24.5,160.5,-24.5,1.0,HOME,75.57869988148038,66.21710011851964,,,2025-12-20 03:00:00+00:00,12.0,7.0,light,2025-12-20T03:00:00Z,2025-12-19 21:00,,market,0.22583752268889,0.2031515605256342,0.22583752268889,0.2031515605256342,142.5631775309245,175.17883911132813,-5.185579726049802,47.8416288083313,0.9993101449502924,0.22583752268888996,0.6012308527379633,0.22583752268888999,0.6012308527379633,0.22583752268888999,,66.18022537231445,,141.81755,6.044055094962912,141.7958,9.361599762960738,model_synthetic,33.861599762960736,24.89004264465285,141.81755,cal,141.7958,-0.7514732002284547,19.03573846690158,cal,Home,9.361599762960738,,,,,,1.0,0.0,False,36.72588144074019,32.04508155925982,Home,38.85281844074019,34.17201855925982,Home,0.7920573359062565,,,Under,18.704199999999986,Home ATS,15.138400237039262,33.861599762960736,[],,,,,,cal,cal,naive_local,2025-12-19 21:00:00-06:00,2025-12-19 21:00,,,,,,,,,,0.0,0.0,0.0,0.0,0.0,77.8425,-12.25,,derived2,derived,82.6575,-12.25,,,,,derived2,derived,,,,,-9.071536999999992,-9.632662999999994,12.0,8.0,
401824116,2025-12-19,UC San Diego Tritons,San Diego Toreros,142.282,9.361599762960738,team:ucsandiegotritons,5.167791958512931,True,0.4,True,142.282,112.0,False,0.0,28.0,142.17188,10.83262,137.12615966796875,3.756218671798706,1.0,0.0,142.171875,10.832619667053224,True,69.00677,73.27523000000001,4.680799881480369,4.680799881480369,2025-12-19,0,0,,,2025-12-19 21:00,False,LionTree Arena,UC San Diego Tritons,San Diego Toreros,0.0,,,156.5,[],2025-12-20 03:00:00+00:00,sandiegotoreros::ucsandiegotritons,2025-12-20 03:00:00+00:00,-13.5,,,2025-12-19 21:00,2025-12-20,sandiegotoreros::ucsandiegotritons,sandiegotoreros::ucsandiegotritons@2025-12-20,7.2,ucsandiegotritons,sandiegotoreros,156.5,-13.5,156.5,-13.5,1.0,HOME,75.82179988148037,66.46020011851964,,,2025-12-20 03:00:00+00:00,12.0,7.0,light,2025-12-20T03:00:00Z,2025-12-19 21:00,,market,0.13008777489671952,0.5512932786013799,0.13008777489671952,0.5512932786013799,133.81226200358074,166.42792358398438,-36.03318543131103,16.994023103070074,0.8802289972351148,0.13008777489671947,0.7157611379182474,0.1300877748967195,0.7157611379182474,0.1300877748967195,,24.332619667053223,,142.33950000000002,6.044055094962912,142.282,9.361599762960738,model_synthetic,22.861599762960736,24.89004264465285,142.33950000000002,cal,142.282,-0.5712324483724601,19.03573846690158,cal,Home,9.361599762960738,,,,,,1.0,0.0,False,36.843784940740186,32.16298505925982,Home,38.97801494074019,34.29721505925982,Home,0.7920573359062565,,,Under,14.21799999999999,Home ATS,4.138400237039262,22.861599762960736,[],,,,,,cal,cal,naive_local,2025-12-19 21:00:00-06:00,2025-12-19 21:00,,,,,,,,,,0.0,0.0,0.0,0.0,0.0,75.9025,-6.75,,derived2,derived,80.5975,-6.75,,,,,derived2,derived,,,,,-6.89573,-7.322269999999989,12.0,8.0,
401826796,2025-12-19,Saint Mary's Gaels,Florida Atlantic Owls,139.8578,9.361599762960738,global,5.167791958512931,True,0.4,True,139.8578,112.0,False,0.0,28.0,152.7822,8.340918,145.6683349609375,9.803125381469728,0.0,0.0,152.78219604492188,8.340917587280273,True,67.83103299999999,72.026767,4.680799881480369,4.680799881480369,2025-12-19,0,0,,,2025-12-19 21:00,False,University Credit Union Pavilion,Saint Mary's Gaels,Florida Atlantic Owls,0.0,,,145.5,[],2025-12-20 03:00:00+00:00,floridaatlantic::stmarys,2025-12-20 03:00:00+00:00,-13.5,,,2025-12-19 21:00,2025-12-20,floridaatlantic::stmarys,floridaatlantic::stmarys@2025-12-20,7.2,stmarys,floridaatlantic,145.5,-13.5,145.5,-13.5,1.0,HOME,74.60969988148037,65.24810011851963,,,2025-12-20 03:00:00+00:00,12.0,7.0,light,2025-12-20T03:00:00Z,2025-12-19 21:00,,market,0.7164310340436828,0.598461723181271,0.7164310340436828,0.598461723181271,144.42258304850262,177.03824462890626,-38.52488751108398,14.502321023297124,0.8544460595213588,0.7164310340436828,0.7264538913513149,0.7164310340436828,0.7264538913513149,0.7164310340436828,,21.840917587280273,,139.73705,6.044055094962912,139.8578,9.361599762960738,model_synthetic,22.861599762960736,24.89004264465285,139.73705,cal,139.8578,-0.2266850274445842,19.03573846690158,cal,Home,9.361599762960738,,,,,,1.0,0.0,False,36.25591644074018,31.57511655925981,Home,38.35378344074019,33.67298355925982,Home,0.7920573359062565,,,Under,5.6422000000000025,Home ATS,4.138400237039262,22.861599762960736,[],,,,,,cal,cal,naive_local,2025-12-19 21:00:00-06:00,2025-12-19 21:00,,,,,,,,,,0.0,0.0,0.0,0.0,0.0,70.5675,-6.75,,derived2,derived,74.9325,-6.75,,,,,derived2,derived,,,,,-2.7364670000000046,-2.905732999999998,12.0,8.0,
401823440,2025-12-19,Loyola Marymount Lions,North Alabama Lions,141.3402,9.361599762960738,global,5.167791958512931,True,0.4,True,141.3402,112.0,False,0.0,28.0,143.22015,1.6538749,137.55026245117188,2.947699546813965,0.0,0.0,143.22015380859375,1.6538748741149902,True,68.549997,72.790203,4.680799881480369,4.680799881480369,2025-12-19,0,0,,,2025-12-19 21:00,False,Gersten Pavilion,Loyola Marymount Lions,North Alabama Lions,0.0,,,139.5,[],2025-12-20 03:00:00+00:00,loyolamarymount::northalabama,2025-12-20 03:00:00+00:00,-9.5,,,2025-12-19 21:00,2025-12-20,loyolamarymount::northalabama,loyolamarymount::northalabama@2025-12-20,7.2,loyolamarymount,northalabama,139.5,-9.5,139.5,-9.5,1.0,HOME,75.35089988148037,65.98930011851964,,,2025-12-20 03:00:00+00:00,12.0,7.0,light,2025-12-20T03:00:00Z,2025-12-19 21:00,,market,0.614989888146773,0.6477479004685656,0.614989888146773,0.6477479004685656,134.8605408121745,167.47620239257813,-45.211930224249265,7.81527831013184,0.7051012439227741,0.614989888146773,0.6764245721956699,0.614989888146773,0.6764245721956699,0.614989888146773,,11.15387487411499,,141.32845,6.044055094962912,141.3402,9.361599762960738,model_synthetic,18.861599762960736,24.89004264465285,141.32845,cal,141.3402,0.07393317987726879,19.03573846690158,cal,Home,9.361599762960738,,,,,,1.0,0.0,False,36.61539844074019,31.93459855925982,Home,38.73550144074019,34.05470155925982,Home,0.7920573359062565,,,Over,1.84020000000001,Home ATS,0.13840023703926185,18.861599762960736,[],,,,,,cal,cal,naive_local,2025-12-19 21:00:00-06:00,2025-12-19 21:00,,,,,,,,,,0.0,0.0,0.0,0.0,0.0,67.6575,-4.75,,derived2,derived,71.8425,-4.75,,,,,derived2,derived,,,,,0.8924970000000059,0.9477030000000042,12.0,8.0,
401813282,2025-12-19,California Golden Bears,Morgan State Bears,142.0746,9.361599762960738,global,5.167791958512931,True,0.4,True,142.0746,112.0,False,0.0,28.0,141.94617,26.11663,140.99362182617188,22.650259017944336,0.0,0.0,141.9461669921875,26.11663055419922,True,68.906181,73.168419,4.680799881480369,4.680799881480369,2025-12-19,0,0,,,2025-12-19 21:00,False,Haas Pavilion,California Golden Bears,Morgan State Bears,0.0,,,150.75,[],2025-12-20 03:00:00+00:00,californiagolden::morganstate,2025-12-20 03:00:00+00:00,-26.5,,,2025-12-19 21:00,2025-12-20,californiagolden::morganstate,californiagolden::morganstate@2025-12-20,7.2,californiagolden,morganstate,150.75,-26.5,150.75,-26.5,1.0,HOME,75.71809988148037,66.35650011851963,,,2025-12-20 03:00:00+00:00,12.0,7.0,light,2025-12-20T03:00:00Z,2025-12-19 21:00,,market,0.24451589669094387,0.5073921372985499,0.24451589669094387,0.5073921372985499,133.58655399576824,166.20221557617188,-20.749174544165037,32.278033990216066,0.9945087883715195,0.24451589669094387,0.7509504628350347,0.24451589669094387,0.7509504628350347,0.24451589669094387,,52.61663055419922,,142.11685,6.044055094962912,142.0746,9.361599762960738,model_synthetic,35.861599762960736,24.89004264465285,142.11685,cal,142.0746,-0.3485490211429485,19.03573846690158,cal,Home,9.361599762960738,,,,,,1.0,0.0,False,36.793490440740186,32.11269055925982,Home,38.924609440740184,34.243809559259816,Home,0.7920573359062565,,,Under,8.675399999999996,Home ATS,17.138400237039264,35.861599762960736,[],,,,,,cal,cal,naive_local,2025-12-19 21:00:00-06:00,2025-12-19 21:00,,,,,,,,,,0.0,0.0,0.0,0.0,0.0,73.11375,-13.25,,derived2,derived,77.63625,-13.25,,,,,derived2,derived,,,,,-4.207568999999992,-4.467831000000004,12.0,8.0,
401819840,2025-12-19,BYU Cougars,Abilene Christian Wildcats,139.8578,9.361599762960738,global,5.167791958512931,True,0.4,True,139.8578,112.0,False,0.0,28.0,149.79578,15.695507,144.81822204589844,15.340526580810549,0.0,0.0,149.7957763671875,15.695507049560549,True,67.83103299999999,72.026767,4.680799881480369,4.680799881480369,2025-12-19,0,0,,,2025-12-19 20:30,False,Marriott Center,BYU Cougars,Abilene Christian Wildcats,0.0,,,144.0,[],2025-12-20 02:30:00+00:00,abilenechristian::byu,2025-12-20 02:30:00+00:00,-32.5,,,2025-12-19 20:30,2025-12-20,abilenechristian::byu,abilenechristian::byu@2025-12-20,7.2,byu,abilenechristian,144.0,-32.5,144.0,-32.5,1.0,HOME,74.60969988148037,65.24810011851963,,,2025-12-20 02:30:00+00:00,12.0,7.0,light,2025-12-20T02:30:00Z,2025-12-19 20:30,,market,0.6756113086527966,0.7916775167360677,0.6756113086527966,0.7916775167360677,141.43616337076824,174.05182495117188,-31.17029804880371,21.856910485577398,0.9900852863901843,0.6756113086527966,0.890881401563126,0.6756113086527966,0.890881401563126,0.6756113086527966,,48.19550704956055,,139.73705,6.044055094962912,139.8578,9.361599762960738,model_synthetic,41.861599762960736,24.89004264465285,139.73705,cal,139.8578,-0.16641996396458061,19.03573846690158,cal,Home,9.361599762960738,,,,,,1.0,0.0,False,36.25591644074018,31.57511655925981,Home,38.35378344074019,33.67298355925982,Home,0.7920573359062565,,,Under,4.1422000000000025,Home ATS,23.138400237039264,41.861599762960736,[],,,,,,cal,cal,naive_local,2025-12-19 20:30:00-06:00,2025-12-19 20:30,,,,,,,,,,0.0,0.0,0.0,0.0,0.0,69.84,-16.25,,derived2,derived,74.16,-16.25,,,,,derived2,derived,,,,,-2.0089670000000126,-2.13323299999999,12.0,8.0,
401811973,2025-12-19,UC Irvine Anteaters,Belmont Bruins,143.1354,9.361599762960738,team:ucirvineanteaters,5.167791958512931,True,0.4,True,143.1354,112.0,False,0.0,28.0,144.44185,8.37451,131.25706481933594,13.262276649475098,36.0,0.1466666666666666,142.50808044433592,9.091382280985512,True,69.420669,73.714731,4.680799881480369,4.680799881480369,2025-12-19,0,0,,,2025-12-19 20:00,False,Bren Events Center,UC Irvine Anteaters,Belmont Bruins,0.0,,,150.5,[],2025-12-20 02:00:00+00:00,belmont::ucirvineanteaters,2025-12-20 02:00:00+00:00,-2.0,,,2025-12-19 20:00,2025-12-20,belmont::ucirvineanteaters,belmont::ucirvineanteaters@2025-12-20,7.2,ucirvineanteaters,belmont,150.5,-2.0,150.5,-2.0,1.0,HOME,76.24849988148037,66.88690011851963,,,2025-12-20 02:00:00+00:00,12.0,7.0,light,2025-12-20T02:00:00Z,2025-12-19 20:00,,market,0.26498712163570337,0.3658871114298976,0.26498712163570337,0.3658871114298976,134.14846744791666,166.7641290283203,-37.77442281737874,15.25278571700236,0.7040583436226225,0.2649871216357033,0.5349727275262601,0.26498712163570337,0.5349727275262601,0.26498712163570337,,11.091382280985512,,143.25565,6.044055094962912,143.1354,9.361599762960738,model_synthetic,11.361599762960738,24.89004264465285,143.25565,cal,143.1354,-0.2958853910032227,19.03573846690158,cal,Home,9.361599762960738,,,,,,1.0,0.0,False,37.050734440740186,32.36993455925982,Home,39.197765440740184,34.516965559259816,Home,0.7920573359062565,,,Under,7.364599999999996,Away ATS,7.361599762960738,11.361599762960738,[],,,,,,cal,cal,naive_local,2025-12-19 20:00:00-06:00,2025-12-19 20:00,,,,,,,,,,0.0,0.0,0.0,0.0,0.0,72.99249999999999,-1.0,,derived2,derived,77.50750000000001,-1.0,,,,,derived2,derived,,,,,-3.571830999999989,-3.792769000000007,12.0,8.0,
401823567,2025-12-19,Villanova Wildcats,Wisconsin Badgers,141.245,9.361599762960738,team:wisconsinbadgers,5.167791958512931,True,0.4,True,141.245,112.0,False,0.0,28.0,157.11171,-2.8883553,20.12064743041992,-0.3483796119689941,97.0,0.6,74.91707229614258,-1.3643698692321775,True,68.503825,72.741175,4.680799881480369,4.680799881480369,2025-12-19,0,0,,,2025-12-19 19:00,True,Fiserv Forum,Villanova Wildcats,Wisconsin Badgers,0.0,,,152.0,[],2025-12-20 01:00:00+00:00,villanova::wisconsinbadgers,2025-12-20 01:00:00+00:00,-4.5,,,2025-12-19 19:00,2025-12-20,villanova::wisconsinbadgers,villanova::wisconsinbadgers@2025-12-20,7.2,villanova,wisconsinbadgers,152.0,-4.5,152.0,-4.5,0.9999999999969759,HOME,75.30329988148037,65.94170011851963,,,2025-12-20 01:00:00+00:00,12.0,7.0,light,2025-12-20T01:00:00Z,2025-12-19 19:00,,market,6.909870453597478e-10,0.6115871011811608,0.05,0.6115871011811608,66.55745929972332,99.17312088012696,-48.23017496759643,4.797033566784672,0.5602340467479677,6.90987100870899e-10,0.5859105739645643,0.025000000345493552,0.5859105739645643,0.025000000345493552,,3.1356301307678223,,141.22625,6.044055094962912,141.245,9.361599762960738,model_synthetic,13.861599762960738,24.89004264465285,141.22625,cal,141.245,-0.4321005051516254,19.03573846690158,cal,Home,9.361599762960738,,,,,,1.0,0.0,False,36.59231244074019,31.91151255925982,Home,38.71098744074018,34.030187559259815,Home,0.7920573359062565,,,Under,10.754999999999995,Away ATS,4.861599762960738,13.861599762960738,[],,,,,,cal,cal,naive_local,2025-12-19 19:00:00-06:00,2025-12-19 19:00,,,,,,,,,,0.0,0.0,0.0,0.0,0.0,73.72,-2.25,,derived2,derived,78.28,-2.25,,,,,derived2,derived,,,,,-5.216174999999993,-5.538825000000003,12.0,8.0,
401827002,2025-12-19,Tarleton State Texans,Florida A&M Rattlers,141.1056,9.361599762960738,global,5.167791958512931,True,0.4,True,141.1056,112.0,False,0.0,28.0,139.89088,28.016155,139.84425354003906,23.890047073364254,0.0,0.0,139.89088439941406,28.01615524291992,True,68.436216,72.66938400000001,4.680799881480369,4.680799881480369,2025-12-19,0,0,,,2025-12-19 19:00,False,Wisdom Gym,Tarleton State Texans,Florida A&M Rattlers,0.0,,,146.5,[],2025-12-20 01:00:00+00:00,floridaaandmrattlers::tarletonstate,2025-12-20 01:00:00+00:00,-14.5,,,2025-12-19 19:00,2025-12-20,floridaaandmrattlers::tarletonstate,floridaaandmrattlers::tarletonstate@2025-12-20,7.2,tarletonstate,floridaaandmrattlers,146.5,-14.5,146.5,-14.5,1.0,HOME,75.23359988148037,65.87200011851964,,,2025-12-20 01:00:00+00:00,12.0,7.0,light,2025-12-20T01:00:00Z,2025-12-19 19:00,,market,0.30174871523223756,0.25677765083544546,0.30174871523223756,0.25677765083544546,131.5312714029948,164.14693298339844,-18.849649855444337,34.17755867893677,0.9800626624456119,0.30174871523223756,0.6184201566405287,0.30174871523223756,0.6184201566405287,0.30174871523223756,,42.51615524291992,,141.0766,6.044055094962912,141.1056,9.361599762960738,model_synthetic,23.861599762960736,24.89004264465285,141.0766,cal,141.1056,-0.21672923895768711,19.03573846690158,cal,Home,9.361599762960738,,,,,,1.0,0.0,False,36.558507940740185,31.877708059259817,Home,38.67509194074019,33.99429205925982,Home,0.7920573359062565,,,Under,5.39439999999999,Home ATS,5.138400237039262,23.861599762960736,[],,,,,,cal,cal,naive_local,2025-12-19 19:00:00-06:00,2025-12-19 19:00,,,,,,,,,,0.0,0.0,0.0,0.0,0.0,71.0525,-7.25,,derived2,derived,75.4475,-7.25,,,,,derived2,derived,,,,,-2.616283999999993,-2.778115999999997,12.0,8.0,
401808954,2025-12-19,LSU Tigers,SE Louisiana Lions,141.0818,9.361599762960738,global,5.167791958512931,True,0.4,True,141.0818,112.0,False,0.0,28.0,147.76271,22.13664,144.49551391601562,20.276538848876957,0.0,0.0,147.76271057128906,22.13664054870605,True,68.424673,72.65712699999999,4.680799881480369,4.680799881480369,2025-12-19,0,0,,,2025-12-19 19:00,False,Pete Maravich Assembly Center,LSU Tigers,SE Louisiana Lions,0.0,,,144.5,[],2025-12-20 01:00:00+00:00,louisianastate::selouisiana,2025-12-20 01:00:00+00:00,-23.5,,,2025-12-19 19:00,2025-12-20,louisianastate::selouisiana,louisianastate::selouisiana@2025-12-20,7.2,louisianastate,selouisiana,144.5,-23.5,144.5,-23.5,1.0,HOME,75.22169988148036,65.86010011851963,,,2025-12-20 01:00:00+00:00,12.0,7.0,light,2025-12-20T01:00:00Z,2025-12-19 19:00,,market,0.6011791013746823,0.5262708130404682,0.6011791013746823,0.5262708130404682,139.4030975748698,172.01875915527344,-24.729164549658204,28.298043984722902,0.9863036384080317,0.6011791013746822,0.7562872257242499,0.6011791013746823,0.7562872257242499,0.6011791013746823,,45.636640548706055,,141.05104999999998,6.044055094962912,141.0818,9.361599762960738,model_synthetic,32.861599762960736,24.89004264465285,141.05104999999998,cal,141.0818,-0.13733202665823266,19.03573846690158,cal,Home,9.361599762960738,,,,,,1.0,0.0,False,36.55273644074018,31.871936559259815,Home,38.66896344074018,33.98816355925981,Home,0.7920573359062565,,,Under,3.418200000000013,Home ATS,14.138400237039262,32.861599762960736,[],,,,,,cal,cal,naive_local,2025-12-19 19:00:00-06:00,2025-12-19 19:00,,,,,,,,,,0.0,0.0,0.0,0.0,0.0,70.0825,-11.75,,derived2,derived,74.4175,-11.75,,,,,derived2,derived,,,,,-1.6578269999999975,-1.7603730000000155,12.0,8.0,
401819831,2025-12-19,Baylor Bears,Alcorn State Braves,140.9084,9.361599762960738,global,5.167791958512931,True,0.4,True,140.9084,112.0,False,0.0,28.0,151.54826,48.714016,151.98025512695312,42.4488525390625,0.0,0.0,151.5482635498047,48.71401596069336,True,68.340574,72.567826,4.680799881480369,4.680799881480369,2025-12-19,0,0,,,2025-12-19 19:00,False,Foster Pavilion,Baylor Bears,Alcorn State Braves,0.0,,,161.75,[],2025-12-20 01:00:00+00:00,alcornstate::baylor,2025-12-20 01:00:00+00:00,-34.5,,,2025-12-19 19:00,2025-12-20,alcornstate::baylor,alcornstate::baylor@2025-12-20,7.2,baylor,alcornstate,161.75,-34.5,161.75,-34.5,1.0,HOME,75.13499988148037,65.77340011851963,,,2025-12-20 01:00:00+00:00,12.0,7.0,light,2025-12-20T01:00:00Z,2025-12-19 19:00,,market,0.211362133663759,0.24602771856393868,0.211362133663759,0.24602771856393868,143.18865055338543,175.80431213378907,1.848210862329104,54.87541939671021,0.9999711716205274,0.21136213366375894,0.622999445092233,0.21136213366375897,0.622999445092233,0.21136213366375897,,83.21401596069336,,140.8649,6.044055094962912,140.9084,9.361599762960738,model_synthetic,43.861599762960736,24.89004264465285,140.8649,cal,140.9084,-0.8373468980165616,19.03573846690158,cal,Home,9.361599762960738,,,,,,1.0,0.0,False,36.510686940740186,31.829887059259818,Home,38.62431294074018,33.943513059259814,Home,0.7920573359062565,,,Under,20.8416,Home ATS,25.138400237039264,43.861599762960736,[],,,,,,cal,cal,naive_local,2025-12-19 19:00:00-06:00,2025-12-19 19:00,,,,,,,,,,0.0,0.0,0.0,0.0,0.0,78.44875,-17.25,,derived2,derived,83.30125,-17.25,,,,,derived2,derived,,,,,-10.108176,-10.733424,12.0,8.0,
401823366,2025-12-19,Western Kentucky Hilltoppers,Tulsa Golden Hurricane,142.3704,9.361599762960738,team:westernkentuckyhilltoppers,5.167791958512931,True,0.4,True,142.3704,112.0,False,0.0,28.0,144.20563,4.606889,131.02281188964844,7.519668579101562,34.0,0.12,142.6236895751953,4.956422348022461,True,69.04964399999999,73.320756,4.680799881480369,4.680799881480369,2025-12-19,0,0,,,2025-12-19 18:30,False,E.A. Diddle Arena,Western Kentucky Hilltoppers,Tulsa Golden Hurricane,0.0,,,158.0,[],2025-12-20 00:30:00+00:00,tulsa::westernkentuckyhilltoppers,2025-12-20 00:30:00+00:00,3.5,,,2025-12-19 18:30,2025-12-19,tulsa::westernkentuckyhilltoppers,tulsa::westernkentuckyhilltoppers@2025-12-19,7.2,westernkentuckyhilltoppers,tulsa,158.0,3.5,158.0,3.5,0.9999933610423577,HOME,75.86599988148036,66.50440011851963,,,2025-12-20 00:30:00+00:00,12.0,7.0,light,2025-12-20T00:30:00Z,2025-12-19 18:30,,market,0.11345671653307488,0.34136287543348653,0.11345671653307488,0.34136287543348653,134.26407657877604,166.87973815917968,-41.90938275034179,11.117825784039312,0.5280611926394772,0.11345671653307488,0.43471203403648184,0.11345671653307488,0.43471203403648184,0.11345671653307488,,1.4564223480224614,,142.43439999999998,6.044055094962912,142.3704,9.361599762960738,model_synthetic,5.861599762960738,24.89004264465285,142.43439999999998,cal,142.3704,-0.627945890778043,19.03573846690158,cal,Home,9.361599762960738,,,,,,1.0,0.0,False,36.86522194074018,32.18442205925981,Home,39.000777940740186,34.31997805925982,Home,0.7920573359062565,,,Under,15.62960000000001,Away ATS,12.861599762960738,5.861599762960738,[],,,,,,cal,cal,naive_local,2025-12-19 18:30:00-06:00,2025-12-19 18:30,,,,,,,,,,0.0,0.0,0.0,0.0,0.0,76.63,1.75,,derived2,derived,81.37,1.75,,,,,derived2,derived,,,,,-7.580356000000009,-8.049244000000002,12.0,8.0,
401828733,2025-12-19,Jackson State Tigers,Norfolk State Spartans,141.6938,9.361599762960738,global,5.167791958512931,True,0.4,True,141.6938,112.0,False,0.0,28.0,139.41566,-14.584192,91.29830169677734,-12.625884056091309,0.0,0.0,139.41566467285156,-14.584192276000977,True,68.72149300000001,72.972307,4.680799881480369,4.680799881480369,2025-12-19,0,0,,,2025-12-19 18:30,True,Gateway Center,Jackson State Tigers,Norfolk State Spartans,0.0,,,137.5,[],2025-12-20 00:30:00+00:00,jacksonstate::norfolkstate,2025-12-20 00:30:00+00:00,5.5,,,2025-12-19 18:30,2025-12-19,jacksonstate::norfolkstate,jacksonstate::norfolkstate@2025-12-19,7.2,jacksonstate,norfolkstate,137.5,5.5,137.5,5.5,0.0,AWAY,75.52769988148037,66.16610011851964,,,2025-12-20 00:30:00+00:00,12.0,7.0,light,2025-12-20T00:30:00Z,2025-12-19 18:30,,market,0.5598317236121382,0.6697018695684931,0.5598317236121382,0.6697018695684931,131.0560516764323,163.67171325683594,-61.44999737436523,-8.422788839984126,0.16582844014918136,0.5598317236121383,0.41776515485883725,0.5598317236121382,0.41776515485883725,0.5598317236121382,,-20.084192276000977,,141.70805,6.044055094962912,141.6938,9.361599762960738,model_synthetic,3.861599762960738,24.89004264465285,141.70805,cal,141.6938,0.16849308214829306,19.03573846690158,cal,Home,9.361599762960738,,,,,,1.0,0.0,False,36.70114644074019,32.02034655925982,Home,38.826553440740184,34.145753559259816,Home,0.7920573359062565,,,Over,4.19380000000001,Away ATS,14.861599762960738,3.861599762960738,[],,,,,,cal,cal,naive_local,2025-12-19 18:30:00-06:00,2025-12-19 18:30,,,,,,,,,,0.0,0.0,0.0,0.0,0.0,66.6875,2.75,,derived2,derived,70.8125,2.75,,,,,derived2,derived,,,,,2.0339930000000095,2.1598070000000007,12.0,8.0,
401822184,2025-12-19,High Point Panthers,La Salle Explorers,141.534,9.361599762960738,global,5.167791958512931,True,0.4,True,141.534,112.0,False,0.0,28.0,141.21582,5.1600404,136.7245330810547,5.501453876495361,0.0,0.0,141.2158203125,5.160040378570557,True,68.64398999999999,72.89001,4.680799881480369,4.680799881480369,2025-12-19,0,0,,,2025-12-19 18:00,False,Qubein Center,High Point Panthers,La Salle Explorers,0.0,,,148.5,[],2025-12-20 00:00:00+00:00,highpoint::lasalle,2025-12-20 00:00:00+00:00,-13.5,,,2025-12-19 18:00,2025-12-19,highpoint::lasalle,highpoint::lasalle@2025-12-19,7.2,highpoint,lasalle,148.5,-13.5,148.5,-13.5,1.0,HOME,75.44779988148036,66.08620011851963,,,2025-12-20 00:00:00+00:00,12.0,7.0,light,2025-12-20T00:00:00Z,2025-12-19 18:00,,market,0.2835161725852291,0.6565689737793532,0.2835161725852291,0.6565689737793532,132.85620731608074,165.47186889648438,-41.7057647197937,11.321443814587408,0.8164568688633316,0.2835161725852291,0.7365129213213424,0.2835161725852291,0.7365129213213424,0.2835161725852291,,18.660040378570557,,141.5365,6.044055094962912,141.534,9.361599762960738,model_synthetic,22.861599762960736,24.89004264465285,141.5365,cal,141.534,-0.2798709548011369,19.03573846690158,cal,Home,9.361599762960738,,,,,,1.0,0.0,False,36.66239494074018,31.98159505925981,Home,38.785404940740186,34.10460505925982,Home,0.7920573359062565,,,Under,6.966000000000008,Home ATS,4.138400237039262,22.861599762960736,[],,,,,,cal,cal,naive_local,2025-12-19 18:00:00-06:00,2025-12-19 18:00,,,,,,,,,,0.0,0.0,0.0,0.0,0.0,72.0225,-6.75,,derived2,derived,76.4775,-6.75,,,,,derived2,derived,,,,,-3.3785100000000057,-3.5874900000000025,12.0,8.0,
401826712,2025-12-19,Florida State Seminoles,Mississippi Valley State Delta Devils,140.6228,9.361599762960738,team:floridastateseminoles,5.167791958512931,True,0.4,True,140.6228,112.0,False,0.0,28.0,145.82623,60.838654,156.63525390625,27.365943908691406,144.0,0.6,152.3116455078125,40.755027770996094,True,68.20205800000001,72.420742,4.680799881480369,4.680799881480369,2025-12-19,0,0,,,2025-12-19 18:00,False,Tucker Center,Florida State Seminoles,Mississippi Valley State Delta Devils,0.0,,,152.3116455078125,[],2025-12-20 00:00:00+00:00,floridastateseminoles::mississippivalleystatedeltadevils,2025-12-20 00:00:00+00:00,-40.755027770996094,,,2025-12-19 18:00,2025-12-19,floridastateseminoles::mississippivalleystatedeltadevils,floridastateseminoles::mississippivalleystatedeltadevils@2025-12-19,7.2,floridastateseminoles,mississippivalleystatedeltadevils,,,,,,,74.99219988148037,65.63060011851964,synthetic_pred,synthetic_pred_margin,2025-12-20 00:00:00+00:00,12.0,7.0,light,2025-12-20T00:00:00Z,2025-12-19 18:00,,market,0.5,,0.5,,143.95203251139324,176.56769409179688,-6.110777327368162,46.91643120701294,0.9999592318907689,0.5,,0.5,,0.5,,81.51005554199219,,140.5583,6.044055094962912,140.6228,9.361599762960738,model_synthetic,50.11662753395683,24.89004264465285,140.5583,cal,140.6228,-0.46961934435751607,19.03573846690158,cal,Home,9.361599762960738,,,,,,1.0,0.0,False,36.44142894074019,31.76062905925982,Home,38.550770940740186,33.86997105925982,Home,0.7920573359062565,,,Under,11.688845507812488,Home ATS,31.393428008035357,,[],,,,,,cal,cal,naive_local,2025-12-19 18:00:00-06:00,2025-12-19 18:00,,,,,,,,,,0.0,0.0,0.0,,0.0,73.87114807128906,-20.377513885498047,,derived2,derived,78.44049743652344,-20.377513885498047,,,,,derived2,derived,,,,,-5.669090071289048,-6.01975543652344,12.0,8.0,
401813405,2025-12-19,Drexel Dragons,Mount St. Mary's Mountaineers,141.0648,9.361599762960738,global,5.167791958512931,True,0.4,True,141.0648,112.0,False,0.0,28.0,142.90512,14.95434,139.69590759277344,13.716033935546877,0.0,0.0,142.90512084960938,14.954339981079102,True,68.416428,72.648372,4.680799881480369,4.680799881480369,2025-12-19,0,0,,,2025-12-19 18:00,False,Daskalakis Athletic Center,Drexel Dragons,Mount St. Mary's Mountaineers,0.0,,,142.90512084960938,[],2025-12-20 00:00:00+00:00,drexel::mountstatemarys,2025-12-20 00:00:00+00:00,-14.954339981079102,,,2025-12-19 18:00,2025-12-19,drexel::mountstatemarys,drexel::mountstatemarys@2025-12-19,7.2,drexel,mountstatemarys,,,,,,,75.21319988148036,65.85160011851963,synthetic_pred,synthetic_pred_margin,2025-12-20 00:00:00+00:00,12.0,7.0,light,2025-12-20T00:00:00Z,2025-12-19 18:00,,market,0.5,,0.5,,134.54550785319012,167.16116943359376,-31.911465117285154,21.115743417095953,0.9258629567001608,0.5,,0.5,,0.5,,29.908679962158203,,141.03279999999998,6.044055094962912,141.0648,9.361599762960738,model_synthetic,24.315939744039838,24.89004264465285,141.03279999999998,cal,141.0648,-0.07393803521685575,19.03573846690158,cal,Home,9.361599762960738,,,,,,1.0,0.0,False,36.54861394074018,31.867814059259814,Home,38.66458594074018,33.98378605925981,Home,0.7920573359062565,,,Under,1.840320849609384,Home ATS,5.592740218118363,,[],,,,,,cal,cal,naive_local,2025-12-19 18:00:00-06:00,2025-12-19 18:00,,,,,,,,,,0.0,0.0,0.0,,0.0,69.30898361206054,-7.477169990539551,,derived2,derived,73.59613723754883,-7.477169990539551,,,,,derived2,derived,,,,,-0.8925556120605478,-0.9477652375488361,12.0,8.0,
401813767,2025-12-19,Akron Zips,Eastern Michigan Eagles,140.1842,9.361599762960738,global,5.167791958512931,True,0.4,True,140.1842,112.0,False,0.0,28.0,142.79347,23.553944,141.1498565673828,20.692100524902344,0.0,0.0,142.79347229003906,23.553943634033203,True,67.989337,72.194863,4.680799881480369,4.680799881480369,2025-12-19,0,0,,,2025-12-19 18:00,False,James A. Rhodes Arena,Akron Zips,Eastern Michigan Eagles,0.0,,,157.5,[],2025-12-20 00:00:00+00:00,akron::easternmichigan,2025-12-20 00:00:00+00:00,-15.25,,,2025-12-19 18:00,2025-12-19,akron::easternmichigan,akron::easternmichigan@2025-12-19,7.2,akron,easternmichigan,157.5,-15.25,157.5,-15.25,1.0,HOME,74.77289988148037,65.41130011851963,,,2025-12-20 00:00:00+00:00,12.0,7.0,light,2025-12-20T00:00:00Z,2025-12-19 18:00,,market,0.12389926484562774,0.3440715536210557,0.12389926484562774,0.3440715536210557,134.4338592936198,167.04952087402344,-23.311861464331052,29.715347070050054,0.9696457641189744,0.12389926484562774,0.656858658870015,0.12389926484562774,0.656858658870015,0.12389926484562774,,38.8039436340332,,140.08745000000002,6.044055094962912,140.1842,9.361599762960738,model_synthetic,24.611599762960736,24.89004264465285,140.08745000000002,cal,140.1842,-0.6956918574713638,19.03573846690158,cal,Home,9.361599762960738,,,,,,1.0,0.0,False,36.33506844074019,31.65426855925982,Home,38.43783144074018,33.757031559259815,Home,0.7920573359062565,,,Under,17.315799999999996,Home ATS,5.888400237039262,24.611599762960736,[],,,,,,cal,cal,naive_local,2025-12-19 18:00:00-06:00,2025-12-19 18:00,,,,,,,,,,0.0,0.0,0.0,0.0,0.0,76.3875,-7.625,,derived2,derived,81.1125,-7.625,,,,,derived2,derived,,,,,-8.398162999999997,-8.917637,12.0,8.0,
401822872,2025-12-19,Providence Friars,Seton Hall Pirates,142.7002,9.361599762960738,global,5.167791958512931,True,0.4,True,142.7002,112.0,False,0.0,28.0,149.85178,-4.211579,141.305908203125,-0.8382856845855713,0.0,0.0,149.85177612304688,-4.211578845977783,True,69.209597,73.490603,4.680799881480369,4.680799881480369,2025-12-19,0,0,,,2025-12-19 17:30,False,Amica Mutual Pavilion,Providence Friars,Seton Hall Pirates,0.0,-123.0,,151.5,[],2025-12-19 23:30:00+00:00,providence::setonhall,2025-12-19 23:30:00+00:00,-1.5,,,2025-12-19 17:30,2025-12-19,providence::setonhall,providence::setonhall@2025-12-19,8.2,providence,setonhall,151.5,-1.5,151.5,-1.5,0.0,AWAY,76.03089988148037,66.66930011851963,,,2025-12-19 23:30:00+00:00,12.0,7.0,light,2025-12-19T23:30:00Z,2025-12-19 17:30,,market,0.44847082851800624,0.6087538929795533,0.44847082851800624,0.6087538929795533,141.49216312662762,174.10782470703126,-51.07738394434204,1.949824590039067,0.4478616073872056,0.44847082851800624,0.5283077501833795,0.44847082851800624,0.5283077501833795,0.44847082851800624,,-2.711578845977783,,142.78844999999998,6.044055094962912,142.7002,9.361599762960738,model_synthetic,10.861599762960738,24.89004264465285,142.78844999999998,cal,142.7002,-0.3535470037408905,19.03573846690158,cal,Home,9.361599762960738,,,,,,1.0,0.0,False,36.945198440740185,32.26439855925982,Home,39.08570144074018,34.40490155925981,Home,0.7920573359062565,0.4484304932735426,0.34362684263271387,Under,8.799800000000005,Away ATS,7.861599762960738,10.861599762960738,[],,,,,,cal,cal,naive_local,2025-12-19 17:30:00-06:00,2025-12-19 17:30,,,,,,,,,,0.0,0.0,0.0,0.0,0.0,73.47749999999999,-0.75,,derived2,derived,78.02250000000001,-0.75,,,,,derived2,derived,,,,,-4.26790299999999,-4.531897000000015,12.0,8.0,
401827501,2025-12-19,Towson Tigers,Notre Dame (MD) Gators,140.174,9.361599762960738,global,5.167791958512931,True,0.4,True,140.174,112.0,False,0.0,28.0,142.54843,4.0021706,137.2023162841797,4.422453880310059,0.0,0.0,142.54843139648438,4.002170562744141,True,67.98439,72.18961,4.680799881480369,4.680799881480369,2025-12-19,0,0,,,2025-12-19 17:00,False,SECU Arena,Towson Tigers,Notre Dame (MD) Gators,0.0,,,142.54843139648438,[],2025-12-19 23:00:00+00:00,notredamemdgators::towson,2025-12-19 23:00:00+00:00,-4.002170562744141,,,2025-12-19 17:00,2025-12-19,notredamemdgators::towson,notredamemdgators::towson@2025-12-19,7.2,towson,notredamemdgators,,,,,,,74.76779988148037,65.40620011851964,synthetic_pred,synthetic_pred_margin,2025-12-19 23:00:00+00:00,12.0,7.0,light,2025-12-19T23:00:00Z,2025-12-19 17:00,,market,0.5,,0.5,,134.18881840006512,166.80447998046876,-42.863634535620115,10.163573998760992,0.6505829584330034,0.5,,0.5,,0.5,,8.004341125488281,,140.0765,6.044055094962912,140.174,9.361599762960738,model_synthetic,13.363770325704879,24.89004264465285,140.0765,cal,140.174,-0.09539683922536266,19.03573846690158,cal,Home,9.361599762960738,,,,,,1.0,0.0,False,36.33259494074019,31.65179505925982,Home,38.435204940740185,33.75440505925982,Home,0.7920573359062565,,,Under,2.3744313964843684,Away ATS,5.3594292002165975,,[],,,,,,cal,cal,naive_local,2025-12-19 17:00:00-06:00,2025-12-19 17:00,,,,,,,,,,0.0,0.0,0.0,,0.0,69.13598922729491,-2.0010852813720703,,derived2,derived,73.41244216918946,-2.0010852813720703,,,,,derived2,derived,,,,,-1.1515992272949092,-1.2228321691894593,12.0,8.0,
401820158,2025-12-19,Navy Midshipmen,Coppin State Eagles,139.9224,9.361599762960738,team:navymidshipmen,5.167791958512931,True,0.4,True,139.9224,112.0,False,0.0,28.0,138.7831,13.9044,135.67324829101562,2.021151542663574,1.0,0.0,138.78309631347656,13.904399871826172,True,67.862364,72.06003600000001,4.680799881480369,4.680799881480369,2025-12-19,0,0,,,2025-12-19 16:00,False,Alumni Hall (Navy),Navy Midshipmen,Coppin State Eagles,0.0,-5000.0,,145.5,[],2025-12-19 22:00:00+00:00,coppinstate::navymidshipmen,2025-12-19 22:00:00+00:00,-20.5,,,2025-12-19 16:00,2025-12-19,coppinstate::navymidshipmen,coppinstate::navymidshipmen@2025-12-19,8.2,navymidshipmen,coppinstate,145.5,-20.5,145.5,-20.5,1.0,HOME,74.64199988148037,65.28040011851964,,,2025-12-19 22:00:00+00:00,12.0,7.0,light,2025-12-19T22:00:00Z,2025-12-19 16:00,,market,0.29880236470722554,0.6250618351403185,0.29880236470722554,0.6250618351403185,130.4234833170573,163.03914489746094,-32.96140522653808,20.065803307843023,0.9518395867608409,0.2988023647072256,0.7884507109505797,0.29880236470722554,0.7884507109505797,0.29880236470722554,,34.40439987182617,,139.8064,6.044055094962912,139.9224,9.361599762960738,model_synthetic,29.861599762960736,24.89004264465285,139.8064,cal,139.9224,-0.22408961204404484,19.03573846690158,cal,Home,9.361599762960738,,,,,,1.0,0.0,False,36.271581940740184,31.590782059259816,Home,38.37041794074019,33.68961805925982,Home,0.7920573359062565,0.0196078431372549,0.7724494927690015,Under,5.57759999999999,Home ATS,11.138400237039262,29.861599762960736,[],,,,,,cal,cal,naive_local,2025-12-19 16:00:00-06:00,2025-12-19 16:00,,,,,,,,,,0.0,0.0,0.0,0.0,0.0,70.5675,-10.25,,derived2,derived,74.9325,-10.25,,,,,derived2,derived,,,,,-2.705135999999996,-2.8724639999999937,12.0,8.0,
401822315,2025-12-19,Milwaukee Panthers,South Dakota State Jackrabbits,140.8268,9.361599762960738,global,5.167791958512931,True,0.4,True,140.8268,112.0,False,0.0,28.0,141.58109,-5.658547,135.0582275390625,-3.2413337230682373,0.0,0.0,141.58108520507812,-5.6585469245910645,True,68.30099799999999,72.525802,4.680799881480369,4.680799881480369,2025-12-19,0,0,,,2025-12-19 16:00,False,Fiserv Forum,Milwaukee Panthers,South Dakota State Jackrabbits,0.0,-105.0,,149.5,[],2025-12-19 22:00:00+00:00,milwaukee::southdakotastate,2025-12-19 22:00:00+00:00,1.0,,,2025-12-19 16:00,2025-12-19,milwaukee::southdakotastate,milwaukee::southdakotastate@2025-12-19,8.2,milwaukee,southdakotastate,149.5,1.0,149.5,1.0,0.0,AWAY,75.09419988148036,65.73260011851963,,,2025-12-19 22:00:00+00:00,12.0,7.0,light,2025-12-19T22:00:00Z,2025-12-19 16:00,,market,0.2668695984627242,0.5890779511706749,0.2668695984627242,0.5890779511706749,133.22147220865887,165.8371337890625,-52.52435202295532,0.5028565114257857,0.3737850568897688,0.2668695984627242,0.48143150403022184,0.2668695984627242,0.48143150403022184,0.2668695984627242,,-6.6585469245910645,,140.7773,6.044055094962912,140.8268,9.361599762960738,model_synthetic,8.361599762960738,24.89004264465285,140.7773,cal,140.8268,-0.3484606323831783,19.03573846690158,cal,Home,9.361599762960738,,,,,,1.0,0.0,False,36.49089894074018,31.810099059259812,Home,38.60330094074018,33.922501059259815,Home,0.7920573359062565,0.4878048780487805,0.304252457857476,Under,8.673200000000008,Away ATS,10.361599762960738,8.361599762960738,[],,,,,,cal,cal,naive_local,2025-12-19 16:00:00-06:00,2025-12-19 16:00,,,,,,,,,,0.0,0.0,0.0,0.0,0.0,72.5075,0.5,,derived2,derived,76.9925,0.5,,,,,derived2,derived,,,,,-4.206502,-4.466698000000008,12.0,8.0,
401827091,2025-12-19,Hampton Pirates,Grambling Tigers,141.3674,9.361599762960738,global,5.167791958512931,True,0.4,True,141.3674,112.0,False,0.0,28.0,139.27396,13.880606,96.27587890625,10.498777389526367,0.0,0.0,139.27395629882812,13.880605697631836,True,68.563189,72.80421100000001,4.680799881480369,4.680799881480369,2025-12-19,0,0,,,2025-12-19 16:00,True,Gateway Center,Hampton Pirates,Grambling Tigers,0.0,110.0,,137.5,[],2025-12-19 22:00:00+00:00,grambling::hampton,2025-12-19 22:00:00+00:00,2.0,,,2025-12-19 16:00,2025-12-19,grambling::hampton,grambling::hampton@2025-12-19,8.2,hampton,grambling,,,,,1.0,HOME,75.36449988148037,66.00290011851963,,,2025-12-19 22:00:00+00:00,12.0,7.0,light,2025-12-19T22:00:00Z,2025-12-19 16:00,,market,0.5554355042257878,,0.5554355042257878,,130.91434330240887,163.5300048828125,-32.98519940073242,20.042009133648687,0.717102869900313,0.5554355042257878,,0.5554355042257878,,0.5554355042257878,,11.880605697631836,,141.35765,6.044055094962912,141.3674,9.361599762960738,model_synthetic,7.361599762960738,24.89004264465285,141.35765,cal,141.3674,0.15537940433504402,19.03573846690158,cal,Home,9.361599762960738,,,,,,1.0,0.0,False,36.62199444074018,31.941194559259813,Home,38.74250544074019,34.06170555925982,Home,0.7920573359062565,0.5238095238095238,0.26824781209673265,Over,3.8674000000000035,Away ATS,11.361599762960738,,[],,,,,,cal,cal,naive_local,2025-12-19 16:00:00-06:00,2025-12-19 16:00,,,,,,,,,,0.0,0.0,0.0,,0.0,66.6875,1.0,,derived2,derived,70.8125,1.0,,,,,derived2,derived,,,,,1.8756889999999942,1.9917110000000093,12.0,8.0,
401823263,2025-12-19,Cal State Northridge Matadors,La Sierra Golden Eagles,140.684,9.361599762960738,global,5.167791958512931,True,0.4,True,140.684,112.0,False,0.0,28.0,140.68552,1.0970371,136.08456420898438,2.6793737411499023,0.0,0.0,140.68551635742188,1.0970370769500732,True,68.23174,72.45226,4.680799881480369,4.680799881480369,2025-12-19,0,0,,,2025-12-19 16:00,False,Premier America Credit Union Arena,Cal State Northridge Matadors,La Sierra Golden Eagles,0.0,,,140.68551635742188,[],2025-12-19 22:00:00+00:00,calstatenorthridge::lasierragolden,2025-12-19 22:00:00+00:00,-1.0970370769500732,,,2025-12-19 16:00,2025-12-19,calstatenorthridge::lasierragolden,calstatenorthridge::lasierragolden@2025-12-19,7.2,calstatenorthridge,lasierragolden,,,,,,,75.02279988148037,65.66120011851963,synthetic_pred,synthetic_pred_margin,2025-12-19 22:00:00+00:00,12.0,7.0,light,2025-12-19T22:00:00Z,2025-12-19 16:00,,market,0.5,,0.5,,132.32590336100262,164.94156494140626,-45.76876802141418,7.258440512966923,0.5422294287961107,0.5,,0.5,,0.5,,2.1940741539001465,,140.624,6.044055094962912,140.684,9.361599762960738,model_synthetic,10.458636839910811,24.89004264465285,140.624,cal,140.684,-6.0922250858548104e-05,19.03573846690158,cal,Home,9.361599762960738,,,,,,1.0,0.0,False,36.456269940740185,31.775470059259817,Home,38.56652994074018,33.885730059259814,Home,0.7920573359062565,,,Under,0.0015163574218775011,Away ATS,8.264562686010665,,[],,,,,,cal,cal,naive_local,2025-12-19 16:00:00-06:00,2025-12-19 16:00,,,,,,,,,,0.0,0.0,0.0,,0.0,68.2324754333496,-0.5485185384750366,,derived2,derived,72.45304092407227,-0.5485185384750366,,,,,derived2,derived,,,,,-0.0007354333496039089,-0.0007809240722735922,12.0,8.0,
401812292,2025-12-19,Fairleigh Dickinson Knights,Lehman College Bridges,142.4452,9.361599762960738,global,5.167791958512931,True,0.4,True,142.4452,112.0,False,0.0,28.0,140.89856,1.4292526,136.21240234375,2.878703117370605,0.0,0.0,140.8985595703125,1.4292526245117188,True,69.085922,73.359278,4.680799881480369,4.680799881480369,2025-12-19,0,0,,,2025-12-19 14:00,False,Bogota Savings Bank Center,Fairleigh Dickinson Knights,Lehman College Bridges,0.0,,,140.8985595703125,[],2025-12-19 20:00:00+00:00,fairleighdickinson::lehmancollegebridges,2025-12-19 20:00:00+00:00,-1.4292526245117188,,,2025-12-19 14:00,2025-12-19,fairleighdickinson::lehmancollegebridges,fairleighdickinson::lehmancollegebridges@2025-12-19,7.2,fairleighdickinson,lehmancollegebridges,,,,,,,75.90339988148037,66.54180011851963,synthetic_pred,synthetic_pred_margin,2025-12-19 20:00:00+00:00,12.0,7.0,light,2025-12-19T20:00:00Z,2025-12-19 14:00,,market,0.5,,0.5,,132.53894657389324,165.15460815429688,-45.43655247385254,7.590656060528569,0.55494603158403,0.5,,0.5,,0.5,,2.8585052490234375,,142.5147,6.044055094962912,142.4452,9.361599762960738,model_synthetic,10.790852387472457,24.89004264465285,142.5147,cal,142.4452,0.06213892245057145,19.03573846690158,cal,Home,9.361599762960738,,,,,,1.0,0.0,False,36.88336094074018,32.202561059259814,Home,39.020038940740186,34.33923905925982,Home,0.7920573359062565,,,Over,1.5466404296874998,Away ATS,7.932347138449019,,[],,,,,,cal,cal,naive_local,2025-12-19 14:00:00-06:00,2025-12-19 14:00,,,,,,,,,,0.0,0.0,0.0,,0.0,68.33580139160156,-0.7146263122558594,,derived2,derived,72.56275817871094,-0.7146263122558594,,,,,derived2,derived,,,,,0.7501206083984329,0.796519821289067,12.0,8.0,
401829436,2025-12-19,Samford Bulldogs,Reinhardt Eagles,139.8782,9.361599762960738,global,5.167791958512931,True,0.4,True,139.8782,112.0,False,0.0,28.0,143.45676,5.4186826,137.747314453125,5.272361278533936,0.0,0.0,143.45675659179688,5.41868257522583,True,67.840927,72.037273,4.680799881480369,4.680799881480369,2025-12-19,0,0,,,2025-12-19 12:00,False,Pete Hanna Center,Samford Bulldogs,Reinhardt Eagles,0.0,,,143.45675659179688,[],2025-12-19 18:00:00+00:00,reinhardt::samford,2025-12-19 18:00:00+00:00,-5.41868257522583,,,2025-12-19 12:00,2025-12-19,reinhardt::samford,reinhardt::samford@2025-12-19,7.2,samford,reinhardt,,,,,,,74.61989988148036,65.25830011851963,synthetic_pred,synthetic_pred_margin,2025-12-19 18:00:00+00:00,12.0,7.0,light,2025-12-19T18:00:00Z,2025-12-19 12:00,,market,0.5,,0.5,,135.09714359537762,167.71280517578126,-41.447122523138425,11.580086011242681,0.6998018821168419,0.5,,0.5,,0.5,,10.83736515045166,,139.75895,6.044055094962912,139.8782,9.361599762960738,model_synthetic,14.780282338186568,24.89004264465285,139.75895,cal,139.8782,-0.14377462678094957,19.03573846690158,cal,Home,9.361599762960738,,,,,,1.0,0.0,False,36.26086344074018,31.580063559259813,Home,38.359036440740184,33.678236559259815,Home,0.7920573359062565,,,Under,3.5785565917968825,Away ATS,3.942917187734908,,[],,,,,,cal,cal,naive_local,2025-12-19 12:00:00-06:00,2025-12-19 12:00,,,,,,,,,,0.0,0.0,0.0,,0.0,69.57652694702148,-2.709341287612915,,derived2,derived,73.8802296447754,-2.709341287612915,,,,,derived2,derived,,,,,-1.735599947021484,-1.8429566447753984,12.0,8.0,
401824132,2025-12-19,Seattle U Redhawks,Washington Huskies,142.5302,9.361599762960738,global,5.167791958512931,True,0.4,True,142.5302,112.0,False,0.0,28.0,145.0373,-3.9067445,137.873779296875,-1.3043608665466309,0.0,0.0,145.03729248046875,-3.9067444801330566,True,69.12714700000001,73.403053,4.680799881480369,4.680799881480369,2025-12-19,0,0,,,2025-12-19 22:30,False,Climate Pledge Arena,Seattle U Redhawks,Washington Huskies,0.0,,,145.03729248046875,[],2025-12-20 04:30:00+00:00,seattleu::washington,2025-12-20 04:30:00+00:00,3.9067444801330566,,,2025-12-19 22:30,2025-12-20,seattleu::washington,seattleu::washington@2025-12-20,7.2,seattleu,washington,,,,,,,75.94589988148037,66.58430011851964,synthetic_pred,synthetic_pred_margin,2025-12-20 04:30:00+00:00,12.0,7.0,light,2025-12-20T04:30:00Z,2025-12-19 22:30,,market,0.5,,0.5,,136.6776794840495,169.29334106445313,-50.77254957849731,2.2546589558837935,0.3528379331283741,0.5,,0.5,,0.5,,-7.813488960266113,,142.60595,6.044055094962912,142.5302,9.361599762960738,model_synthetic,5.4548552828276815,24.89004264465285,142.60595,cal,142.5302,-0.1007267249904589,19.03573846690158,cal,Home,9.361599762960738,,,,,,1.0,0.0,False,36.90397344074019,32.22317355925982,Home,39.041926440740184,34.361126559259816,Home,0.7920573359062565,,,Under,2.5070924804687422,Away ATS,13.268344243093795,,[],,,,,,cal,cal,naive_local,2025-12-19 22:30:00-06:00,2025-12-19 22:30,,,,,,,,,,0.0,0.0,0.0,,0.0,70.34308685302734,1.9533722400665283,,derived2,derived,74.6942056274414,1.9533722400665283,,,,,derived2,derived,,,,,-1.2159398530273364,-1.2911526274414058,12.0,8.0,
