game_id,home_team,away_team,pred_total,pred_margin,pred_total_basis,pred_margin_basis,edge_total,edge_ats,closing_total,closing_spread_home,start_time_display,start_time_local
401822733,Saint Joseph's Hawks,Arcadia ARCADIA,140.8574,11.495510174738005,cal,cal,-1.37345021972655,19.000802113519743,,,2025-12-28 11:00,2025-12-28 11:00
401820621,Bryant Bulldogs,Worcester State Lancers,140.888,11.495510174738005,cal,cal,0.4093317871093802,12.26996238421066,,,2025-12-28 12:00,2025-12-28 12:00
401817217,Boston College Eagles,Le Moyne Dolphins,141.8128,11.495510174738005,cal,cal,-4.68719999999999,23.995510174738005,,,2025-12-28 13:00,2025-12-28 13:00
401812612,Colgate Raiders,Harvard Crimson,141.4082,11.495510174738005,cal,cal,-0.0918000000000063,14.995510174738005,,,2025-12-28 13:00,2025-12-28 13:00
401823235,Florida Gulf Coast Eagles,Fort Lauderdale Eagles,142.8124,11.495510174738005,cal,cal,0.0790473388671841,15.786067559228972,,,2025-12-28 13:00,2025-12-28 13:00
401804831,Florida International Panthers,Liberty Flames,143.03,11.495510174738005,cal,cal,-0.8362567138671864,2.3687649507389814,,,2025-12-28 13:00,2025-12-28 13:00
401826981,High Point Panthers,Pfeiffer Falcons,139.8306,11.495510174738005,cal,cal,-1.795986914062496,14.06011350344284,,,2025-12-28 13:00,2025-12-28 13:00
401819897,Kansas State Wildcats,UL Monroe Warhawks,142.3126,11.495510174738005,cal,cal,-26.6874,44.745510174738,,,2025-12-28 13:00,2025-12-28 13:00
401832544,Mercer Bears,Baptist (Fl) Eagles,142.8022,11.495510174738005,cal,cal,-1.587539990234376,18.369143559442595,,,2025-12-28 13:00,2025-12-28 13:00
401831190,Morehead State Eagles,Alice Lloyd College Eagles,141.9828,11.495510174738005,cal,cal,1.720577709960935,11.932429863916472,,,2025-12-28 13:00,2025-12-28 13:00
401829460,North Dakota Fighting Hawks,Dakota State Trojans,141.2416,11.495510174738005,cal,cal,-1.028160131835932,15.063104226099089,,,2025-12-28 13:00,2025-12-28 13:00
401818537,North Florida Ospreys,Columbia Lions,141.6462,11.495510174738005,cal,cal,-20.853800000000007,-1.0044898252619952,,,2025-12-28 13:00,2025-12-28 13:00
401811115,South Dakota Coyotes,Mount Marty College Lancers,141.8026,11.495510174738005,cal,cal,-1.138180639648425,16.10953338335617,,,2025-12-28 13:00,2025-12-28 13:00
401829481,St. Thomas-Minnesota Tommies,North Central (MN) Rams,141.3028,11.495510174738005,cal,cal,-2.1216689941406344,16.863840653406218,,,2025-12-28 13:00,2025-12-28 13:00
401819904,Texas Tech Red Raiders,Winthrop Eagles,142.7614,11.495510174738005,cal,cal,-21.73859999999999,29.995510174738005,,,2025-12-28 13:00,2025-12-28 13:00
401829441,Wofford Terriers,Union (KY) Bulldogs,142.7852,11.495510174738005,cal,cal,-0.8210164306640593,17.14727361391647,,,2025-12-28 13:00,2025-12-28 13:00
401826756,Georgia Tech Yellow Jackets,Florida A&M Rattlers,141.7244,11.495510174738005,cal,cal,-5.275599999999997,30.995510174738005,,,2025-12-28 13:30,2025-12-28 13:30
401826075,Radford Highlanders,Shenandoah Hornets,139.8408,11.495510174738005,cal,cal,-1.626378344726561,13.81152208040817,,,2025-12-28 13:30,2025-12-28 13:30
401819870,Colorado Buffaloes,Northern Colorado Bears,142.8158,11.495510174738005,cal,cal,-4.476863574218754,33.41575439165695,,,2025-12-28 14:00,2025-12-28 14:00
401827057,Longwood Lancers,Averett Cougars,140.6058,11.495510174738005,cal,cal,2.179133740234363,9.069948269830778,,,2025-12-28 14:00,2025-12-28 14:00
401828723,Louisiana Ragin' Cajuns,Norfolk State Spartans,142.486,11.495510174738005,cal,cal,15.98599999999999,13.995510174738005,,,2025-12-28 14:00,2025-12-28 14:00
401817463,SMU Mustangs,Cal State Fullerton Titans,142.5846,11.495510174738005,cal,cal,-28.915400000000005,32.245510174738,,,2025-12-28 14:00,2025-12-28 14:00
401817193,Saint Louis Billikens,Principia College PRINCIPIA,142.8124,11.495510174738005,cal,cal,-0.5502403808593783,16.767410351739958,,,2025-12-28 14:00,2025-12-28 14:00
401823357,Sam Houston Bearkats,College Of Biblical Studies Ambassadors,140.8268,11.495510174738005,cal,cal,-3.2019475585937585,17.806172921167448,,,2025-12-28 14:30,2025-12-28 14:30
401830632,New Mexico State Aggies,University of The Southwest Mustangs,143.081,11.495510174738005,cal,cal,-2.269433349609386,19.86731345842941,,,2025-12-28 15:00,2025-12-28 15:00
401826945,Presbyterian Blue Hose,Truett-McConnell Bears,141.8978,11.495510174738005,cal,cal,3.173480541992177,9.53412826250656,,,2025-12-28 15:00,2025-12-28 15:00
401817181,Richmond Spiders,Charleston Southern Buccaneers,141.5714,11.495510174738005,cal,cal,-17.92859999999999,22.495510174738005,,,2025-12-28 15:00,2025-12-28 15:00
401812583,George Mason Patriots,Pennsylvania Quakers,141.8876,11.495510174738005,cal,cal,-2.612400000000008,27.995510174738005,,,2025-12-28 16:00,2025-12-28 16:00
401829494,Georgia State Panthers,Columbia College (SC) Fighting Koalas,141.5204,11.495510174738005,cal,cal,-0.6184854980468799,14.85901005457504,,,2025-12-28 16:00,2025-12-28 16:00
401829168,Portland Pilots,Washington State Cougars,141.0886,11.495510174738005,cal,cal,-11.411399999999986,6.995510174738005,,,2025-12-28 16:00,2025-12-28 16:00
401826091,UC Davis Aggies,Pacific Union PACIFIC UNION,140.4392,11.495510174738005,cal,cal,-1.1667570312500004,14.027944161401823,,,2025-12-28 16:00,2025-12-28 16:00
401830628,Austin Peay Governors,Fisk Bulldogs,141.5884,11.495510174738005,cal,cal,2.995168798828132,9.329703881250456,,,2025-12-28 16:30,2025-12-28 16:30
401829454,Kansas City Roos,McPherson Mcpherson,142.0304,11.495510174738005,cal,cal,3.1669814208984235,9.751050545679169,,,2025-12-28 17:00,2025-12-28 17:00
401827218,Maryland Terrapins,Old Dominion Monarchs,140.9288,11.495510174738005,cal,cal,-13.571200000000005,25.495510174738005,,,2025-12-28 17:00,2025-12-28 17:00
401829167,Oregon State Beavers,Santa Clara Broncos,140.2352,11.495510174738005,cal,cal,-12.264800000000008,4.995510174738005,,,2025-12-28 17:00,2025-12-28 17:00
401829164,San Diego Toreros,Pacific Tigers,140.6772,11.495510174738005,cal,cal,-8.8228,8.745510174738005,,,2025-12-28 17:00,2025-12-28 17:00
401829165,Loyola Marymount Lions,Saint Mary's Gaels,141.0376,11.495510174738005,cal,cal,-5.675656835937502,-16.056100771917272,,,2025-12-28 18:00,2025-12-28 18:00
401826910,UC San Diego Tritons,Stanton Elks,140.9424,11.495510174738005,cal,cal,-1.6850108886718829,15.620841576562956,,,2025-12-28 18:00,2025-12-28 18:00
401827266,Oregon Ducks,Omaha Mavericks,142.6424,11.495510174738005,cal,cal,-1.09599721679686,42.78569953631028,,,2025-12-28 19:00,2025-12-28 19:00
401829163,Pepperdine Waves,Gonzaga Bulldogs,143.098,11.495510174738005,cal,cal,-5.243094970703112,-39.680221484197546,,,2025-12-28 19:00,2025-12-28 19:00
401829166,Seattle U Redhawks,San Francisco Dons,140.7622,11.495510174738005,cal,cal,-4.521506665039055,5.528453423486784,,,2025-12-28 19:00,2025-12-28 19:00
