date,game_id,home_team,away_team,start_time_local,start_time_iso,start_tz_abbr,abs_margin_proxy,abs_margin_proxy_source,segment_probs_source,segment_probs_half1_len_passed,segment_probs_half2_len_passed,segment_probs_half1_hash_passed,segment_probs_half2_hash_passed,segment,half,start_min,end_min,mu_home_pts_seg,mu_away_pts_seg,mu_total_pts_seg,mu_margin_pts_seg,q10_home_pts_seg,q50_home_pts_seg,q90_home_pts_seg,q10_away_pts_seg,q50_away_pts_seg,q90_away_pts_seg,q10_total_pts_seg,q50_total_pts_seg,q90_total_pts_seg,q10_margin_pts_seg,q50_margin_pts_seg,q90_margin_pts_seg,mu_home_score_end,mu_away_score_end,mu_total_score_end,mu_margin_score_end,q10_home_score_end,q50_home_score_end,q90_home_score_end,q10_away_score_end,q50_away_score_end,q90_away_score_end,q10_total_score_end,q50_total_score_end,q90_total_score_end,q10_margin_score_end,q50_margin_score_end,q90_margin_score_end
2026-02-13,401812065,North Carolina A&T Aggies,Hampton Pirates,2026-02-13 23:00,2026-02-14T04:00:00Z,EST,2.5,spread,base,4,4,abd919c973ef,a25a1e2fac05,1,1,0,5,7.84375,8.07925,15.923,-0.2355,4.0,8.0,12.0,4.0,8.0,12.0,11.0,16.0,22.0,-5.0,0.0,5.0,7.84375,8.07925,15.403411302608523,-0.2355,4.0,8.0,12.0,4.0,8.0,12.0,10.480411302608523,15.480411302608523,21.480411302608527,-5.0,0.0,5.0
2026-02-13,401812065,North Carolina A&T Aggies,Hampton Pirates,2026-02-13 23:00,2026-02-14T04:00:00Z,EST,2.5,spread,base,4,4,abd919c973ef,a25a1e2fac05,2,1,5,10,7.93825,8.1045,16.04275,-0.16625,4.0,8.0,12.0,5.0,8.0,12.0,11.0,16.0,22.0,-5.0,0.0,5.0,15.782,16.18375,30.992362078901262,-0.40175,10.0,16.0,21.0,11.0,16.0,22.0,23.026612078901262,31.026612078901262,40.02661207890127,-7.0,0.0,7.0
2026-02-13,401812065,North Carolina A&T Aggies,Hampton Pirates,2026-02-13 23:00,2026-02-14T04:00:00Z,EST,2.5,spread,base,4,4,abd919c973ef,a25a1e2fac05,3,1,10,15,8.168,8.43875,16.60675,-0.27075,5.0,8.0,12.0,5.0,8.0,12.0,11.0,16.0,22.0,-5.0,0.0,5.0,23.95,24.6225,46.40262279671447,-0.6725,17.0,24.0,31.0,18.0,24.0,32.0,35.83012279671447,45.83012279671447,57.83012279671447,-9.0,-1.0,8.0
2026-02-13,401812065,North Carolina A&T Aggies,Hampton Pirates,2026-02-13 23:00,2026-02-14T04:00:00Z,EST,2.5,spread,base,4,4,abd919c973ef,a25a1e2fac05,4,1,15,20,8.34325,8.745,17.08825,-0.40175,5.0,8.0,12.0,5.0,9.0,13.0,11.0,17.0,23.0,-6.0,0.0,5.0,32.29325,33.3675,65.66075,-1.07425,24.0,32.0,41.0,25.0,33.0,42.0,52.0,65.0,80.0,-10.0,-1.0,8.0
2026-02-13,401812065,North Carolina A&T Aggies,Hampton Pirates,2026-02-13 23:00,2026-02-14T04:00:00Z,EST,2.5,spread,base,4,4,abd919c973ef,a25a1e2fac05,5,2,20,25,9.7165,9.233,18.9495,0.4835,6.0,10.0,14.0,5.0,9.0,13.0,13.0,19.0,26.0,-5.0,0.0,6.0,42.00975,42.6005,80.98663904426752,-0.59075,33.0,42.0,51.0,34.0,43.0,52.0,64.42471157773511,80.3554305813988,98.38776637472904,-11.0,-1.0,10.0
2026-02-13,401812065,North Carolina A&T Aggies,Hampton Pirates,2026-02-13 23:00,2026-02-14T04:00:00Z,EST,2.5,spread,base,4,4,abd919c973ef,a25a1e2fac05,6,2,25,30,9.541,8.9985,18.5395,0.5425,6.0,9.0,14.0,5.0,9.0,13.0,12.0,18.0,25.0,-5.0,1.0,6.0,51.55075,51.599,100.37895740950712,-0.04825,42.0,51.0,62.0,42.0,52.0,61.09999999999991,88.3610075796651,100.2617971774775,112.36582035462293,-12.0,0.0,11.0
2026-02-13,401812065,North Carolina A&T Aggies,Hampton Pirates,2026-02-13 23:00,2026-02-14T04:00:00Z,EST,2.5,spread,base,4,4,abd919c973ef,a25a1e2fac05,7,2,30,35,9.742,9.2465,18.9885,0.4955,6.0,10.0,14.0,5.0,9.0,14.0,13.0,19.0,25.0,-5.0,0.0,6.0,61.29275,60.8455,117.86682389520972,0.44725,50.0,61.0,72.0,50.0,61.0,72.0,101.79830295097275,117.721558834887,134.54561208032567,-12.0,0.0,13.0
2026-02-13,401812065,North Carolina A&T Aggies,Hampton Pirates,2026-02-13 23:00,2026-02-14T04:00:00Z,EST,2.5,spread,base,4,4,abd919c973ef,a25a1e2fac05,8,2,35,40,10.79425,10.27375,21.068,0.5205,6.0,11.0,15.0,6.0,10.0,15.0,14.0,21.0,28.0,-5.0,0.0,6.0,72.087,71.11925,143.20625,0.96775,60.0,72.0,84.0,60.0,71.0,83.0,124.0,143.0,163.0,-12.0,1.0,14.0
2026-02-13,401812593,Pennsylvania Quakers,Columbia Lions,2026-02-13 19:00,2026-02-14T00:00:00Z,EST,3.0,spread,base,4,4,abd919c973ef,a25a1e2fac05,1,1,0,5,8.9205,7.792,16.7125,1.1285,5.0,9.0,13.0,4.0,8.0,12.0,11.0,16.0,23.0,-4.0,1.0,6.0,8.9205,7.792,16.192911302608525,1.1285,5.0,9.0,13.0,4.0,8.0,12.0,10.480411302608523,15.480411302608523,22.480411302608527,-4.0,1.0,6.0
2026-02-13,401812593,Pennsylvania Quakers,Columbia Lions,2026-02-13 19:00,2026-02-14T00:00:00Z,EST,3.0,spread,base,4,4,abd919c973ef,a25a1e2fac05,2,1,5,10,8.957,7.8115,16.7685,1.1455,5.0,9.0,13.0,4.0,8.0,12.0,11.0,17.0,23.0,-4.0,1.0,6.0,17.8775,15.6035,32.50761207890127,2.274,12.0,18.0,24.0,10.0,16.0,21.0,24.026612078901262,32.026612078901266,41.02661207890127,-4.0,2.0,9.0
2026-02-13,401812593,Pennsylvania Quakers,Columbia Lions,2026-02-13 19:00,2026-02-14T00:00:00Z,EST,3.0,spread,base,4,4,abd919c973ef,a25a1e2fac05,3,1,10,15,9.22275,8.06025,17.283,1.1625,5.0,9.0,14.0,4.0,8.0,12.0,11.0,17.0,23.0,-4.0,1.0,6.0,27.10025,23.66375,48.59412279671447,3.4365,20.0,27.0,35.0,17.0,23.0,31.0,36.83012279671447,47.83012279671447,60.83012279671447,-5.0,3.0,12.0
2026-02-13,401812593,Pennsylvania Quakers,Columbia Lions,2026-02-13 19:00,2026-02-14T00:00:00Z,EST,3.0,spread,base,4,4,abd919c973ef,a25a1e2fac05,4,1,15,20,9.43825,8.33625,17.7745,1.102,5.0,9.0,14.0,5.0,8.0,12.0,12.0,18.0,24.0,-4.0,1.0,6.0,36.5385,32.0,68.5385,4.5385,28.0,36.0,46.0,24.0,32.0,40.0,54.0,68.0,84.0,-4.0,5.0,14.0
2026-02-13,401812593,Pennsylvania Quakers,Columbia Lions,2026-02-13 19:00,2026-02-14T00:00:00Z,EST,3.0,spread,base,4,4,abd919c973ef,a25a1e2fac05,5,2,20,25,10.11925,8.74875,18.868,1.3705,6.0,10.0,14.0,5.0,9.0,13.0,13.0,19.0,26.0,-4.0,1.0,7.0,46.65775,40.74875,84.0327901342549,5.909,37.0,47.0,56.0,32.0,41.0,50.0,66.52632836740162,83.66028095039835,101.69261674372856,-4.0,6.0,16.0
2026-02-13,401812593,Pennsylvania Quakers,Columbia Lions,2026-02-13 19:00,2026-02-14T00:00:00Z,EST,3.0,spread,base,4,4,abd919c973ef,a25a1e2fac05,6,2,25,30,9.8215,8.51125,18.33275,1.31025,6.0,10.0,14.0,5.0,8.0,13.0,12.0,18.0,25.0,-4.0,1.0,7.0,56.47925,49.26,102.17987839845442,7.21925,46.0,56.0,67.0,40.0,49.0,59.0,90.07161958221407,102.3788763386925,114.48289951583791,-4.0,7.0,19.0
2026-02-13,401812593,Pennsylvania Quakers,Columbia Lions,2026-02-13 19:00,2026-02-14T00:00:00Z,EST,3.0,spread,base,4,4,abd919c973ef,a25a1e2fac05,7,2,30,35,10.1515,8.76725,18.91875,1.38425,6.0,10.0,15.0,5.0,9.0,13.0,13.0,19.0,26.0,-4.0,1.0,7.0,66.63075,58.02725,120.1181645995864,8.6035,56.0,66.0,78.0,47.0,58.0,69.0,103.29504730502208,119.82800392693538,137.24800416489893,-4.0,9.0,21.0
2026-02-13,401812593,Pennsylvania Quakers,Columbia Lions,2026-02-13 19:00,2026-02-14T00:00:00Z,EST,3.0,spread,base,4,4,abd919c973ef,a25a1e2fac05,8,2,35,40,11.32475,9.68275,21.0075,1.642,7.0,11.0,16.0,5.0,10.0,14.0,14.0,21.0,28.0,-4.0,2.0,7.0,77.9555,67.71,145.6655,10.2455,66.0,78.0,90.0,56.0,68.0,79.0,125.0,146.0,166.0,-3.0,10.0,23.0
2026-02-13,401812620,Harvard Crimson,Brown Bears,2026-02-13 19:00,2026-02-14T00:00:00Z,EST,8.5,spread,base,4,4,abd919c973ef,a25a1e2fac05,1,1,0,5,8.878,7.932,16.81,0.946,5.0,9.0,13.0,4.0,8.0,12.0,11.0,17.0,23.0,-4.0,1.0,6.0,8.878,7.932,16.290411302608526,0.946,5.0,9.0,13.0,4.0,8.0,12.0,10.480411302608523,16.480411302608527,22.480411302608527,-4.0,1.0,6.0
2026-02-13,401812620,Harvard Crimson,Brown Bears,2026-02-13 19:00,2026-02-14T00:00:00Z,EST,8.5,spread,base,4,4,abd919c973ef,a25a1e2fac05,2,1,5,10,9.00775,7.88325,16.891,1.1245,5.0,9.0,13.0,4.0,8.0,12.0,11.0,17.0,23.0,-4.0,1.0,6.0,17.88575,15.81525,32.72761207890127,2.0705,12.0,18.0,24.0,10.0,16.0,21.0,24.026612078901262,32.026612078901266,42.02661207890127,-5.0,2.0,9.0
2026-02-13,401812620,Harvard Crimson,Brown Bears,2026-02-13 19:00,2026-02-14T00:00:00Z,EST,8.5,spread,base,4,4,abd919c973ef,a25a1e2fac05,3,1,10,15,9.34925,8.09925,17.4485,1.25,5.0,9.0,14.0,4.0,8.0,12.0,12.0,17.0,23.0,-4.0,1.0,6.0,27.235,23.9145,48.97962279671447,3.3205,20.0,27.0,35.0,17.0,24.0,31.0,36.83012279671447,48.83012279671447,60.83012279671447,-5.0,3.0,12.0
2026-02-13,401812620,Harvard Crimson,Brown Bears,2026-02-13 19:00,2026-02-14T00:00:00Z,EST,8.5,spread,base,4,4,abd919c973ef,a25a1e2fac05,4,1,15,20,9.598,8.36425,17.96225,1.23375,6.0,9.0,14.0,5.0,8.0,12.0,12.0,18.0,24.0,-4.0,1.0,7.0,36.833,32.27875,69.11175,4.55425,28.0,37.0,46.0,24.0,32.0,41.0,55.0,69.0,84.0,-5.0,5.0,14.0
2026-02-13,401812620,Harvard Crimson,Brown Bears,2026-02-13 19:00,2026-02-14T00:00:00Z,EST,8.5,spread,base,4,4,abd919c973ef,a25a1e2fac05,5,2,20,25,10.22275,8.97775,19.2005,1.245,6.0,10.0,15.0,5.0,9.0,13.0,13.0,19.0,26.0,-4.0,1.0,7.0,47.05575,41.2565,85.11019629619906,5.79925,38.0,47.0,57.0,33.0,41.0,50.0,67.71940026776798,84.76189774006485,101.89585032306158,-5.0,6.0,17.0
2026-02-13,401812620,Harvard Crimson,Brown Bears,2026-02-13 19:00,2026-02-14T00:00:00Z,EST,8.5,spread,base,4,4,abd919c973ef,a25a1e2fac05,6,2,25,30,9.9315,8.80375,18.73525,1.12775,6.0,10.0,14.0,5.0,9.0,13.0,13.0,18.0,25.0,-4.0,1.0,6.0,56.98725,50.06025,103.18053332973348,6.927,47.0,57.0,68.0,40.0,50.0,60.0,90.96022285735212,103.08456939243084,115.39182614890927,-5.0,7.0,19.0
2026-02-13,401812620,Harvard Crimson,Brown Bears,2026-02-13 19:00,2026-02-14T00:00:00Z,EST,8.5,spread,base,4,4,abd919c973ef,a25a1e2fac05,7,2,30,35,10.13525,8.92125,19.0565,1.214,6.0,10.0,15.0,5.0,9.0,13.0,13.0,19.0,26.0,-4.0,1.0,7.0,67.1225,58.9815,121.49487243660988,8.141,56.0,67.0,78.0,48.0,59.0,69.0,104.47020999864608,121.32474828098468,138.4536518954229,-4.0,8.0,20.0
2026-02-13,401812620,Harvard Crimson,Brown Bears,2026-02-13 19:00,2026-02-14T00:00:00Z,EST,8.5,spread,base,4,4,abd919c973ef,a25a1e2fac05,8,2,35,40,11.23825,10.0125,21.25075,1.22575,7.0,11.0,16.0,6.0,10.0,14.0,15.0,21.0,28.0,-4.0,1.0,7.0,78.36075,68.994,147.35475,9.36675,66.0,78.0,91.0,57.0,69.0,81.0,126.90000000000003,147.0,168.0,-3.0,9.0,22.0
2026-02-13,401813316,Niagara Purple Eagles,Manhattan Jaspers,2026-02-13 18:30,2026-02-13T23:30:00Z,EST,2.0,spread,base,4,4,abd919c973ef,a25a1e2fac05,1,1,0,5,8.68825,7.543,16.23125,1.14525,5.0,8.0,13.0,4.0,7.0,11.0,11.0,16.0,22.0,-4.0,1.0,6.0,8.68825,7.543,15.711661302608524,1.14525,5.0,8.0,13.0,4.0,7.0,11.0,10.480411302608523,15.480411302608523,21.480411302608527,-4.0,1.0,6.0
2026-02-13,401813316,Niagara Purple Eagles,Manhattan Jaspers,2026-02-13 18:30,2026-02-13T23:30:00Z,EST,2.0,spread,base,4,4,abd919c973ef,a25a1e2fac05,2,1,5,10,8.8355,7.487,16.3225,1.3485,5.0,9.0,13.0,4.0,7.0,11.0,11.0,16.0,22.0,-4.0,1.0,6.0,17.52375,15.03,31.580362078901263,2.49375,12.0,17.0,23.0,10.0,15.0,21.0,23.026612078901262,31.026612078901262,40.02661207890127,-4.0,2.0,9.0
2026-02-13,401813316,Niagara Purple Eagles,Manhattan Jaspers,2026-02-13 18:30,2026-02-13T23:30:00Z,EST,2.0,spread,base,4,4,abd919c973ef,a25a1e2fac05,3,1,10,15,9.149,7.81,16.959,1.339,5.0,9.0,13.0,4.0,8.0,12.0,11.0,17.0,23.0,-4.0,1.0,6.0,26.67275,22.84,47.34287279671447,3.83275,19.0,26.0,34.0,16.0,23.0,30.0,35.83012279671447,46.83012279671447,58.83012279671447,-4.0,4.0,12.0
2026-02-13,401813316,Niagara Purple Eagles,Manhattan Jaspers,2026-02-13 18:30,2026-02-13T23:30:00Z,EST,2.0,spread,base,4,4,abd919c973ef,a25a1e2fac05,4,1,15,20,9.3705,8.0105,17.381,1.36,5.0,9.0,14.0,4.0,8.0,12.0,12.0,17.0,24.0,-4.0,1.0,7.0,36.04325,30.8505,66.89375,5.19275,27.0,36.0,45.0,23.0,31.0,39.0,53.0,67.0,82.0,-4.0,5.0,14.0
2026-02-13,401813316,Niagara Purple Eagles,Manhattan Jaspers,2026-02-13 18:30,2026-02-13T23:30:00Z,EST,2.0,spread,base,4,4,abd919c973ef,a25a1e2fac05,5,2,20,25,10.1735,8.09275,18.26625,2.08075,6.0,10.0,15.0,4.0,8.0,12.0,12.0,18.0,25.0,-3.0,2.0,7.0,46.21675,38.94325,81.33849034639199,7.2735,37.0,46.0,56.0,30.0,39.0,48.0,64.11986120873557,81.15219700206579,98.184532795396,-3.0,7.0,18.0
2026-02-13,401813316,Niagara Purple Eagles,Manhattan Jaspers,2026-02-13 18:30,2026-02-13T23:30:00Z,EST,2.0,spread,base,4,4,abd919c973ef,a25a1e2fac05,6,2,25,30,9.77075,7.82425,17.595,1.9465,6.0,10.0,14.0,4.0,8.0,12.0,12.0,17.0,24.0,-3.0,2.0,7.0,55.9875,46.7675,99.78481413623456,9.22,46.0,56.0,67.0,37.0,47.0,56.0,87.75130684166604,99.35287054440614,111.95935319595688,-2.0,9.0,20.0
2026-02-13,401813316,Niagara Purple Eagles,Manhattan Jaspers,2026-02-13 18:30,2026-02-13T23:30:00Z,EST,2.0,spread,base,4,4,abd919c973ef,a25a1e2fac05,7,2,30,35,10.22025,8.108,18.32825,2.11225,6.0,10.0,15.0,4.0,8.0,12.0,12.0,18.0,25.0,-3.0,2.0,8.0,66.20775,54.8755,116.64440372446936,11.33225,55.0,66.0,78.0,45.0,55.0,65.0,100.2282101521968,116.51591110436306,133.3399643498017,-1.0,11.0,23.0
2026-02-13,401813316,Niagara Purple Eagles,Manhattan Jaspers,2026-02-13 18:30,2026-02-13T23:30:00Z,EST,2.0,spread,base,4,4,abd919c973ef,a25a1e2fac05,8,2,35,40,11.26925,8.90625,20.1755,2.363,7.0,11.0,16.0,5.0,9.0,13.0,13.0,20.0,27.0,-3.0,2.0,8.0,77.477,63.78175,141.25875,13.69525,66.0,77.0,90.0,52.0,64.0,75.0,121.0,141.0,161.0,1.0,14.0,26.0
2026-02-13,401813368,Canisius Golden Griffins,Iona Gaels,2026-02-13 19:00,2026-02-14T00:00:00Z,EST,5.5,spread,base,4,4,abd919c973ef,a25a1e2fac05,1,1,0,5,7.753,8.66925,16.42225,-0.91625,4.0,8.0,11.0,5.0,8.0,13.0,11.0,16.0,22.0,-6.0,-1.0,4.0,7.753,8.66925,15.902661302608523,-0.91625,4.0,8.0,11.0,5.0,8.0,13.0,10.480411302608523,15.480411302608523,21.480411302608527,-6.0,-1.0,4.0
2026-02-13,401813368,Canisius Golden Griffins,Iona Gaels,2026-02-13 19:00,2026-02-14T00:00:00Z,EST,5.5,spread,base,4,4,abd919c973ef,a25a1e2fac05,2,1,5,10,7.79325,8.81225,16.6055,-1.019,4.0,8.0,11.0,5.0,9.0,13.0,11.0,16.0,22.0,-6.0,-1.0,4.0,15.54625,17.4815,32.05436207890126,-1.93525,10.0,15.0,21.0,12.0,17.0,23.0,24.026612078901262,32.026612078901266,41.02661207890127,-9.0,-2.0,5.0
2026-02-13,401813368,Canisius Golden Griffins,Iona Gaels,2026-02-13 19:00,2026-02-14T00:00:00Z,EST,5.5,spread,base,4,4,abd919c973ef,a25a1e2fac05,3,1,10,15,8.0395,9.05275,17.09225,-1.01325,4.0,8.0,12.0,5.0,9.0,13.0,11.0,17.0,23.0,-6.0,-1.0,4.0,23.58575,26.53425,47.95012279671447,-2.9485,17.0,23.0,30.0,20.0,26.0,34.0,36.83012279671447,47.83012279671447,59.83012279671447,-11.0,-3.0,5.0
2026-02-13,401813368,Canisius Golden Griffins,Iona Gaels,2026-02-13 19:00,2026-02-14T00:00:00Z,EST,5.5,spread,base,4,4,abd919c973ef,a25a1e2fac05,4,1,15,20,8.27125,9.3375,17.60875,-1.06625,5.0,8.0,12.0,5.0,9.0,13.0,12.0,17.0,23.0,-6.0,-1.0,4.0,31.857,35.87175,67.72875,-4.01475,24.0,32.0,40.0,28.0,36.0,44.0,54.0,67.0,82.0,-13.0,-4.0,5.0
2026-02-13,401813368,Canisius Golden Griffins,Iona Gaels,2026-02-13 19:00,2026-02-14T00:00:00Z,EST,5.5,spread,base,4,4,abd919c973ef,a25a1e2fac05,5,2,20,25,8.821,9.8535,18.6745,-1.0325,5.0,9.0,13.0,6.0,10.0,14.0,13.0,18.0,25.0,-6.0,-1.0,4.0,40.678,45.72525,82.8528031328274,-5.04725,32.0,41.0,49.0,37.0,45.0,55.0,66.42471157773511,82.45704737106531,100.48938316439552,-16.0,-5.0,5.0
2026-02-13,401813368,Canisius Golden Griffins,Iona Gaels,2026-02-13 19:00,2026-02-14T00:00:00Z,EST,5.5,spread,base,4,4,abd919c973ef,a25a1e2fac05,6,2,25,30,8.58175,9.6185,18.20025,-1.03675,5.0,8.0,13.0,6.0,9.0,14.0,12.0,18.0,25.0,-6.0,-1.0,4.0,49.25975,55.34375,101.25573604754362,-6.084,40.0,49.0,59.0,45.0,55.0,65.0,89.36592652847571,100.96749023121582,113.57397288276655,-18.0,-6.0,5.0
2026-02-13,401813368,Canisius Golden Griffins,Iona Gaels,2026-02-13 19:00,2026-02-14T00:00:00Z,EST,5.5,spread,base,4,4,abd919c973ef,a25a1e2fac05,7,2,30,35,8.747,9.93475,18.68175,-1.18775,5.0,9.0,13.0,6.0,10.0,14.0,13.0,18.0,25.0,-6.0,-1.0,4.0,58.00675,65.2785,118.76986736131542,-7.27175,48.0,58.0,68.0,54.0,65.0,76.0,101.79830295097275,118.6223561964114,135.44640944185005,-19.0,-7.0,5.0
2026-02-13,401813368,Canisius Golden Griffins,Iona Gaels,2026-02-13 19:00,2026-02-14T00:00:00Z,EST,5.5,spread,base,4,4,abd919c973ef,a25a1e2fac05,8,2,35,40,9.71575,10.92525,20.641,-1.2095,6.0,10.0,14.0,7.0,11.0,15.0,14.0,20.0,27.0,-7.0,-1.0,4.0,67.7225,76.20375,143.92625,-8.48125,57.0,68.0,79.0,64.0,76.0,89.0,124.0,144.0,164.0,-21.0,-8.0,5.0
2026-02-13,401813417,Rider Broncs,Mount St. Mary's Mountaineers,,,,9.319688199689551,expected,base,4,4,abd919c973ef,a25a1e2fac05,1,1,0,5,8.716,7.76575,16.48175,0.95025,5.0,9.0,13.0,4.0,8.0,12.0,11.0,16.0,22.0,-4.0,1.0,6.0,8.716,7.76575,15.962161302608529,0.95025,5.0,9.0,13.0,4.0,8.0,12.0,10.480411302608523,15.480411302608523,21.480411302608527,-4.0,1.0,6.0
2026-02-13,401813417,Rider Broncs,Mount St. Mary's Mountaineers,,,,9.319688199689551,expected,base,4,4,abd919c973ef,a25a1e2fac05,2,1,5,10,8.784,7.79975,16.58375,0.98425,5.0,9.0,13.0,4.0,8.0,12.0,11.0,16.0,23.0,-4.0,1.0,6.0,17.5,15.5655,32.092112078901266,1.9345,12.0,17.0,23.0,10.0,15.0,21.0,24.026612078901262,32.026612078901266,41.02661207890127,-5.0,2.0,9.0
2026-02-13,401813417,Rider Broncs,Mount St. Mary's Mountaineers,,,,9.319688199689551,expected,base,4,4,abd919c973ef,a25a1e2fac05,3,1,10,15,9.03175,8.08875,17.1205,0.943,5.0,9.0,13.0,4.0,8.0,12.0,11.0,17.0,23.0,-4.0,1.0,6.0,26.53175,23.65425,48.01612279671447,2.8775,19.0,26.0,34.0,17.0,23.0,31.0,36.83012279671447,47.83012279671447,59.83012279671447,-5.0,3.0,11.0
2026-02-13,401813417,Rider Broncs,Mount St. Mary's Mountaineers,,,,9.319688199689551,expected,base,4,4,abd919c973ef,a25a1e2fac05,4,1,15,20,9.348,8.27525,17.62325,1.07275,5.0,9.0,14.0,5.0,8.0,12.0,12.0,17.0,24.0,-4.0,1.0,6.0,35.87975,31.9295,67.80925,3.95025,27.0,36.0,45.0,24.0,32.0,40.0,53.0,67.0,83.0,-5.0,4.0,13.0
2026-02-13,401813417,Rider Broncs,Mount St. Mary's Mountaineers,,,,9.319688199689551,expected,base,4,4,abd919c973ef,a25a1e2fac05,5,2,20,25,9.97275,8.6865,18.65925,1.28625,6.0,10.0,14.0,5.0,8.0,13.0,12.900000000000034,18.0,25.0,-4.0,1.0,7.0,45.8525,40.616,82.9471917472643,5.2365,37.0,46.0,55.0,32.0,41.0,50.0,66.42471157773511,82.45704737106531,100.48938316439552,-5.0,5.0,16.0
2026-02-13,401813417,Rider Broncs,Mount St. Mary's Mountaineers,,,,9.319688199689551,expected,base,4,4,abd919c973ef,a25a1e2fac05,6,2,25,30,9.779,8.4655,18.2445,1.3135,6.0,10.0,14.0,5.0,8.0,13.0,12.0,18.0,25.0,-4.0,1.0,7.0,55.6315,49.0815,101.36903258886474,6.55,46.0,55.0,66.0,40.0,49.0,59.0,89.36592652847571,101.46994970562112,113.07151340836126,-5.0,6.0,18.0
2026-02-13,401813417,Rider Broncs,Mount St. Mary's Mountaineers,,,,9.319688199689551,expected,base,4,4,abd919c973ef,a25a1e2fac05,7,2,30,35,10.05525,8.7005,18.75575,1.35475,6.0,10.0,14.0,5.0,8.0,13.0,12.0,19.0,25.0,-4.0,1.0,7.0,65.68675,57.782,118.96663947775436,7.90475,55.0,65.0,77.0,48.0,58.0,68.0,102.39424994349764,118.6223561964114,135.44640944185005,-4.099999999999966,8.0,20.0
2026-02-13,401813417,Rider Broncs,Mount St. Mary's Mountaineers,,,,9.319688199689551,expected,base,4,4,abd919c973ef,a25a1e2fac05,8,2,35,40,11.08,9.66425,20.74425,1.41575,7.0,11.0,16.0,6.0,9.0,14.0,14.0,21.0,28.0,-4.0,1.0,7.0,76.76675,67.44625,144.213,9.3205,65.0,77.0,89.0,56.0,67.0,79.0,124.0,144.0,164.0,-4.0,9.0,22.0
2026-02-13,401813429,Siena Saints,Quinnipiac Bobcats,2026-02-13 19:00,2026-02-14T00:00:00Z,EST,3.5,spread,base,4,4,abd919c973ef,a25a1e2fac05,1,1,0,5,8.474,7.851,16.325,0.623,5.0,8.0,12.0,4.0,8.0,12.0,11.0,16.0,22.0,-4.0,1.0,6.0,8.474,7.851,15.805411302608524,0.623,5.0,8.0,12.0,4.0,8.0,12.0,10.480411302608523,15.480411302608523,21.480411302608527,-4.0,1.0,6.0
2026-02-13,401813429,Siena Saints,Quinnipiac Bobcats,2026-02-13 19:00,2026-02-14T00:00:00Z,EST,3.5,spread,base,4,4,abd919c973ef,a25a1e2fac05,2,1,5,10,8.486,8.02475,16.51075,0.46125,5.0,8.0,12.0,4.0,8.0,12.0,11.0,16.0,22.0,-5.0,0.0,5.0,16.96,15.87575,31.86236207890126,1.08425,11.0,17.0,23.0,10.900000000000034,16.0,21.0,23.026612078901262,32.026612078901266,41.02661207890127,-6.0,1.0,8.0
2026-02-13,401813429,Siena Saints,Quinnipiac Bobcats,2026-02-13 19:00,2026-02-14T00:00:00Z,EST,3.5,spread,base,4,4,abd919c973ef,a25a1e2fac05,3,1,10,15,8.89825,8.308,17.20625,0.59025,5.0,9.0,13.0,5.0,8.0,12.0,11.0,17.0,23.0,-5.0,1.0,6.0,25.85825,24.18375,47.87212279671447,1.6745,19.0,26.0,33.0,17.0,24.0,31.0,35.83012279671447,47.83012279671447,59.83012279671447,-6.0,2.0,10.0
2026-02-13,401813429,Siena Saints,Quinnipiac Bobcats,2026-02-13 19:00,2026-02-14T00:00:00Z,EST,3.5,spread,base,4,4,abd919c973ef,a25a1e2fac05,4,1,15,20,9.022,8.49575,17.51775,0.52625,5.0,9.0,13.0,5.0,8.0,12.0,12.0,17.0,23.09999999999991,-5.0,1.0,6.0,34.88025,32.6795,67.55975,2.20075,26.0,35.0,44.0,24.0,33.0,41.0,53.0,67.0,82.0,-7.0,2.0,11.0
2026-02-13,401813429,Siena Saints,Quinnipiac Bobcats,2026-02-13 19:00,2026-02-14T00:00:00Z,EST,3.5,spread,base,4,4,abd919c973ef,a25a1e2fac05,5,2,20,25,9.6495,9.01025,18.65975,0.63925,6.0,9.0,14.0,5.0,9.0,13.0,12.0,18.0,25.0,-5.0,1.0,6.0,44.52975,41.68975,82.65675750127777,2.84,35.0,44.0,54.0,33.0,42.0,51.0,65.32309478806859,82.3554305813988,100.59099995406204,-8.0,3.0,13.0
2026-02-13,401813429,Siena Saints,Quinnipiac Bobcats,2026-02-13 19:00,2026-02-14T00:00:00Z,EST,3.5,spread,base,4,4,abd919c973ef,a25a1e2fac05,6,2,25,30,9.47,8.7765,18.2465,0.6935,5.0,9.0,14.0,5.0,9.0,13.0,12.0,18.0,25.0,-4.0,1.0,6.0,53.99975,50.46625,101.1620566067136,3.5335,44.0,54.0,65.0,41.0,50.0,60.0,88.66023347473738,100.7642566518828,113.77720646209958,-8.0,4.0,15.0
2026-02-13,401813429,Siena Saints,Quinnipiac Bobcats,2026-02-13 19:00,2026-02-14T00:00:00Z,EST,3.5,spread,base,4,4,abd919c973ef,a25a1e2fac05,7,2,30,35,9.6665,8.996,18.6625,0.6705,5.0,9.0,14.0,5.0,9.0,13.0,12.0,18.0,25.0,-4.0,1.0,6.0,63.66625,59.46225,118.63956577558822,4.204,52.0,64.0,75.0,49.0,59.0,70.0,101.49345258197322,118.31750582741188,136.3472068033745,-8.0,4.0,16.0
2026-02-13,401813429,Siena Saints,Quinnipiac Bobcats,2026-02-13 19:00,2026-02-14T00:00:00Z,EST,3.5,spread,base,4,4,abd919c973ef,a25a1e2fac05,8,2,35,40,10.738,9.93875,20.67675,0.79925,6.0,11.0,16.0,6.0,10.0,14.0,14.0,20.0,28.0,-5.0,1.0,6.0,74.40425,69.401,143.80525,5.00325,62.0,74.0,87.0,57.0,69.0,82.0,123.0,143.0,165.0,-8.0,5.0,18.0
2026-02-13,401814563,Akron Zips,Massachusetts Minutemen,2026-02-13 21:00,2026-02-14T02:00:00Z,EST,13.5,spread,base,4,4,abd919c973ef,a25a1e2fac05,1,1,0,5,8.7865,7.965,16.7515,0.8215,5.0,9.0,13.0,4.0,8.0,12.0,11.0,16.0,23.0,-4.0,1.0,6.0,8.7865,7.965,16.231911302608527,0.8215,5.0,9.0,13.0,4.0,8.0,12.0,10.480411302608523,15.480411302608523,22.480411302608527,-4.0,1.0,6.0
2026-02-13,401814563,Akron Zips,Massachusetts Minutemen,2026-02-13 21:00,2026-02-14T02:00:00Z,EST,13.5,spread,base,4,4,abd919c973ef,a25a1e2fac05,2,1,5,10,8.80375,8.035,16.83875,0.76875,5.0,9.0,13.0,5.0,8.0,12.0,11.0,17.0,23.0,-4.0,1.0,6.0,17.59025,16.0,32.61686207890126,1.59025,12.0,17.0,23.09999999999991,11.0,16.0,21.0,24.026612078901262,32.026612078901266,41.126612078901175,-6.0,2.0,8.0
2026-02-13,401814563,Akron Zips,Massachusetts Minutemen,2026-02-13 21:00,2026-02-14T02:00:00Z,EST,13.5,spread,base,4,4,abd919c973ef,a25a1e2fac05,3,1,10,15,9.08025,8.41825,17.4985,0.662,5.0,9.0,13.0,5.0,8.0,12.0,12.0,17.0,24.0,-4.0,1.0,6.0,26.6705,24.41825,48.91887279671447,2.25225,19.900000000000038,26.0,34.0,18.0,24.0,31.0,37.83012279671447,48.83012279671447,60.83012279671447,-6.0,2.0,10.0
2026-02-13,401814563,Akron Zips,Massachusetts Minutemen,2026-02-13 21:00,2026-02-14T02:00:00Z,EST,13.5,spread,base,4,4,abd919c973ef,a25a1e2fac05,4,1,15,20,9.41125,8.61975,18.031,0.7915,5.0,9.0,14.0,5.0,8.0,13.0,12.0,18.0,24.0,-4.0,1.0,6.0,36.08175,33.038,69.11975,3.04375,27.900000000000038,36.0,45.0,25.0,33.0,41.0,55.0,69.0,84.0,-6.0,3.0,12.0
2026-02-13,401814563,Akron Zips,Massachusetts Minutemen,2026-02-13 21:00,2026-02-14T02:00:00Z,EST,13.5,spread,base,4,4,abd919c973ef,a25a1e2fac05,5,2,20,25,9.893,9.123,19.016,0.77,6.0,10.0,14.0,5.0,9.0,13.0,13.0,19.0,25.0,-5.0,1.0,6.0,45.97475,42.161,84.92251844933574,3.81375,37.0,46.0,55.0,34.0,42.0,51.0,68.83117873640114,84.76189774006485,101.79423353339509,-7.0,4.0,14.099999999999907
2026-02-13,401814563,Akron Zips,Massachusetts Minutemen,2026-02-13 21:00,2026-02-14T02:00:00Z,EST,13.5,spread,base,4,4,abd919c973ef,a25a1e2fac05,6,2,25,30,9.69525,9.0035,18.69875,0.69175,6.0,9.0,14.0,5.0,9.0,13.0,13.0,19.0,25.0,-4.0,1.0,6.0,55.67,51.1645,103.05115376795852,4.5055,46.0,56.0,66.0,42.0,51.0,61.0,91.18377979461842,103.08456939243084,115.18859256957629,-7.0,4.0,16.0
2026-02-13,401814563,Akron Zips,Massachusetts Minutemen,2026-02-13 21:00,2026-02-14T02:00:00Z,EST,13.5,spread,base,4,4,abd919c973ef,a25a1e2fac05,7,2,30,35,9.94825,9.1385,19.08675,0.80975,6.0,10.0,14.0,5.0,9.0,13.0,13.0,19.0,25.0,-4.0,1.0,6.0,65.61825,60.303,121.352429583136,5.31525,55.0,66.0,77.0,50.0,60.0,71.0,104.80554540454554,121.32474828098468,138.14880152642337,-7.0,5.0,18.0
2026-02-13,401814563,Akron Zips,Massachusetts Minutemen,2026-02-13 21:00,2026-02-14T02:00:00Z,EST,13.5,spread,base,4,4,abd919c973ef,a25a1e2fac05,8,2,35,40,11.04325,10.28025,21.3235,0.763,7.0,11.0,16.0,6.0,10.0,15.0,15.0,21.0,28.09999999999991,-5.0,1.0,6.0,76.6615,70.58325,147.24475,6.07825,65.0,77.0,89.0,59.0,70.5,82.0,128.0,147.0,167.0,-7.0,6.0,19.0
2026-02-13,401814565,Miami (OH) RedHawks,Ohio Bobcats,2026-02-13 21:00,2026-02-14T02:00:00Z,EST,10.0,spread,base,4,4,abd919c973ef,a25a1e2fac05,1,1,0,5,8.14725,8.738,16.88525,-0.59075,4.0,8.0,12.0,5.0,9.0,13.0,11.0,17.0,23.0,-6.0,-1.0,5.0,8.14725,8.738,16.365661302608526,-0.59075,4.0,8.0,12.0,5.0,9.0,13.0,10.480411302608523,16.480411302608527,22.480411302608527,-6.0,-1.0,5.0
2026-02-13,401814565,Miami (OH) RedHawks,Ohio Bobcats,2026-02-13 21:00,2026-02-14T02:00:00Z,EST,10.0,spread,base,4,4,abd919c973ef,a25a1e2fac05,2,1,5,10,8.20975,8.73375,16.9435,-0.524,4.0,8.0,12.0,5.0,9.0,13.0,11.0,17.0,23.0,-6.0,0.0,5.0,16.357,17.47175,32.855362078901265,-1.11475,11.0,16.0,22.0,12.0,17.0,24.0,24.026612078901262,33.026612078901266,42.02661207890127,-8.0,-1.0,6.0
2026-02-13,401814565,Miami (OH) RedHawks,Ohio Bobcats,2026-02-13 21:00,2026-02-14T02:00:00Z,EST,10.0,spread,base,4,4,abd919c973ef,a25a1e2fac05,3,1,10,15,8.45075,8.95825,17.409,-0.5075,5.0,8.0,12.099999999999907,5.0,9.0,13.0,12.0,17.0,24.0,-6.0,-1.0,5.0,24.80775,26.43,49.06787279671447,-1.62225,18.0,25.0,32.0,19.0,26.0,34.0,36.83012279671447,48.83012279671447,60.83012279671447,-10.0,-2.0,7.0
2026-02-13,401814565,Miami (OH) RedHawks,Ohio Bobcats,2026-02-13 21:00,2026-02-14T02:00:00Z,EST,10.0,spread,base,4,4,abd919c973ef,a25a1e2fac05,4,1,15,20,8.687,9.29325,17.98025,-0.60625,5.0,8.0,13.0,5.0,9.0,14.0,12.0,18.0,24.0,-6.0,-1.0,5.0,33.49475,35.72325,69.218,-2.2285,25.0,33.0,42.0,27.0,36.0,45.0,54.0,69.0,84.0,-11.0,-2.0,7.0
2026-02-13,401814565,Miami (OH) RedHawks,Ohio Bobcats,2026-02-13 21:00,2026-02-14T02:00:00Z,EST,10.0,spread,base,4,4,abd919c973ef,a25a1e2fac05,5,2,20,25,9.11175,10.0925,19.20425,-0.98075,5.0,9.0,13.0,6.0,10.0,15.0,13.0,19.0,26.0,-6.0,-1.0,4.0,42.6065,45.81575,85.28774605712987,-3.20925,34.0,43.0,51.0,37.0,46.0,55.0,67.83117873640114,84.86351452973136,102.89585032306158,-13.0,-3.0,7.0
2026-02-13,401814565,Miami (OH) RedHawks,Ohio Bobcats,2026-02-13 21:00,2026-02-14T02:00:00Z,EST,10.0,spread,base,4,4,abd919c973ef,a25a1e2fac05,6,2,25,30,8.90775,9.92875,18.8365,-1.021,5.0,9.0,13.0,6.0,10.0,14.0,13.0,19.0,25.0,-6.0,-1.0,4.0,51.51425,55.7445,103.42177741556324,-4.23025,42.0,51.0,61.0,46.0,56.0,66.0,91.18377979461842,103.28780297176384,115.8942856233146,-16.0,-4.0,7.0
2026-02-13,401814565,Miami (OH) RedHawks,Ohio Bobcats,2026-02-13 21:00,2026-02-14T02:00:00Z,EST,10.0,spread,base,4,4,abd919c973ef,a25a1e2fac05,7,2,30,35,9.1505,10.1745,19.325,-1.024,5.0,9.0,14.0,6.0,10.0,15.0,13.0,19.0,26.0,-6.0,-1.0,4.0,60.66475,65.919,121.98342728906611,-5.25425,50.0,61.0,71.0,55.0,66.0,77.0,105.40149239707044,121.62959864998422,139.04959888794778,-18.0,-5.0,7.0
2026-02-13,401814565,Miami (OH) RedHawks,Ohio Bobcats,2026-02-13 21:00,2026-02-14T02:00:00Z,EST,10.0,spread,base,4,4,abd919c973ef,a25a1e2fac05,8,2,35,40,10.159,11.27675,21.43575,-1.11775,6.0,10.0,15.0,7.0,11.0,16.0,15.0,21.0,29.0,-7.0,-1.0,4.0,70.82375,77.19575,148.0195,-6.372,60.0,71.0,82.0,65.0,77.0,89.0,128.0,148.0,168.0,-19.0,-6.0,6.0
2026-02-13,401818334,Dartmouth Big Green,Yale Bulldogs,2026-02-13 19:00,2026-02-14T00:00:00Z,EST,9.0,spread,base,4,4,abd919c973ef,a25a1e2fac05,1,1,0,5,7.6535,8.94925,16.60275,-1.29575,4.0,7.0,11.0,5.0,9.0,13.0,11.0,16.0,23.0,-6.0,-1.0,4.0,7.6535,8.94925,16.083161302608527,-1.29575,4.0,7.0,11.0,5.0,9.0,13.0,10.480411302608523,15.480411302608523,22.480411302608527,-6.0,-1.0,4.0
2026-02-13,401818334,Dartmouth Big Green,Yale Bulldogs,2026-02-13 19:00,2026-02-14T00:00:00Z,EST,9.0,spread,base,4,4,abd919c973ef,a25a1e2fac05,2,1,5,10,7.7115,9.01025,16.72175,-1.29875,4.0,8.0,12.0,5.0,9.0,13.0,11.0,17.0,23.0,-6.0,-1.0,4.0,15.365,17.9595,32.35111207890127,-2.5945,10.0,15.0,21.0,12.0,18.0,24.0,23.026612078901262,32.026612078901266,41.02661207890127,-9.0,-3.0,4.0
2026-02-13,401818334,Dartmouth Big Green,Yale Bulldogs,2026-02-13 19:00,2026-02-14T00:00:00Z,EST,9.0,spread,base,4,4,abd919c973ef,a25a1e2fac05,3,1,10,15,8.01225,9.299,17.31125,-1.28675,5.0,8.0,12.0,5.0,9.0,14.0,12.0,17.0,23.0,-6.0,-1.0,4.0,23.37725,27.2585,48.46587279671447,-3.88125,17.0,23.0,30.0,20.0,27.0,35.0,36.83012279671447,47.83012279671447,59.83012279671447,-12.0,-4.0,4.0
2026-02-13,401818334,Dartmouth Big Green,Yale Bulldogs,2026-02-13 19:00,2026-02-14T00:00:00Z,EST,9.0,spread,base,4,4,abd919c973ef,a25a1e2fac05,4,1,15,20,8.16575,9.4995,17.66525,-1.33375,4.0,8.0,12.0,6.0,9.0,14.0,12.0,17.0,24.0,-7.0,-1.0,4.0,31.543,36.758,68.301,-5.215,24.0,31.0,39.0,28.0,36.0,46.0,54.0,68.0,83.0,-14.0,-5.0,4.0
2026-02-13,401818334,Dartmouth Big Green,Yale Bulldogs,2026-02-13 19:00,2026-02-14T00:00:00Z,EST,9.0,spread,base,4,4,abd919c973ef,a25a1e2fac05,5,2,20,25,8.728,10.1885,18.9165,-1.4605,5.0,9.0,13.0,6.0,10.0,15.0,13.0,19.0,26.0,-7.0,-1.0,4.0,40.271,46.9465,83.82948757110933,-6.6755,32.0,40.0,49.0,37.0,47.0,57.0,66.62794515706813,83.55866416073184,101.69261674372856,-17.0,-7.0,4.0
2026-02-13,401818334,Dartmouth Big Green,Yale Bulldogs,2026-02-13 19:00,2026-02-14T00:00:00Z,EST,9.0,spread,base,4,4,abd919c973ef,a25a1e2fac05,6,2,25,30,8.43225,9.97675,18.409,-1.5445,5.0,8.0,13.0,6.0,10.0,15.0,12.0,18.0,25.0,-7.0,-2.0,4.0,48.70325,56.92325,102.09462096642407,-8.22,39.0,48.0,58.09999999999991,47.0,57.0,67.0,90.27485316154709,101.67318328495416,114.48289951583791,-20.0,-8.0,3.0
2026-02-13,401818334,Dartmouth Big Green,Yale Bulldogs,2026-02-13 19:00,2026-02-14T00:00:00Z,EST,9.0,spread,base,4,4,abd919c973ef,a25a1e2fac05,7,2,30,35,8.69,10.231,18.921,-1.541,5.0,8.0,13.0,6.0,10.0,15.0,13.0,19.0,26.0,-7.0,-1.0,4.0,57.39325,67.15425,120.00940476747571,-9.761,47.0,57.0,68.0,56.0,67.0,78.0,103.5998976740216,119.52315355793584,137.24800416489893,-22.0,-10.0,3.0
2026-02-13,401818334,Dartmouth Big Green,Yale Bulldogs,2026-02-13 19:00,2026-02-14T00:00:00Z,EST,9.0,spread,base,4,4,abd919c973ef,a25a1e2fac05,8,2,35,40,9.60775,11.3695,20.97725,-1.76175,5.0,10.0,14.0,7.0,11.0,16.0,14.0,21.0,28.0,-7.0,-2.0,4.0,67.001,78.52375,145.52475,-11.52275,56.0,67.0,79.0,66.0,78.0,91.0,126.0,145.0,166.0,-24.0,-12.0,1.0
2026-02-13,401823754,Sacred Heart Pioneers,Saint Peter's Peacocks,2026-02-13 19:00,2026-02-14T00:00:00Z,EST,2.0,spread,base,4,4,abd919c973ef,a25a1e2fac05,1,1,0,5,7.7265,8.67025,16.39675,-0.94375,4.0,8.0,12.0,5.0,8.0,13.0,11.0,16.0,22.0,-6.0,-1.0,4.0,7.7265,8.67025,15.877161302608526,-0.94375,4.0,8.0,12.0,5.0,8.0,13.0,10.480411302608523,15.480411302608523,21.480411302608527,-6.0,-1.0,4.0
2026-02-13,401823754,Sacred Heart Pioneers,Saint Peter's Peacocks,2026-02-13 19:00,2026-02-14T00:00:00Z,EST,2.0,spread,base,4,4,abd919c973ef,a25a1e2fac05,2,1,5,10,7.75275,8.69175,16.4445,-0.939,4.0,8.0,12.0,5.0,9.0,13.0,11.0,16.0,22.0,-6.0,-1.0,4.0,15.47925,17.362,31.867862078901265,-1.88275,10.0,15.0,21.0,12.0,17.0,23.0,23.026612078901262,32.026612078901266,41.02661207890127,-9.0,-2.0,5.0
2026-02-13,401823754,Sacred Heart Pioneers,Saint Peter's Peacocks,2026-02-13 19:00,2026-02-14T00:00:00Z,EST,2.0,spread,base,4,4,abd919c973ef,a25a1e2fac05,3,1,10,15,8.0705,9.03025,17.10075,-0.95975,4.0,8.0,12.0,5.0,9.0,13.0,11.0,17.0,23.0,-6.0,-1.0,4.0,23.54975,26.39225,47.77212279671447,-2.8425,17.0,23.0,31.0,19.0,26.0,34.0,35.83012279671447,47.83012279671447,59.83012279671447,-11.0,-3.0,5.0
2026-02-13,401823754,Sacred Heart Pioneers,Saint Peter's Peacocks,2026-02-13 19:00,2026-02-14T00:00:00Z,EST,2.0,spread,base,4,4,abd919c973ef,a25a1e2fac05,4,1,15,20,8.24725,9.252,17.49925,-1.00475,5.0,8.0,12.0,5.0,9.0,14.0,12.0,17.0,24.0,-6.0,-1.0,4.0,31.797,35.64425,67.44125,-3.84725,24.0,32.0,40.0,27.0,36.0,44.0,53.0,67.0,82.0,-13.0,-4.0,5.0
2026-02-13,401823754,Sacred Heart Pioneers,Saint Peter's Peacocks,2026-02-13 19:00,2026-02-14T00:00:00Z,EST,2.0,spread,base,4,4,abd919c973ef,a25a1e2fac05,5,2,20,25,8.8505,9.682,18.5325,-0.8315,5.0,9.0,13.0,6.0,9.0,14.0,12.0,18.0,25.0,-6.0,-1.0,4.0,40.6475,45.32625,82.34132378776394,-4.67875,32.0,40.0,50.0,36.0,45.0,55.0,65.42471157773511,82.3554305813988,99.38776637472904,-15.0,-5.0,6.0
2026-02-13,401823754,Sacred Heart Pioneers,Saint Peter's Peacocks,2026-02-13 19:00,2026-02-14T00:00:00Z,EST,2.0,spread,base,4,4,abd919c973ef,a25a1e2fac05,6,2,25,30,8.60075,9.47225,18.073,-0.8715,5.0,8.0,13.0,5.0,9.0,14.0,12.0,18.0,24.0,-6.0,-1.0,4.0,49.24825,54.7985,100.81203304504156,-5.55025,40.0,49.0,59.0,45.0,55.0,65.0,88.86346705407041,100.7642566518828,112.86827982902824,-17.0,-6.0,6.0
2026-02-13,401823754,Sacred Heart Pioneers,Saint Peter's Peacocks,2026-02-13 19:00,2026-02-14T00:00:00Z,EST,2.0,spread,base,4,4,abd919c973ef,a25a1e2fac05,7,2,30,35,8.79475,9.70675,18.5015,-0.912,5.0,9.0,13.0,6.0,10.0,14.0,12.0,18.0,25.0,-6.0,-1.0,4.0,58.043,64.50525,118.0847163926342,-6.46225,48.0,58.0,68.0,54.0,64.0,75.0,102.39424994349764,117.721558834887,134.54561208032567,-19.0,-6.0,5.0
2026-02-13,401823754,Sacred Heart Pioneers,Saint Peter's Peacocks,2026-02-13 19:00,2026-02-14T00:00:00Z,EST,2.0,spread,base,4,4,abd919c973ef,a25a1e2fac05,8,2,35,40,9.7425,10.82875,20.57125,-1.08625,6.0,10.0,14.0,7.0,11.0,16.0,14.0,20.0,28.0,-6.0,-1.0,4.0,67.7855,75.334,143.1195,-7.5485,57.0,68.0,79.0,64.0,75.0,87.0,124.0,143.0,163.0,-20.0,-7.0,5.0
2026-02-13,401823829,Boise State Broncos,UNLV Rebels,2026-02-13 22:00,2026-02-14T03:00:00Z,EST,10.5,spread,base,4,4,abd919c973ef,a25a1e2fac05,1,1,0,5,8.71,8.32125,17.03125,0.38875,5.0,9.0,13.0,5.0,8.0,12.0,11.0,17.0,23.0,-5.0,0.0,5.0,8.71,8.32125,16.511661302608527,0.38875,5.0,9.0,13.0,5.0,8.0,12.0,10.480411302608523,16.480411302608527,22.480411302608527,-5.0,0.0,5.0
2026-02-13,401823829,Boise State Broncos,UNLV Rebels,2026-02-13 22:00,2026-02-14T03:00:00Z,EST,10.5,spread,base,4,4,abd919c973ef,a25a1e2fac05,2,1,5,10,8.87,8.42175,17.29175,0.44825,5.0,9.0,13.0,5.0,8.0,12.0,12.0,17.0,23.0,-5.0,0.0,6.0,17.58,16.743,33.349612078901266,0.837,12.0,17.0,24.0,11.0,17.0,23.0,24.026612078901262,33.026612078901266,43.02661207890127,-6.0,1.0,8.0
2026-02-13,401823829,Boise State Broncos,UNLV Rebels,2026-02-13 22:00,2026-02-14T03:00:00Z,EST,10.5,spread,base,4,4,abd919c973ef,a25a1e2fac05,3,1,10,15,9.09925,8.59125,17.6905,0.508,5.0,9.0,13.0,5.0,8.0,13.0,12.0,17.0,24.0,-5.0,1.0,6.0,26.67925,25.33425,49.84362279671447,1.345,19.0,27.0,34.0,18.0,25.0,33.0,37.83012279671447,49.83012279671447,61.83012279671447,-7.0,1.0,10.0
2026-02-13,401823829,Boise State Broncos,UNLV Rebels,2026-02-13 22:00,2026-02-14T03:00:00Z,EST,10.5,spread,base,4,4,abd919c973ef,a25a1e2fac05,4,1,15,20,9.445,8.9615,18.4065,0.4835,5.900000000000034,9.0,14.0,5.0,9.0,13.0,12.0,18.0,25.0,-5.0,1.0,6.0,36.12425,34.29575,70.42,1.8285,27.0,36.0,45.0,26.0,34.0,43.0,55.0,70.0,86.0,-7.0,2.0,11.0
2026-02-13,401823829,Boise State Broncos,UNLV Rebels,2026-02-13 22:00,2026-02-14T03:00:00Z,EST,10.5,spread,base,4,4,abd919c973ef,a25a1e2fac05,5,2,20,25,9.73675,9.558,19.29475,0.17875,6.0,9.0,14.0,5.0,9.0,14.0,13.0,19.0,26.0,-5.0,0.0,5.0,45.861,43.85375,86.6860545393701,2.00725,36.0,46.0,55.0,35.0,44.0,53.0,68.93279552606765,85.96513131939787,104.0990839023946,-8.0,2.0,12.0
2026-02-13,401823829,Boise State Broncos,UNLV Rebels,2026-02-13 22:00,2026-02-14T03:00:00Z,EST,10.5,spread,base,4,4,abd919c973ef,a25a1e2fac05,6,2,25,30,9.455,9.30425,18.75925,0.15075,5.0,9.0,14.0,5.0,9.0,14.0,12.0,18.0,26.0,-5.0,0.0,5.0,55.316,53.158,104.2440082563148,2.158,45.0,55.0,65.0,43.0,53.0,63.0,91.88947284835676,103.99349602550218,116.80321225638596,-9.0,2.0,13.0
2026-02-13,401823829,Boise State Broncos,UNLV Rebels,2026-02-13 22:00,2026-02-14T03:00:00Z,EST,10.5,spread,base,4,4,abd919c973ef,a25a1e2fac05,7,2,30,35,9.69025,9.52025,19.2105,0.17,5.0,9.0,14.0,5.0,9.0,14.0,13.0,19.0,26.0,-5.0,0.0,6.0,65.00625,62.67825,122.95684138780864,2.328,54.0,65.0,76.0,52.0,62.0,74.0,105.70634276606998,123.12634300403352,140.25524661847172,-10.0,2.0,14.0
2026-02-13,401823829,Boise State Broncos,UNLV Rebels,2026-02-13 22:00,2026-02-14T03:00:00Z,EST,10.5,spread,base,4,4,abd919c973ef,a25a1e2fac05,8,2,35,40,10.818,10.55825,21.37625,0.25975,6.0,11.0,15.0,6.0,10.0,15.0,15.0,21.0,28.0,-5.0,0.0,6.0,75.82425,73.2365,149.06075,2.58775,64.0,76.0,88.0,62.0,73.0,85.0,129.0,149.0,170.0,-10.0,3.0,15.0
2026-02-13,401825512,Wisconsin Badgers,Michigan State Spartans,2026-02-13 20:00,2026-02-14T01:00:00Z,EST,2.25,spread,base,4,4,abd919c973ef,a25a1e2fac05,1,1,0,5,8.63,9.21375,17.84375,-0.58375,5.0,8.0,13.0,5.0,9.0,13.0,12.0,18.0,24.0,-6.0,-1.0,5.0,8.63,9.21375,17.324161302608527,-0.58375,5.0,8.0,13.0,5.0,9.0,13.0,11.480411302608523,17.480411302608527,23.480411302608527,-6.0,-1.0,5.0
2026-02-13,401825512,Wisconsin Badgers,Michigan State Spartans,2026-02-13 20:00,2026-02-14T01:00:00Z,EST,2.25,spread,base,4,4,abd919c973ef,a25a1e2fac05,2,1,5,10,8.684,9.496,18.18,-0.812,5.0,9.0,13.0,6.0,9.0,14.0,13.0,18.0,24.0,-6.0,-1.0,4.0,17.314,18.70975,35.050362078901266,-1.39575,12.0,17.0,23.0,13.0,19.0,25.0,26.026612078901262,35.026612078901266,44.02661207890127,-8.0,-1.0,6.0
2026-02-13,401825512,Wisconsin Badgers,Michigan State Spartans,2026-02-13 20:00,2026-02-14T01:00:00Z,EST,2.25,spread,base,4,4,abd919c973ef,a25a1e2fac05,3,1,10,15,9.03,9.70625,18.73625,-0.67625,5.0,9.0,13.0,6.0,10.0,14.0,13.0,19.0,25.0,-6.0,-1.0,5.0,26.344,28.416,52.59012279671447,-2.072,19.0,26.0,33.0,21.0,28.0,36.0,40.83012279671447,52.83012279671447,64.83012279671446,-10.0,-2.0,6.0
2026-02-13,401825512,Wisconsin Badgers,Michigan State Spartans,2026-02-13 20:00,2026-02-14T01:00:00Z,EST,2.25,spread,base,4,4,abd919c973ef,a25a1e2fac05,4,1,15,20,9.25775,10.05025,19.308,-0.7925,5.0,9.0,13.0,6.0,10.0,14.0,13.0,19.0,26.0,-6.0,-1.0,4.0,35.60175,38.46625,74.068,-2.8645,27.0,35.0,44.0,30.0,38.0,47.09999999999991,60.0,74.0,89.0,-12.0,-3.0,6.0
2026-02-13,401825512,Wisconsin Badgers,Michigan State Spartans,2026-02-13 20:00,2026-02-14T01:00:00Z,EST,2.25,spread,base,4,4,abd919c973ef,a25a1e2fac05,5,2,20,25,10.03125,10.66375,20.695,-0.6325,6.0,10.0,14.0,6.0,10.0,15.0,14.0,20.0,28.0,-6.0,-1.0,5.0,45.633,49.13,92.72496662182894,-3.497,37.0,46.0,55.0,40.0,49.0,58.0,75.84734663306625,92.98129921606298,110.1152517990597,-14.0,-4.0,7.0
2026-02-13,401825512,Wisconsin Badgers,Michigan State Spartans,2026-02-13 20:00,2026-02-14T01:00:00Z,EST,2.25,spread,base,4,4,abd919c973ef,a25a1e2fac05,6,2,25,30,9.85375,10.44275,20.2965,-0.589,6.0,10.0,14.0,6.0,10.0,15.0,14.0,20.0,27.0,-6.0,-1.0,5.0,55.48675,59.57275,109.5342792899286,-4.086,46.0,56.0,65.0,49.0,60.0,70.0,97.23579138319114,109.54304813966958,122.35276437055334,-16.0,-4.0,7.0
2026-02-13,401825512,Wisconsin Badgers,Michigan State Spartans,2026-02-13 20:00,2026-02-14T01:00:00Z,EST,2.25,spread,base,4,4,abd919c973ef,a25a1e2fac05,7,2,30,35,10.10775,10.62375,20.7315,-0.516,6.0,10.0,15.0,6.0,10.0,15.0,14.0,20.0,28.0,-6.0,-1.0,5.0,65.5945,70.1965,130.7598719300881,-4.602,55.0,66.0,76.0,59.0,70.0,81.09999999999991,113.21757202726488,130.94242263422797,148.07132624866614,-17.0,-5.0,8.0
2026-02-13,401825512,Wisconsin Badgers,Michigan State Spartans,2026-02-13 20:00,2026-02-14T01:00:00Z,EST,2.25,spread,base,4,4,abd919c973ef,a25a1e2fac05,8,2,35,40,11.2025,11.81625,23.01875,-0.61375,7.0,11.0,16.0,7.0,12.0,17.0,16.0,23.0,30.0,-7.0,-1.0,5.0,76.797,82.01275,158.80975,-5.21575,65.0,77.0,89.0,69.0,82.0,95.0,138.0,159.0,180.0,-18.0,-5.0,8.0
2026-02-13,401826867,Princeton Tigers,Cornell Big Red,2026-02-13 19:00,2026-02-14T00:00:00Z,EST,3.5,spread,base,4,4,abd919c973ef,a25a1e2fac05,1,1,0,5,9.14625,7.71125,16.8575,1.435,5.0,9.0,13.0,4.0,7.0,11.0,11.0,17.0,22.0,-4.0,1.0,7.0,9.14625,7.71125,16.33791130260853,1.435,5.0,9.0,13.0,4.0,7.0,11.0,10.480411302608523,16.480411302608527,21.480411302608527,-4.0,1.0,7.0
2026-02-13,401826867,Princeton Tigers,Cornell Big Red,2026-02-13 19:00,2026-02-14T00:00:00Z,EST,3.5,spread,base,4,4,abd919c973ef,a25a1e2fac05,2,1,5,10,9.1625,7.71525,16.87775,1.44725,5.0,9.0,13.0,4.0,8.0,11.0,11.0,17.0,23.0,-4.0,1.0,6.099999999999909,18.30875,15.4265,32.76186207890127,2.88225,13.0,18.0,24.0,10.0,15.0,21.0,24.026612078901262,33.026612078901266,41.02661207890127,-4.0,3.0,10.0
2026-02-13,401826867,Princeton Tigers,Cornell Big Red,2026-02-13 19:00,2026-02-14T00:00:00Z,EST,3.5,spread,base,4,4,abd919c973ef,a25a1e2fac05,3,1,10,15,9.60475,7.972,17.57675,1.63275,6.0,9.0,14.0,4.0,8.0,12.0,12.0,17.0,23.0,-3.0,2.0,7.0,27.9135,23.3985,49.14212279671447,4.515,21.0,28.0,35.0,17.0,23.0,30.0,38.83012279671447,48.83012279671447,59.83012279671447,-4.0,4.0,13.0
2026-02-13,401826867,Princeton Tigers,Cornell Big Red,2026-02-13 19:00,2026-02-14T00:00:00Z,EST,3.5,spread,base,4,4,abd919c973ef,a25a1e2fac05,4,1,15,20,9.83675,8.36675,18.2035,1.47,6.0,10.0,14.0,5.0,8.0,12.0,12.0,18.0,24.0,-4.0,2.0,7.0,37.75025,31.76525,69.5155,5.985,29.0,38.0,46.0,24.0,32.0,39.0,56.0,69.0,83.0,-3.0,6.0,15.0
2026-02-13,401826867,Princeton Tigers,Cornell Big Red,2026-02-13 19:00,2026-02-14T00:00:00Z,EST,3.5,spread,base,4,4,abd919c973ef,a25a1e2fac05,5,2,20,25,10.27825,8.833,19.11125,1.44525,6.0,10.0,14.0,5.0,9.0,13.0,13.0,19.0,26.0,-4.0,1.0,7.0,48.0285,40.59825,85.49300818305235,7.43025,39.0,48.0,58.0,33.0,40.0,49.0,68.83117873640114,84.86351452973136,101.89585032306158,-3.0,7.0,18.0
2026-02-13,401826867,Princeton Tigers,Cornell Big Red,2026-02-13 19:00,2026-02-14T00:00:00Z,EST,3.5,spread,base,4,4,abd919c973ef,a25a1e2fac05,6,2,25,30,10.18725,8.68425,18.8715,1.503,6.0,10.0,15.0,5.0,9.0,13.0,13.0,19.0,25.0,-4.0,1.0,7.0,58.21575,49.2825,103.54364071152828,8.93325,48.0,58.0,69.0,40.0,49.0,58.0,91.68623926902374,103.28780297176384,115.39182614890927,-3.0,9.0,20.0
2026-02-13,401826867,Princeton Tigers,Cornell Big Red,2026-02-13 19:00,2026-02-14T00:00:00Z,EST,3.5,spread,base,4,4,abd919c973ef,a25a1e2fac05,7,2,30,35,10.361,8.8225,19.1835,1.5385,6.0,10.0,15.0,5.0,9.0,13.0,13.0,19.0,26.0,-4.0,1.0,7.0,68.57675,58.105,122.04411647210102,10.47175,57.0,68.0,80.0,48.0,58.0,68.0,105.40149239707044,121.92757214624666,138.4536518954229,-2.0,10.0,23.0
2026-02-13,401826867,Princeton Tigers,Cornell Big Red,2026-02-13 19:00,2026-02-14T00:00:00Z,EST,3.5,spread,base,4,4,abd919c973ef,a25a1e2fac05,8,2,35,40,11.54,9.80525,21.34525,1.73475,7.0,11.0,16.0,6.0,10.0,14.0,15.0,21.0,28.0,-4.0,2.0,7.0,80.11675,67.91025,148.027,12.2065,68.0,80.0,92.0,57.0,68.0,79.0,128.0,148.0,168.0,0.0,12.0,25.0
2026-02-13,401828424,George Washington Revolutionaries,George Mason Patriots,,,,1.405515791246728,expected,base,4,4,abd919c973ef,a25a1e2fac05,1,1,0,5,8.14975,8.2795,16.42925,-0.12975,5.0,8.0,12.0,5.0,8.0,12.0,11.0,16.0,22.0,-5.0,0.0,5.0,8.14975,8.2795,15.909661302608525,-0.12975,5.0,8.0,12.0,5.0,8.0,12.0,10.480411302608523,15.480411302608523,21.480411302608527,-5.0,0.0,5.0
2026-02-13,401828424,George Washington Revolutionaries,George Mason Patriots,,,,1.405515791246728,expected,base,4,4,abd919c973ef,a25a1e2fac05,2,1,5,10,8.245,8.4375,16.6825,-0.1925,5.0,8.0,12.0,5.0,8.0,12.0,11.0,16.0,23.0,-5.0,0.0,5.0,16.39475,16.717,32.13836207890127,-0.32225,11.0,16.0,22.0,11.0,16.0,22.0,23.026612078901262,32.026612078901266,41.02661207890127,-7.0,0.0,6.0
2026-02-13,401828424,George Washington Revolutionaries,George Mason Patriots,,,,1.405515791246728,expected,base,4,4,abd919c973ef,a25a1e2fac05,3,1,10,15,8.5225,8.68475,17.20725,-0.16225,5.0,8.0,13.0,5.0,9.0,13.0,11.900000000000034,17.0,23.0,-5.0,0.0,5.0,24.91725,25.40175,48.14912279671447,-0.4845,18.0,25.0,32.0,18.0,25.0,33.0,36.83012279671447,47.83012279671447,59.83012279671447,-8.0,0.0,8.0
2026-02-13,401828424,George Washington Revolutionaries,George Mason Patriots,,,,1.405515791246728,expected,base,4,4,abd919c973ef,a25a1e2fac05,4,1,15,20,8.67625,8.9075,17.58375,-0.23125,5.0,8.0,13.0,5.0,9.0,13.0,12.0,17.0,24.0,-6.0,0.0,5.0,33.5935,34.30925,67.90275,-0.71575,25.0,33.0,42.0,26.0,34.0,43.0,53.0,67.0,83.0,-10.0,-1.0,8.0
2026-02-13,401828424,George Washington Revolutionaries,George Mason Patriots,,,,1.405515791246728,expected,base,4,4,abd919c973ef,a25a1e2fac05,5,2,20,25,9.27025,9.35825,18.6285,-0.088,5.0,9.0,13.0,5.0,9.0,14.0,12.0,18.0,25.0,-5.0,0.0,5.0,42.86375,43.6675,82.99960223891571,-0.80375,34.0,43.0,52.0,35.0,44.0,53.0,66.42471157773511,82.45704737106531,100.59099995406204,-11.0,-1.0,10.0
2026-02-13,401828424,George Washington Revolutionaries,George Mason Patriots,,,,1.405515791246728,expected,base,4,4,abd919c973ef,a25a1e2fac05,6,2,25,30,9.0725,9.1655,18.238,-0.093,5.0,9.0,13.0,5.0,9.0,13.0,12.0,18.0,25.0,-5.0,0.0,5.0,51.93625,52.833,101.37661691760292,-0.89675,42.0,52.0,61.0,43.0,53.0,63.0,89.36592652847571,101.46994970562112,113.77720646209958,-12.0,-1.0,11.0
2026-02-13,401828424,George Washington Revolutionaries,George Mason Patriots,,,,1.405515791246728,expected,base,4,4,abd919c973ef,a25a1e2fac05,7,2,30,35,9.226,9.45125,18.67725,-0.22525,5.0,9.0,14.0,5.0,9.0,14.0,12.0,18.0,25.0,-6.0,0.0,5.0,61.16225,62.28425,118.922361132125,-1.122,51.0,61.0,72.0,52.0,62.0,73.0,102.39424994349764,118.6223561964114,135.81085451010205,-13.0,-1.0,11.0
2026-02-13,401828424,George Washington Revolutionaries,George Mason Patriots,,,,1.405515791246728,expected,base,4,4,abd919c973ef,a25a1e2fac05,8,2,35,40,10.257,10.40775,20.66475,-0.15075,6.0,10.0,15.0,6.0,10.0,15.0,14.0,20.0,28.0,-6.0,0.0,5.0,71.41925,72.692,144.11125,-1.27275,60.0,71.0,83.0,61.0,73.0,85.0,124.0,144.0,165.0,-14.0,-1.0,11.0
2026-02-13,401828425,Loyola Chicago Ramblers,Saint Louis Billikens,,,,8.69898736350791,expected,base,4,4,abd919c973ef,a25a1e2fac05,1,1,0,5,9.095,7.98825,17.08325,1.10675,5.0,9.0,13.0,4.0,8.0,12.0,11.0,17.0,23.0,-4.0,1.0,6.0,9.095,7.98825,16.563661302608526,1.10675,5.0,9.0,13.0,4.0,8.0,12.0,10.480411302608523,16.480411302608527,22.480411302608527,-4.0,1.0,6.0
2026-02-13,401828425,Loyola Chicago Ramblers,Saint Louis Billikens,,,,8.69898736350791,expected,base,4,4,abd919c973ef,a25a1e2fac05,2,1,5,10,9.23775,8.03475,17.2725,1.203,5.0,9.0,13.0,4.0,8.0,12.0,11.0,17.0,23.0,-4.0,1.0,6.0,18.33275,16.023,33.38236207890127,2.30975,13.0,18.0,25.0,11.0,16.0,22.0,24.026612078901262,33.026612078901266,43.02661207890127,-5.0,2.0,9.0
2026-02-13,401828425,Loyola Chicago Ramblers,Saint Louis Billikens,,,,8.69898736350791,expected,base,4,4,abd919c973ef,a25a1e2fac05,3,1,10,15,9.52475,8.262,17.78675,1.26275,5.0,9.0,14.0,5.0,8.0,12.0,12.0,18.0,24.0,-4.0,1.0,6.0,27.8575,24.285,49.97262279671447,3.5725,20.0,28.0,36.0,17.0,24.0,31.0,37.83012279671447,49.83012279671447,62.83012279671447,-4.0,3.0,12.0
2026-02-13,401828425,Loyola Chicago Ramblers,Saint Louis Billikens,,,,8.69898736350791,expected,base,4,4,abd919c973ef,a25a1e2fac05,4,1,15,20,9.77625,8.51875,18.295,1.2575,6.0,10.0,14.0,5.0,8.0,13.0,12.0,18.0,25.0,-4.0,1.0,7.0,37.63375,32.80375,70.4375,4.83,28.0,38.0,47.0,24.900000000000038,33.0,41.0,55.0,70.0,86.0,-4.0,5.0,14.0
2026-02-13,401828425,Loyola Chicago Ramblers,Saint Louis Billikens,,,,8.69898736350791,expected,base,4,4,abd919c973ef,a25a1e2fac05,5,2,20,25,10.284,9.30975,19.59375,0.97425,6.0,10.0,15.0,5.0,9.0,14.0,13.0,19.0,26.0,-4.0,1.0,6.0,47.91775,42.1135,87.19039317506866,5.80425,38.0,48.0,58.0,33.0,42.0,51.0,70.03441231573417,86.1683648987309,105.30231748172764,-4.0,6.0,16.0
2026-02-13,401828425,Loyola Chicago Ramblers,Saint Louis Billikens,,,,8.69898736350791,expected,base,4,4,abd919c973ef,a25a1e2fac05,6,2,25,30,10.09075,9.1665,19.25725,0.92425,6.0,10.0,15.0,5.0,9.0,14.0,13.0,19.0,26.0,-4.0,1.0,6.0,58.0085,51.28,105.028938769615,6.7285,48.0,58.0,69.0,42.0,51.0,61.0,92.5951659020951,104.90242265857356,117.71213888945732,-5.0,7.0,18.0
2026-02-13,401828425,Loyola Chicago Ramblers,Saint Louis Billikens,,,,8.69898736350791,expected,base,4,4,abd919c973ef,a25a1e2fac05,7,2,30,35,10.2925,9.4,19.6925,0.8925,6.0,10.0,15.0,5.0,9.0,14.0,13.0,19.0,27.0,-4.0,1.0,6.0,68.301,60.68,124.2930025707128,7.621,57.0,68.0,80.0,50.0,61.0,71.0,107.2030871201193,124.3319907345575,141.46089434899568,-5.0,8.0,20.0
2026-02-13,401828425,Loyola Chicago Ramblers,Saint Louis Billikens,,,,8.69898736350791,expected,base,4,4,abd919c973ef,a25a1e2fac05,8,2,35,40,11.5545,10.37375,21.92825,1.18075,7.0,11.0,16.0,6.0,10.0,15.0,15.0,22.0,29.0,-4.0,1.0,7.0,79.8555,71.05375,150.90925,8.80175,67.0,80.0,92.0,59.0,71.0,83.0,130.0,151.0,172.0,-4.0,9.0,21.0
