date,game_id,event_id,book,market,period,selection,line,price,edge,kelly,fractional,uncertainty_scale,p_over,p_under,b_over,b_under,ev_over,ev_under,prob,ev,stake
2025-11-09,401828296.0,,FanDuel,totals,,under,153.5,,-9.780059999999992,0.3105213829265827,0.5,0.3125,0.32832315098734155,0.6716768490126585,0.9090909090909091,0.9090909090909091,-0.37320125720598435,0.28229216629689335,0.6716768490126585,0.28229216629689335,0.7199976740326846
2025-11-09,401828296.0,,BetOnline.ag,totals,,under,151.0,,-7.280059999999992,0.2222533504521122,0.5,0.3125,0.3703555474037561,0.6296444525962439,0.9090909090909091,0.9090909090909091,-0.292957591320102,0.20204850041101108,0.6296444525962439,0.20204850041101108,0.7199976740326846
2025-11-09,401828296.0,,LowVig.ag,totals,,under,151.0,,-7.280059999999992,0.2222533504521122,0.5,0.3125,0.3703555474037561,0.6296444525962439,0.9090909090909091,0.9090909090909091,-0.292957591320102,0.20204850041101108,0.6296444525962439,0.20204850041101108,0.7199976740326846
2025-11-09,401828296.0,,DraftKings,totals,,under,152.5,,-8.780059999999992,0.27568457840542987,0.5,0.3125,0.34491210552122387,0.6550878944787761,0.9090909090909091,0.9090909090909091,-0.34153143491402715,0.2506223440049362,0.6550878944787761,0.2506223440049362,0.7199976740326846
2025-11-09,401828296.0,,BetMGM,totals,,under,152.5,,-8.780059999999992,0.27568457840542987,0.5,0.3125,0.34491210552122387,0.6550878944787761,0.9090909090909091,0.9090909090909091,-0.34153143491402715,0.2506223440049362,0.6550878944787761,0.2506223440049362,0.7199976740326846
2025-11-09,401828296.0,,Caesars,totals,,under,153.0,,-9.280059999999992,0.29318647014046484,0.5,0.3125,0.3365778713616834,0.6634221286383166,0.9090909090909091,0.9090909090909091,-0.35744224558224086,0.26653315467314986,0.6634221286383166,0.26653315467314986,0.7199976740326846
2025-11-09,401828296.0,,Fanatics,totals,,under,153.0,,-9.280059999999992,0.29318647014046484,0.5,0.3125,0.3365778713616834,0.6634221286383166,0.9090909090909091,0.9090909090909091,-0.35744224558224086,0.26653315467314986,0.6634221286383166,0.26653315467314986,0.7199976740326846
2025-11-09,401828296.0,,Bovada,totals,,under,153.5,,-9.780059999999992,0.3105213829265827,0.5,0.3125,0.32832315098734155,0.6716768490126585,0.9090909090909091,0.9090909090909091,-0.37320125720598435,0.28229216629689335,0.6716768490126585,0.28229216629689335,0.7199976740326846
2025-11-09,401828296.0,,BetRivers,totals,,under,153.5,,-9.780059999999992,0.3105213829265827,0.5,0.3125,0.32832315098734155,0.6716768490126585,0.9090909090909091,0.9090909090909091,-0.37320125720598435,0.28229216629689335,0.6716768490126585,0.28229216629689335,0.7199976740326846
2025-11-09,401828296.0,,BetUS,totals,,under,151.0,,-7.280059999999992,0.2222533504521122,0.5,0.3125,0.3703555474037561,0.6296444525962439,0.9090909090909091,0.9090909090909091,-0.292957591320102,0.20204850041101108,0.6296444525962439,0.20204850041101108,0.7199976740326846
2025-11-09,401812600.0,,FanDuel,totals,,under,147.5,,-6.947309999999987,0.21022745968650056,0.5,0.3125,0.3760821620540473,0.6239178379459527,0.9090909090909091,0.9090909090909091,-0.28202496335136423,0.19111587244227324,0.6239178379459527,0.19111587244227324,0.7199976740326846
2025-11-09,401812600.0,,Fanatics,totals,,under,147.5,,-6.947309999999987,0.21022745968650056,0.5,0.3125,0.3760821620540473,0.6239178379459527,0.9090909090909091,0.9090909090909091,-0.28202496335136423,0.19111587244227324,0.6239178379459527,0.19111587244227324,0.7199976740326846
2025-11-09,401812600.0,,DraftKings,totals,,under,147.5,,-6.947309999999987,0.21022745968650056,0.5,0.3125,0.3760821620540473,0.6239178379459527,0.9090909090909091,0.9090909090909091,-0.28202496335136423,0.19111587244227324,0.6239178379459527,0.19111587244227324,0.7199976740326846
2025-11-09,401812600.0,,Bovada,totals,,under,147.5,,-6.947309999999987,0.21022745968650056,0.5,0.3125,0.3760821620540473,0.6239178379459527,0.9090909090909091,0.9090909090909091,-0.28202496335136423,0.19111587244227324,0.6239178379459527,0.19111587244227324,0.7199976740326846
2025-11-09,401812600.0,,BetOnline.ag,totals,,under,147.5,,-6.947309999999987,0.21022745968650056,0.5,0.3125,0.3760821620540473,0.6239178379459527,0.9090909090909091,0.9090909090909091,-0.28202496335136423,0.19111587244227324,0.6239178379459527,0.19111587244227324,0.7199976740326846
2025-11-09,401812600.0,,LowVig.ag,totals,,under,147.5,,-6.947309999999987,0.21022745968650056,0.5,0.3125,0.3760821620540473,0.6239178379459527,0.9090909090909091,0.9090909090909091,-0.28202496335136423,0.19111587244227324,0.6239178379459527,0.19111587244227324,0.7199976740326846
2025-11-09,401812600.0,,BetMGM,totals,,under,147.5,,-6.947309999999987,0.21022745968650056,0.5,0.3125,0.3760821620540473,0.6239178379459527,0.9090909090909091,0.9090909090909091,-0.28202496335136423,0.19111587244227324,0.6239178379459527,0.19111587244227324,0.7199976740326846
2025-11-09,401812600.0,,BetRivers,totals,,under,147.5,,-6.947309999999987,0.21022745968650056,0.5,0.3125,0.3760821620540473,0.6239178379459527,0.9090909090909091,0.9090909090909091,-0.28202496335136423,0.19111587244227324,0.6239178379459527,0.19111587244227324,0.7199976740326846
2025-11-09,401823022.0,,FanDuel,totals,,under,153.5,,-17.662720000000007,0.5568360413253924,0.5,0.3125,0.21103045651171792,0.7889695434882821,0.9090909090909091,0.9090909090909091,-0.5971236739321749,0.506214583023084,0.7889695434882821,0.506214583023084,0.7199976740326846
2025-11-09,401823022.0,,Caesars,totals,,under,153.5,,-17.662720000000007,0.5568360413253924,0.5,0.3125,0.21103045651171792,0.7889695434882821,0.9090909090909091,0.9090909090909091,-0.5971236739321749,0.506214583023084,0.7889695434882821,0.506214583023084,0.7199976740326846
2025-11-09,401823022.0,,BetOnline.ag,totals,,under,153.5,,-17.662720000000007,0.5568360413253924,0.5,0.3125,0.21103045651171792,0.7889695434882821,0.9090909090909091,0.9090909090909091,-0.5971236739321749,0.506214583023084,0.7889695434882821,0.506214583023084,0.7199976740326846
2025-11-09,401823022.0,,LowVig.ag,totals,,under,153.5,,-17.662720000000007,0.5568360413253924,0.5,0.3125,0.21103045651171792,0.7889695434882821,0.9090909090909091,0.9090909090909091,-0.5971236739321749,0.506214583023084,0.7889695434882821,0.506214583023084,0.7199976740326846
2025-11-09,401823022.0,,DraftKings,totals,,under,153.5,,-17.662720000000007,0.5568360413253924,0.5,0.3125,0.21103045651171792,0.7889695434882821,0.9090909090909091,0.9090909090909091,-0.5971236739321749,0.506214583023084,0.7889695434882821,0.506214583023084,0.7199976740326846
2025-11-09,401823022.0,,Bovada,totals,,under,153.5,,-17.662720000000007,0.5568360413253924,0.5,0.3125,0.21103045651171792,0.7889695434882821,0.9090909090909091,0.9090909090909091,-0.5971236739321749,0.506214583023084,0.7889695434882821,0.506214583023084,0.7199976740326846
2025-11-09,401823022.0,,BetMGM,totals,,under,153.5,,-17.662720000000007,0.5568360413253924,0.5,0.3125,0.21103045651171792,0.7889695434882821,0.9090909090909091,0.9090909090909091,-0.5971236739321749,0.506214583023084,0.7889695434882821,0.506214583023084,0.7199976740326846
2025-11-09,401823022.0,,Fanatics,totals,,under,153.5,,-17.662720000000007,0.5568360413253924,0.5,0.3125,0.21103045651171792,0.7889695434882821,0.9090909090909091,0.9090909090909091,-0.5971236739321749,0.506214583023084,0.7889695434882821,0.506214583023084,0.7199976740326846
2025-11-09,401823022.0,,BetRivers,totals,,under,152.5,,-16.662720000000007,0.5287469442550188,0.5,0.3125,0.2244062170214196,0.7755937829785804,0.9090909090909091,0.9090909090909091,-0.5715881311409262,0.4806790402318353,0.7755937829785804,0.4806790402318353,0.7199976740326846
2025-11-09,401823022.0,,BetUS,totals,,under,153.5,,-17.662720000000007,0.5568360413253924,0.5,0.3125,0.21103045651171792,0.7889695434882821,0.9090909090909091,0.9090909090909091,-0.5971236739321749,0.506214583023084,0.7889695434882821,0.506214583023084,0.7199976740326846
2025-11-09,401823417.0,,DraftKings,totals,,under,157.5,,-13.58975000000001,0.43639924575602973,0.5,0.3125,0.26838131154474776,0.7316186884552522,0.9090909090909091,0.9090909090909091,-0.48763567796002705,0.3967265870509361,0.7316186884552522,0.3967265870509361,0.7199976740326846
2025-11-09,401823417.0,,BetOnline.ag,totals,,under,157.0,,-13.08975000000001,0.42055637969643433,0.5,0.3125,0.2759255334778884,0.7240744665221116,0.9090909090909091,0.9090909090909091,-0.47323307245130397,0.38232398154221303,0.7240744665221116,0.38232398154221303,0.7199976740326846
2025-11-09,401823417.0,,Fanatics,totals,,under,157.5,,-13.58975000000001,0.43639924575602973,0.5,0.3125,0.26838131154474776,0.7316186884552522,0.9090909090909091,0.9090909090909091,-0.48763567796002705,0.3967265870509361,0.7316186884552522,0.3967265870509361,0.7199976740326846
2025-11-09,401823417.0,,LowVig.ag,totals,,under,157.0,,-13.08975000000001,0.42055637969643433,0.5,0.3125,0.2759255334778884,0.7240744665221116,0.9090909090909091,0.9090909090909091,-0.47323307245130397,0.38232398154221303,0.7240744665221116,0.38232398154221303,0.7199976740326846
2025-11-09,401813320.0,,DraftKings,totals,,over,140.5,,1.8014200000000073,0.018523031553128674,0.5,0.3125,0.5326300150252994,0.46736998497470056,0.9090909090909091,0.9090909090909091,0.016839119593753338,-0.10774821050284433,0.5326300150252994,0.016839119593753338,0.0694611439285764
2025-11-09,401813320.0,,BetOnline.ag,totals,,over,140.0,,2.3014200000000073,0.03748045663522833,0.5,0.3125,0.5416573603024897,0.4583426396975104,0.9090909090909091,0.9090909090909091,0.034073142395662115,-0.124982233304753,0.5416573603024897,0.034073142395662115,0.14055125832837134
2025-11-09,401813320.0,,LowVig.ag,totals,,over,140.0,,2.3014200000000073,0.03748045663522833,0.5,0.3125,0.5416573603024897,0.4583426396975104,0.9090909090909091,0.9090909090909091,0.034073142395662115,-0.124982233304753,0.5416573603024897,0.034073142395662115,0.14055125832837134
2025-11-09,401813320.0,,FanDuel,totals,,over,140.5,,1.8014200000000073,0.018523031553128674,0.5,0.3125,0.5326300150252994,0.46736998497470056,0.9090909090909091,0.9090909090909091,0.016839119593753338,-0.10774821050284433,0.5326300150252994,0.016839119593753338,0.0694611439285764
2025-11-09,401813320.0,,BetMGM,totals,,over,140.5,,1.8014200000000073,0.018523031553128674,0.5,0.3125,0.5326300150252994,0.46736998497470056,0.9090909090909091,0.9090909090909091,0.016839119593753338,-0.10774821050284433,0.5326300150252994,0.016839119593753338,0.0694611439285764
2025-11-09,401813320.0,,Caesars,totals,,over,140.0,,2.3014200000000073,0.03748045663522833,0.5,0.3125,0.5416573603024897,0.4583426396975104,0.9090909090909091,0.9090909090909091,0.034073142395662115,-0.124982233304753,0.5416573603024897,0.034073142395662115,0.14055125832837134
2025-11-09,401813320.0,,Bovada,totals,,over,140.0,,2.3014200000000073,0.03748045663522833,0.5,0.3125,0.5416573603024897,0.4583426396975104,0.9090909090909091,0.9090909090909091,0.034073142395662115,-0.124982233304753,0.5416573603024897,0.034073142395662115,0.14055125832837134
2025-11-09,401813320.0,,Fanatics,totals,,over,140.0,,2.3014200000000073,0.03748045663522833,0.5,0.3125,0.5416573603024897,0.4583426396975104,0.9090909090909091,0.9090909090909091,0.034073142395662115,-0.124982233304753,0.5416573603024897,0.034073142395662115,0.14055125832837134
2025-11-09,401813320.0,,BetRivers,totals,,over,140.5,,1.8014200000000073,0.018523031553128674,0.5,0.3125,0.5326300150252994,0.46736998497470056,0.9090909090909091,0.9090909090909091,0.016839119593753338,-0.10774821050284433,0.5326300150252994,0.016839119593753338,0.0694611439285764
2025-11-09,401813320.0,,BetUS,totals,,over,140.0,,2.3014200000000073,0.03748045663522833,0.5,0.3125,0.5416573603024897,0.4583426396975104,0.9090909090909091,0.9090909090909091,0.034073142395662115,-0.124982233304753,0.5416573603024897,0.034073142395662115,0.14055125832837134
2025-11-09,401823485.0,,DraftKings,totals,,under,161.5,,-20.069349999999986,0.6202772472169156,0.5,0.3125,0.1808203584681355,0.8191796415318645,0.9090909090909091,0.9090909090909091,-0.6547974974699231,0.5638884065608323,0.8191796415318645,0.5638884065608323,0.7199976740326846
2025-11-09,401823485.0,,BetOnline.ag,totals,,under,162.5,,-21.069349999999986,0.6448740367064885,0.5,0.3125,0.16910760156833882,0.8308923984316612,0.9090909090909091,0.9090909090909091,-0.6771582151877168,0.5862491242786259,0.8308923984316612,0.5862491242786259,0.7199976740326846
2025-11-09,401823485.0,,Fanatics,totals,,under,161.5,,-20.069349999999986,0.6202772472169156,0.5,0.3125,0.1808203584681355,0.8191796415318645,0.9090909090909091,0.9090909090909091,-0.6547974974699231,0.5638884065608323,0.8191796415318645,0.5638884065608323,0.7199976740326846
2025-11-09,401823485.0,,LowVig.ag,totals,,under,162.5,,-21.069349999999986,0.6448740367064885,0.5,0.3125,0.16910760156833882,0.8308923984316612,0.9090909090909091,0.9090909090909091,-0.6771582151877168,0.5862491242786259,0.8308923984316612,0.5862491242786259,0.7199976740326846
2025-11-09,401823515.0,,FanDuel,totals,,under,160.5,,-20.290940000000006,0.6258177421865297,0.5,0.3125,0.17818202753022394,0.8218179724697761,0.9090909090909091,0.9090909090909091,-0.6598343110786634,0.5689252201695725,0.8218179724697761,0.5689252201695725,0.7199976740326846
2025-11-09,401823515.0,,BetOnline.ag,totals,,under,161.0,,-20.790940000000006,0.6381310839892055,0.5,0.3125,0.17231853143371167,0.8276814685662883,0.9090909090909091,0.9090909090909091,-0.671028258172005,0.580119167262914,0.8276814685662883,0.580119167262914,0.7199976740326846
2025-11-09,401823515.0,,LowVig.ag,totals,,under,161.0,,-20.790940000000006,0.6381310839892055,0.5,0.3125,0.17231853143371167,0.8276814685662883,0.9090909090909091,0.9090909090909091,-0.671028258172005,0.580119167262914,0.8276814685662883,0.580119167262914,0.7199976740326846
2025-11-09,401823515.0,,DraftKings,totals,,under,160.5,,-20.290940000000006,0.6258177421865297,0.5,0.3125,0.17818202753022394,0.8218179724697761,0.9090909090909091,0.9090909090909091,-0.6598343110786634,0.5689252201695725,0.8218179724697761,0.5689252201695725,0.7199976740326846
2025-11-09,401823515.0,,BetMGM,totals,,under,160.5,,-20.290940000000006,0.6258177421865297,0.5,0.3125,0.17818202753022394,0.8218179724697761,0.9090909090909091,0.9090909090909091,-0.6598343110786634,0.5689252201695725,0.8218179724697761,0.5689252201695725,0.7199976740326846
2025-11-09,401823515.0,,Caesars,totals,,under,161.0,,-20.790940000000006,0.6381310839892055,0.5,0.3125,0.17231853143371167,0.8276814685662883,0.9090909090909091,0.9090909090909091,-0.671028258172005,0.580119167262914,0.8276814685662883,0.580119167262914,0.7199976740326846
2025-11-09,401823515.0,,Bovada,totals,,under,160.0,,-19.790940000000006,0.6132435787664557,0.5,0.3125,0.1841697243969258,0.8158302756030742,0.9090909090909091,0.9090909090909091,-0.6484032534240507,0.5574941625149598,0.8158302756030742,0.5574941625149598,0.7199976740326846
2025-11-09,401823515.0,,BetUS,totals,,under,161.0,,-20.790940000000006,0.6381310839892055,0.5,0.3125,0.17231853143371167,0.8276814685662883,0.9090909090909091,0.9090909090909091,-0.671028258172005,0.580119167262914,0.8276814685662883,0.580119167262914,0.7199976740326846
2025-11-09,401823515.0,,BetRivers,totals,,under,160.5,,-20.290940000000006,0.6258177421865297,0.5,0.3125,0.17818202753022394,0.8218179724697761,0.9090909090909091,0.9090909090909091,-0.6598343110786634,0.5689252201695725,0.8218179724697761,0.5689252201695725,0.7199976740326846
2025-11-09,401823515.0,,Fanatics,totals,,under,160.0,,-19.790940000000006,0.6132435787664557,0.5,0.3125,0.1841697243969258,0.8158302756030742,0.9090909090909091,0.9090909090909091,-0.6484032534240507,0.5574941625149598,0.8158302756030742,0.5574941625149598,0.7199976740326846
2025-11-09,401824089.0,,FanDuel,totals,,under,153.5,,-11.318309999999997,0.3627293980366702,0.5,0.3125,0.3034621914111094,0.6965378085888906,0.9090909090909091,0.9090909090909091,-0.42066308912424566,0.3297539982151547,0.6965378085888906,0.3297539982151547,0.7199976740326846
2025-11-09,401824089.0,,LowVig.ag,totals,,under,152.5,,-10.318309999999997,0.328987457731662,0.5,0.3125,0.3195297820325419,0.6804702179674581,0.9090909090909091,0.9090909090909091,-0.38998859793787455,0.2990795070287836,0.6804702179674581,0.2990795070287836,0.7199976740326846
2025-11-09,401824089.0,,BetOnline.ag,totals,,under,152.5,,-10.318309999999997,0.328987457731662,0.5,0.3125,0.3195297820325419,0.6804702179674581,0.9090909090909091,0.9090909090909091,-0.38998859793787455,0.2990795070287836,0.6804702179674581,0.2990795070287836,0.7199976740326846
2025-11-09,401824089.0,,DraftKings,totals,,under,152.5,,-10.318309999999997,0.328987457731662,0.5,0.3125,0.3195297820325419,0.6804702179674581,0.9090909090909091,0.9090909090909091,-0.38998859793787455,0.2990795070287836,0.6804702179674581,0.2990795070287836,0.7199976740326846
2025-11-09,401824089.0,,BetMGM,totals,,under,153.5,,-11.318309999999997,0.3627293980366702,0.5,0.3125,0.3034621914111094,0.6965378085888906,0.9090909090909091,0.9090909090909091,-0.42066308912424566,0.3297539982151547,0.6965378085888906,0.3297539982151547,0.7199976740326846
2025-11-09,401824089.0,,Caesars,totals,,under,152.5,,-10.318309999999997,0.328987457731662,0.5,0.3125,0.3195297820325419,0.6804702179674581,0.9090909090909091,0.9090909090909091,-0.38998859793787455,0.2990795070287836,0.6804702179674581,0.2990795070287836,0.7199976740326846
2025-11-09,401824089.0,,Bovada,totals,,under,153.5,,-11.318309999999997,0.3627293980366702,0.5,0.3125,0.3034621914111094,0.6965378085888906,0.9090909090909091,0.9090909090909091,-0.42066308912424566,0.3297539982151547,0.6965378085888906,0.3297539982151547,0.7199976740326846
2025-11-09,401824089.0,,BetRivers,totals,,under,152.5,,-10.318309999999997,0.328987457731662,0.5,0.3125,0.3195297820325419,0.6804702179674581,0.9090909090909091,0.9090909090909091,-0.38998859793787455,0.2990795070287836,0.6804702179674581,0.2990795070287836,0.7199976740326846
2025-11-09,401824089.0,,BetUS,totals,,under,152.5,,-10.318309999999997,0.328987457731662,0.5,0.3125,0.3195297820325419,0.6804702179674581,0.9090909090909091,0.9090909090909091,-0.38998859793787455,0.2990795070287836,0.6804702179674581,0.2990795070287836,0.7199976740326846
2025-11-09,401826772.0,,FanDuel,totals,,under,151.5,,-15.282150000000001,0.4883571092807979,0.5,0.3125,0.2436394717710486,0.7563605282289514,0.9090909090909091,0.9090909090909091,-0.5348700993461799,0.44396100843708897,0.7563605282289514,0.44396100843708897,0.7199976740326846
2025-11-09,401823858.0,,FanDuel,totals,,under,160.5,,-11.49933999999999,0.36875581672519026,0.5,0.3125,0.30059246822609986,0.6994075317739001,0.9090909090909091,0.9090909090909091,-0.4261416515683548,0.3352325606592639,0.6994075317739001,0.3352325606592639,0.7199976740326846
2025-11-09,401823858.0,,LowVig.ag,totals,,under,161.0,,-11.99933999999999,0.3852653592050738,0.5,0.3125,0.29273078133091723,0.7072692186690828,0.9090909090909091,0.9090909090909091,-0.4411503265500671,0.3502412356409762,0.7072692186690828,0.3502412356409762,0.7199976740326846
2025-11-09,401823858.0,,BetOnline.ag,totals,,under,161.0,,-11.99933999999999,0.3852653592050738,0.5,0.3125,0.29273078133091723,0.7072692186690828,0.9090909090909091,0.9090909090909091,-0.4411503265500671,0.3502412356409762,0.7072692186690828,0.3502412356409762,0.7199976740326846
2025-11-09,401823858.0,,DraftKings,totals,,under,161.5,,-12.49933999999999,0.401571521104532,0.5,0.3125,0.2849659423311752,0.7150340576688248,0.9090909090909091,0.9090909090909091,-0.45597411009502914,0.36506501918593814,0.7150340576688248,0.36506501918593814,0.7199976740326846
2025-11-09,401823858.0,,BetMGM,totals,,under,161.5,,-12.49933999999999,0.401571521104532,0.5,0.3125,0.2849659423311752,0.7150340576688248,0.9090909090909091,0.9090909090909091,-0.45597411009502914,0.36506501918593814,0.7150340576688248,0.36506501918593814,0.7199976740326846
2025-11-09,401823858.0,,Caesars,totals,,under,161.0,,-11.99933999999999,0.3852653592050738,0.5,0.3125,0.29273078133091723,0.7072692186690828,0.9090909090909091,0.9090909090909091,-0.4411503265500671,0.3502412356409762,0.7072692186690828,0.3502412356409762,0.7199976740326846
2025-11-09,401823858.0,,Bovada,totals,,under,161.0,,-11.99933999999999,0.3852653592050738,0.5,0.3125,0.29273078133091723,0.7072692186690828,0.9090909090909091,0.9090909090909091,-0.4411503265500671,0.3502412356409762,0.7072692186690828,0.3502412356409762,0.7199976740326846
2025-11-09,401823858.0,,BetRivers,totals,,under,160.5,,-11.49933999999999,0.36875581672519026,0.5,0.3125,0.30059246822609986,0.6994075317739001,0.9090909090909091,0.9090909090909091,-0.4261416515683548,0.3352325606592639,0.6994075317739001,0.3352325606592639,0.7199976740326846
2025-11-09,401823858.0,,BetUS,totals,,under,161.0,,-11.99933999999999,0.3852653592050738,0.5,0.3125,0.29273078133091723,0.7072692186690828,0.9090909090909091,0.9090909090909091,-0.4411503265500671,0.3502412356409762,0.7072692186690828,0.3502412356409762,0.7199976740326846
2025-11-09,401827257.0,,FanDuel,totals,,under,150.5,,-5.911380000000008,0.1724306860139231,0.5,0.3125,0.3940806257076557,0.6059193742923443,0.9090909090909091,0.9090909090909091,-0.24766426001265734,0.15675516910356646,0.6059193742923443,0.15675516910356646,0.64661298365565
2025-11-09,401827257.0,,BetOnline.ag,totals,,under,151.0,,-6.411380000000008,0.19073848342593797,0.5,0.3125,0.38536262694002954,0.6146373730599705,0.9090909090909091,0.9090909090909091,-0.26430771220539817,0.17339862129630723,0.6146373730599705,0.17339862129630723,0.7152670021624848
2025-11-09,401827257.0,,LowVig.ag,totals,,under,151.0,,-6.411380000000008,0.19073848342593797,0.5,0.3125,0.38536262694002954,0.6146373730599705,0.9090909090909091,0.9090909090909091,-0.26430771220539817,0.17339862129630723,0.6146373730599705,0.17339862129630723,0.7152670021624848
2025-11-09,401827257.0,,DraftKings,totals,,under,151.5,,-6.911380000000008,0.2089254281863656,0.5,0.3125,0.3767021770541116,0.6232978229458884,0.9090909090909091,0.9090909090909091,-0.28084129835124155,0.18993220744215056,0.6232978229458884,0.18993220744215056,0.7199976740326846
2025-11-09,401827257.0,,BetMGM,totals,,under,151.5,,-6.911380000000008,0.2089254281863656,0.5,0.3125,0.3767021770541116,0.6232978229458884,0.9090909090909091,0.9090909090909091,-0.28084129835124155,0.18993220744215056,0.6232978229458884,0.18993220744215056,0.7199976740326846
2025-11-09,401827257.0,,Caesars,totals,,under,151.5,,-6.911380000000008,0.2089254281863656,0.5,0.3125,0.3767021770541116,0.6232978229458884,0.9090909090909091,0.9090909090909091,-0.28084129835124155,0.18993220744215056,0.6232978229458884,0.18993220744215056,0.7199976740326846
2025-11-09,401827257.0,,Bovada,totals,,under,151.5,,-6.911380000000008,0.2089254281863656,0.5,0.3125,0.3767021770541116,0.6232978229458884,0.9090909090909091,0.9090909090909091,-0.28084129835124155,0.18993220744215056,0.6232978229458884,0.18993220744215056,0.7199976740326846
2025-11-09,401827257.0,,BetUS,totals,,under,151.0,,-6.411380000000008,0.19073848342593797,0.5,0.3125,0.38536262694002954,0.6146373730599705,0.9090909090909091,0.9090909090909091,-0.26430771220539817,0.17339862129630723,0.6146373730599705,0.17339862129630723,0.7152670021624848
2025-11-09,401827257.0,,BetRivers,totals,,under,150.5,,-5.911380000000008,0.1724306860139231,0.5,0.3125,0.3940806257076557,0.6059193742923443,0.9090909090909091,0.9090909090909091,-0.24766426001265734,0.15675516910356646,0.6059193742923443,0.15675516910356646,0.64661298365565
2025-11-09,401819824.0,,DraftKings,totals,,under,155.5,,-14.257859999999994,0.45722321738570054,0.5,0.3125,0.25846513457823783,0.7415348654217622,0.9090909090909091,0.9090909090909091,-0.5065665612597278,0.4156574703506368,0.7415348654217622,0.4156574703506368,0.7199976740326846
2025-11-09,401819824.0,,BetOnline.ag,totals,,under,155.0,,-13.757859999999994,0.4416765717305843,0.5,0.3125,0.26586829917591226,0.7341317008240877,0.9090909090909091,0.9090909090909091,-0.4924332470278039,0.40152415611871295,0.7341317008240877,0.40152415611871295,0.7199976740326846
2025-11-09,401819824.0,,LowVig.ag,totals,,under,155.0,,-13.757859999999994,0.4416765717305843,0.5,0.3125,0.26586829917591226,0.7341317008240877,0.9090909090909091,0.9090909090909091,-0.4924332470278039,0.40152415611871295,0.7341317008240877,0.40152415611871295,0.7199976740326846
2025-11-09,401819824.0,,Caesars,totals,,under,155.5,,-14.257859999999994,0.45722321738570054,0.5,0.3125,0.25846513457823783,0.7415348654217622,0.9090909090909091,0.9090909090909091,-0.5065665612597278,0.4156574703506368,0.7415348654217622,0.4156574703506368,0.7199976740326846
2025-11-09,401819824.0,,BetMGM,totals,,under,155.5,,-14.257859999999994,0.45722321738570054,0.5,0.3125,0.25846513457823783,0.7415348654217622,0.9090909090909091,0.9090909090909091,-0.5065665612597278,0.4156574703506368,0.7415348654217622,0.4156574703506368,0.7199976740326846
2025-11-09,401819824.0,,Bovada,totals,,under,155.5,,-14.257859999999994,0.45722321738570054,0.5,0.3125,0.25846513457823783,0.7415348654217622,0.9090909090909091,0.9090909090909091,-0.5065665612597278,0.4156574703506368,0.7415348654217622,0.4156574703506368,0.7199976740326846
2025-11-09,401819824.0,,BetUS,totals,,under,155.0,,-13.757859999999994,0.4416765717305843,0.5,0.3125,0.26586829917591226,0.7341317008240877,0.9090909090909091,0.9090909090909091,-0.4924332470278039,0.40152415611871295,0.7341317008240877,0.40152415611871295,0.7199976740326846
2025-11-09,401819824.0,,BetRivers,totals,,under,155.5,,-14.257859999999994,0.45722321738570054,0.5,0.3125,0.25846513457823783,0.7415348654217622,0.9090909090909091,0.9090909090909091,-0.5065665612597278,0.4156574703506368,0.7415348654217622,0.4156574703506368,0.7199976740326846
